-- phpMyAdmin SQL Dump
-- version 5.2.0
-- https://www.phpmyadmin.net/
--
-- Host: localhost:3306
-- Generation Time: Apr 29, 2025 at 06:28 AM
-- Server version: 8.0.30
-- PHP Version: 8.1.10

SET SQL_MODE = "NO_AUTO_VALUE_ON_ZERO";
START TRANSACTION;
SET time_zone = "+00:00";


/*!40101 SET @OLD_CHARACTER_SET_CLIENT=@@CHARACTER_SET_CLIENT */;
/*!40101 SET @OLD_CHARACTER_SET_RESULTS=@@CHARACTER_SET_RESULTS */;
/*!40101 SET @OLD_COLLATION_CONNECTION=@@COLLATION_CONNECTION */;
/*!40101 SET NAMES utf8mb4 */;

--
-- Database: `vaxms`
--

-- --------------------------------------------------------

--
-- Table structure for table `account`
--

CREATE TABLE `account` (
  `account_id` bigint NOT NULL,
  `email` varchar(100) DEFAULT NULL,
  `password` varchar(255) DEFAULT NULL,
  `google_id` varchar(100) DEFAULT NULL,
  `phone_number` varchar(15) DEFAULT NULL,
  `login_type` enum('standard','google','phone') DEFAULT 'standard',
  `activation_key` varchar(100) DEFAULT NULL,
  `actived` bit(1) DEFAULT NULL,
  `authority_id` bigint NOT NULL,
  `created_date` datetime DEFAULT CURRENT_TIMESTAMP,
  `remember_key` varchar(255) DEFAULT NULL
) ENGINE=InnoDB DEFAULT CHARSET=utf8mb4 COLLATE=utf8mb4_0900_ai_ci;

--
-- Dumping data for table `account`
--

INSERT INTO `account` (`account_id`, `email`, `password`, `google_id`, `phone_number`, `login_type`, `activation_key`, `actived`, `authority_id`, `created_date`, `remember_key`) VALUES
(1, 'admin@vaxms.com', '$2a$10$w1d3F6qo5Ev5Pzb42PvCIe7JD8x0eBzfIPs1djHxnt0aqGG10Gub.', NULL, '0123456789', 'standard', NULL, b'0', 1, '2024-08-27 00:00:00', NULL),
(2, 'doctor@vaxms.com', '$2a$10$oDC.V0fHxcXy9rY9CVp0oOpdDb3krxXgi19l2G0aSwOUalQcNQ.pW', NULL, '0987654321', 'standard', NULL, b'1', 3, '2024-08-27 00:00:00', NULL),
(3, 'nurse@vaxms.com', '$2a$10$oDC.V0fHxcXy9rY9CVp0oOpdDb3krxXgi19l2G0aSwOUalQcNQ.pW', NULL, '0223344556', 'standard', NULL, b'1', 3, '2024-08-27 16:20:27', NULL),
(4, 'hieutran2102000@gmail.com', '$2a$10$oDC.V0fHxcXy9rY9CVp0oOpdDb3krxXgi19l2G0aSwOUalQcNQ.pW', NULL, '0998877665', 'standard', NULL, b'1', 3, '2024-08-27 00:00:00', NULL),
(5, 'support@vaxms.com', '$2a$10$oDC.V0fHxcXy9rY9CVp0oOpdDb3krxXgi19l2G0aSwOUalQcNQ.pW', NULL, '0112233445', 'standard', NULL, b'1', 5, '2024-08-27 00:00:00', NULL),
(6, 'hieutran02102804@gmail.com', NULL, NULL, NULL, 'google', NULL, b'1', 2, '2024-09-08 00:00:00', NULL),
(7, 'hieuvnua1@gmail.com', NULL, NULL, NULL, 'google', NULL, b'1', 2, '2024-10-16 00:00:00', NULL),
(8, 'hieuvnua3@gmail.com', NULL, NULL, NULL, 'google', NULL, b'1', 3, '2024-10-16 00:00:00', NULL),
(9, 'vanduc140202@gmail.com', '$2a$10$oDC.V0fHxcXy9rY9CVp0oOpdDb3krxXgi19l2G0aSwOUalQcNQ.pW', NULL, NULL, 'google', NULL, b'1', 4, '2024-12-18 00:00:00', NULL),
(10, 'duynvde160530@fpt.edu.vn', '$2a$10$oDC.V0fHxcXy9rY9CVp0oOpdDb3krxXgi19l2G0aSwOUalQcNQ.pW', NULL, NULL, 'standard', NULL, b'1', 4, '2024-12-18 00:00:00', NULL),
(11, 'danggiahuy17092023@gmail.com', NULL, NULL, NULL, 'google', NULL, b'1', 5, '2024-12-18 00:00:00', NULL),
(12, 'ducanhlv142@gmail.com', '$2a$10$oDC.V0fHxcXy9rY9CVp0oOpdDb3krxXgi19l2G0aSwOUalQcNQ.pW', NULL, NULL, 'standard', NULL, b'1', 3, '2024-12-18 00:00:00', '851466'),
(13, 'anltbde160203@fpt.edu.vn', NULL, NULL, NULL, 'google', NULL, b'1', 4, '2024-12-18 00:00:00', NULL),
(14, 'duclvde160146@fpt.edu.vn', NULL, NULL, NULL, 'google', NULL, b'1', 1, '2024-12-18 00:00:00', NULL),
(15, 'leq58655@gmail.com', NULL, NULL, NULL, 'google', NULL, b'1', 1, '2024-12-18 00:00:00', NULL),
(16, 'cphuoc281@gmail.com', NULL, NULL, NULL, 'google', NULL, b'1', 3, '2024-12-18 00:00:00', NULL),
(17, 'phuonglmde170006@fpt.edu.vn', NULL, NULL, NULL, 'google', NULL, b'1', 1, '2024-12-18 00:00:00', NULL),
(19, 'vulqde160216@fpt.edu.vn', NULL, NULL, NULL, 'google', NULL, b'1', 5, '2024-12-18 00:00:00', NULL),
(20, 'maiphuong1232003@gmail.com', '$2a$10$mhJxmcxPHP7ouAUZ8lQ5pOVn7nwYcVEGIgs5IZXcmTIOW6uOrb2w.', NULL, NULL, 'standard', NULL, b'1', 3, '2024-12-18 00:00:00', '864777'),
(21, 'lethanhduc666@gmail.com', NULL, NULL, NULL, 'google', NULL, b'1', 4, '2024-12-19 00:00:00', NULL),
(22, 'hvagency2022@gmail.com', NULL, NULL, NULL, 'google', NULL, b'1', 4, '2024-12-20 00:00:00', NULL),
(23, 'dev002102@gmail.com', NULL, NULL, NULL, 'google', NULL, b'1', 4, '2024-12-20 00:00:00', NULL),
(24, 'huaphuoc281@gmail.com', '$2a$10$uDt7DsjUFJ..luoR1X3ZJOBXwAOCCWMoLY0q3KPy9NNQkaNyRQ8mq', NULL, '1', 'standard', NULL, b'1', 4, '2024-12-22 00:00:00', NULL),
(25, 'hvagency27092019@gmail.com', NULL, NULL, NULL, 'google', NULL, b'1', 4, '2024-12-22 00:00:00', NULL),
(26, 'thanhminh.nt@gmail.com', NULL, NULL, '0911123456', 'google', NULL, b'1', 3, '2024-12-22 00:00:00', NULL),
(27, 'yenphuong.le@yahoo.com', NULL, NULL, '0912234567', 'google', NULL, b'1', 3, '2024-12-22 00:00:00', NULL),
(28, 'hoanganh1990@outlook.com', NULL, NULL, '0913345678', 'google', NULL, b'1', 3, '2024-12-22 00:00:00', NULL),
(29, 'haivan.tran@gmail.com', NULL, NULL, '0914456789', 'google', NULL, b'1', 3, '2024-12-22 00:00:00', NULL),
(30, 'minhduc2024@vaxms.com', NULL, NULL, '0915567890', 'google', NULL, b'1', 3, '2024-12-22 00:00:00', NULL),
(31, 'nguyenthuy.tt@gmail.com', NULL, NULL, '0916678901', 'google', NULL, b'1', 3, '2024-12-22 00:00:00', NULL),
(32, 'lethaibaoan1807@gmail.com', NULL, NULL, NULL, 'google', NULL, b'1', 4, '2024-12-23 00:00:00', NULL),
(33, 'phuochcde150103@fpt.edu.vn', NULL, NULL, NULL, 'google', NULL, b'1', 4, '2024-12-23 00:00:00', NULL),
(34, 'midassassin2002@gmail.com', NULL, NULL, NULL, 'google', NULL, b'1', 4, '2024-12-23 00:00:00', NULL),
(35, 'antran1932002@gmail.com', NULL, NULL, NULL, 'google', NULL, b'1', 4, '2024-12-23 00:00:00', NULL),
(36, 'anttda160055@fpt.edu.vn', '$2a$10$Vlb9gIAmGi/GojxebW0ER.G/v4NgViPvHBa7xslnLhTvIusoilZZe', NULL, '0898696854', 'standard', NULL, b'1', 4, '2024-12-23 00:00:00', NULL),
(37, 'kolflda142@gmail.com', NULL, NULL, NULL, 'google', NULL, b'1', 4, '2025-04-23 00:00:00', NULL);

-- --------------------------------------------------------

--
-- Table structure for table `age_groups`
--

CREATE TABLE `age_groups` (
  `age_group_id` bigint NOT NULL,
  `age_range` varchar(50) NOT NULL,
  `created_date` datetime DEFAULT CURRENT_TIMESTAMP
) ENGINE=InnoDB DEFAULT CHARSET=utf8mb4 COLLATE=utf8mb4_0900_ai_ci;

--
-- Dumping data for table `age_groups`
--

INSERT INTO `age_groups` (`age_group_id`, `age_range`, `created_date`) VALUES
(1, '0-6 tháng', '2024-08-27 16:20:27'),
(2, '6-12 tháng', '2024-08-27 16:20:27'),
(3, 'từ 12 tháng tuổi trở lên', '2024-08-27 16:20:27'),
(4, '1-3 tuổi', '2024-08-27 16:20:27'),
(5, 'tuổi tiền học đường', '2024-08-27 16:20:27'),
(6, '4-7 tuổi', '2024-08-27 16:20:27'),
(7, 'Tuổi vị thành niên', '2024-08-27 16:20:27'),
(8, 'Phụ nữ trước mang thai', '2024-08-27 16:20:27'),
(9, 'Tuổi trưởng thành', '2024-08-27 16:20:27'),
(10, 'Người cao tuổi', '2024-08-27 16:20:27');

-- --------------------------------------------------------

--
-- Table structure for table `authority`
--

CREATE TABLE `authority` (
  `authority_id` bigint NOT NULL,
  `name` varchar(50) NOT NULL
) ENGINE=InnoDB DEFAULT CHARSET=utf8mb4 COLLATE=utf8mb4_0900_ai_ci;

--
-- Dumping data for table `authority`
--

INSERT INTO `authority` (`authority_id`, `name`) VALUES
(1, 'Admin'),
(2, 'Doctor'),
(3, 'Nurse'),
(4, 'Customer'),
(5, 'Support Staff');

-- --------------------------------------------------------

--
-- Table structure for table `centers`
--

CREATE TABLE `centers` (
  `center_id` bigint NOT NULL,
  `center_name` varchar(255) NOT NULL,
  `city` varchar(100) NOT NULL,
  `district` varchar(100) NOT NULL,
  `ward` varchar(100) NOT NULL,
  `street` varchar(255) DEFAULT NULL,
  `created_date` datetime DEFAULT CURRENT_TIMESTAMP
) ENGINE=InnoDB DEFAULT CHARSET=utf8mb4 COLLATE=utf8mb4_0900_ai_ci;

--
-- Dumping data for table `centers`
--

INSERT INTO `centers` (`center_id`, `center_name`, `city`, `district`, `ward`, `street`, `created_date`) VALUES
(1, 'VaxFUDA ', 'Da Nang', 'Ngu Hanh Son', 'Hoa Hai', 'FPT city', '2024-08-27 16:20:27');

-- --------------------------------------------------------

--
-- Table structure for table `chatting`
--

CREATE TABLE `chatting` (
  `id` bigint NOT NULL,
  `content` varchar(255) DEFAULT NULL,
  `created_date` datetime DEFAULT NULL,
  `receiver` bigint DEFAULT NULL,
  `sender` bigint DEFAULT NULL,
  `file_name` varchar(255) DEFAULT NULL,
  `type_file` int DEFAULT NULL,
  `is_file` bit(1) DEFAULT NULL
) ENGINE=InnoDB DEFAULT CHARSET=utf8mb4 COLLATE=utf8mb4_0900_ai_ci;

--
-- Dumping data for table `chatting`
--

INSERT INTO `chatting` (`id`, `content`, `created_date`, `receiver`, `sender`, `file_name`, `type_file`, `is_file`) VALUES
(1, 'hehehe', '2024-09-09 16:42:13', NULL, 4, NULL, NULL, NULL),
(2, 'oke babayt', '2024-09-09 16:43:34', NULL, 4, NULL, NULL, NULL),
(3, 'hehehe oke đấy', '2024-09-09 16:43:44', NULL, 4, NULL, NULL, NULL),
(4, 'test h', '2024-09-09 19:38:33', NULL, 4, NULL, NULL, NULL),
(5, 'fwefwef', '2024-09-09 19:39:56', NULL, 4, NULL, NULL, NULL),
(6, 'oke hehehe', '2024-09-09 19:41:02', NULL, 4, NULL, NULL, NULL),
(7, 'heheheh oke admin', '2024-09-09 19:42:05', NULL, 4, NULL, NULL, NULL),
(8, 'test key enter', '2024-09-09 19:45:03', NULL, 4, NULL, NULL, NULL),
(9, 'hi customer', '2024-09-09 20:18:51', 4, 5, NULL, NULL, NULL),
(10, 'tôi là staff', '2024-09-09 20:19:11', 4, 5, NULL, NULL, NULL),
(11, 'hehehe tét', '2024-09-09 20:19:45', 4, 5, NULL, NULL, NULL),
(12, 'cuộn trang', '2024-09-09 20:21:01', 4, 5, NULL, NULL, NULL),
(13, 'oke đấy', '2024-09-09 20:21:10', 4, 5, NULL, NULL, NULL),
(14, 'tesst scroll', '2024-09-09 20:23:12', 4, 5, NULL, NULL, NULL),
(15, 'hehehe', '2024-09-09 20:23:39', 4, 5, NULL, NULL, NULL),
(16, 'oke admin', '2024-09-09 20:23:45', NULL, 4, NULL, NULL, NULL),
(17, 'hi admin', '2024-09-09 20:24:50', NULL, 4, NULL, NULL, NULL),
(18, 'nhaanj ddc chwa', '2024-09-09 20:25:00', NULL, 4, NULL, NULL, NULL),
(19, 'fdwefwe', '2024-09-09 20:26:15', NULL, 4, NULL, NULL, NULL),
(20, 'oof', '2024-09-09 20:26:21', NULL, 4, NULL, NULL, NULL),
(21, 'sao the', '2024-09-09 20:26:30', NULL, 4, NULL, NULL, NULL),
(22, 'fwefwef', '2024-09-09 20:26:51', NULL, 4, NULL, NULL, NULL),
(23, 'fwefwef', '2024-09-09 20:27:03', NULL, 4, NULL, NULL, NULL),
(24, 'fewfwef', '2024-09-09 20:27:26', NULL, 4, NULL, NULL, NULL),
(25, 'cuoonj', '2024-09-09 20:27:33', NULL, 4, NULL, NULL, NULL),
(26, 'nhanaj', '2024-09-09 20:28:47', NULL, 4, NULL, NULL, NULL),
(27, 'hehehe', '2024-09-09 20:29:07', NULL, 4, NULL, NULL, NULL),
(28, 'fwefwef', '2024-09-09 20:29:37', NULL, 4, NULL, NULL, NULL),
(29, 'fwefwefdf df', '2024-09-09 20:30:26', NULL, 4, NULL, NULL, NULL),
(30, 'oke hehe', '2024-09-09 20:30:54', NULL, 4, NULL, NULL, NULL),
(31, 'aaaaaaaaa', '2024-09-09 20:31:04', 4, 5, NULL, NULL, NULL),
(32, 'oke ddaays', '2024-09-09 20:31:08', NULL, 4, NULL, NULL, NULL),
(33, 'uuuu', '2024-09-09 20:47:31', NULL, 4, NULL, NULL, NULL),
(34, 'sssss', '2024-09-09 20:55:32', NULL, 4, NULL, NULL, NULL),
(35, 'dưqdvwed', '2024-09-09 20:55:42', NULL, 4, NULL, NULL, NULL),
(36, 'fwefewf', '2024-09-09 20:56:43', NULL, 4, NULL, NULL, NULL),
(37, 'uuuuuu', '2024-09-09 20:56:47', NULL, 4, NULL, NULL, NULL),
(38, 'aaaaaaaaa', '2024-09-09 20:57:00', NULL, 4, NULL, NULL, NULL),
(39, 'jjjj', '2024-09-09 20:57:46', NULL, 4, NULL, NULL, NULL),
(40, 'cac', '2024-09-09 20:58:34', NULL, 4, NULL, NULL, NULL),
(41, 'fwfewf', '2024-09-09 21:00:29', NULL, 4, NULL, NULL, NULL),
(42, 'nhu lol', '2024-09-09 21:00:40', NULL, 4, NULL, NULL, NULL),
(43, 'oke con cho', '2024-09-09 21:00:44', 4, 5, NULL, NULL, NULL),
(44, 'như ddb', '2024-09-09 21:01:16', NULL, 4, NULL, NULL, NULL),
(45, 'fefwef', '2024-09-09 21:03:20', NULL, 4, NULL, NULL, NULL),
(46, 'oooooooo', '2024-09-09 21:03:32', NULL, 4, NULL, NULL, NULL),
(47, 'fwe', '2024-09-09 21:05:29', NULL, 4, NULL, NULL, NULL),
(48, 'fwefew', '2024-09-09 21:05:37', NULL, 4, NULL, NULL, NULL),
(49, 'fwefwef', '2024-09-09 21:05:52', 4, 5, NULL, NULL, NULL),
(50, 'fbwuiefwef', '2024-09-09 21:05:53', 4, 5, NULL, NULL, NULL),
(51, 'dddđ', '2024-09-09 21:05:56', NULL, 4, NULL, NULL, NULL),
(52, 'ffffffffff', '2024-09-09 21:05:59', NULL, 4, NULL, NULL, NULL),
(53, 'fwefewf', '2024-09-09 21:06:01', NULL, 4, NULL, NULL, NULL),
(54, 'fwefwe', '2024-09-09 21:08:20', NULL, 4, NULL, NULL, NULL),
(55, 'sdsdsdsdsdsdsd', '2024-09-09 21:08:24', NULL, 4, NULL, NULL, NULL),
(56, 'fwefwef', '2024-09-09 21:09:06', NULL, 4, NULL, NULL, NULL),
(57, 'aaa', '2024-09-09 21:11:20', NULL, 4, NULL, NULL, NULL),
(58, 'cac', '2024-09-09 21:11:40', NULL, 4, NULL, NULL, NULL),
(59, 'dddd', '2024-09-09 21:11:50', NULL, 4, NULL, NULL, NULL),
(60, 'oke', '2024-09-09 21:20:22', NULL, 4, NULL, NULL, NULL),
(61, 'rooif ', '2024-09-09 21:20:26', NULL, 4, NULL, NULL, NULL),
(62, 'sd', '2024-09-09 21:21:38', 4, 5, NULL, NULL, NULL),
(63, 'loo admin', '2024-09-14 20:12:58', NULL, 4, NULL, NULL, NULL),
(64, 'oke em', '2024-09-14 20:13:03', 4, 5, NULL, NULL, NULL),
(65, 'http://res.cloudinary.com/dxqh3xpza/image/upload/v1726321496/hiybz3scupxeeoovpgso.jpg', '2024-09-14 20:46:15', NULL, 4, '3.jpg', NULL, b'1'),
(66, 'fferfewrf', '2024-09-14 20:49:58', NULL, 4, NULL, NULL, b'0'),
(67, 'fwefewf', '2024-09-14 20:50:26', NULL, 4, NULL, NULL, b'0'),
(68, 'gfuwefiwfwef', '2024-09-14 20:50:36', NULL, 4, NULL, NULL, b'0'),
(69, 'oke', '2024-09-14 20:50:57', NULL, 4, NULL, NULL, b'0'),
(70, 'fwefwfe', '2024-09-14 20:51:53', NULL, 4, NULL, NULL, b'0'),
(71, 'sao', '2024-09-14 20:51:57', NULL, 4, NULL, NULL, b'0'),
(72, 'fwefwef', '2024-09-14 20:52:18', 4, 5, NULL, NULL, b'0'),
(73, 'fwefwef', '2024-09-14 20:52:25', NULL, 4, NULL, NULL, b'0'),
(74, 'cut', '2024-09-14 20:52:30', NULL, 4, NULL, NULL, b'0'),
(75, 'awfdwef', '2024-09-14 20:52:42', NULL, 4, NULL, NULL, b'0'),
(76, 'http://res.cloudinary.com/dxqh3xpza/image/upload/v1726321900/sdjezgn5i40btlfyjd0p.jpg', '2024-09-14 20:52:59', NULL, 4, '17.jpg', NULL, b'1'),
(77, 'http://res.cloudinary.com/dxqh3xpza/image/upload/v1726321995/eqhctq4b92nxqql8sohx.jpg', '2024-09-14 20:54:35', NULL, 4, '14.jpg', NULL, b'1'),
(78, 'http://res.cloudinary.com/dxqh3xpza/image/upload/v1726322100/bx70ezaen4754jrvlz66.jpg', '2024-09-14 20:56:20', NULL, 4, '15.jpg', NULL, b'1'),
(79, 'http://res.cloudinary.com/dxqh3xpza/image/upload/v1726322315/icogaziuitspftnr3nzy.jpg', '2024-09-14 20:59:55', NULL, 4, '12.jpg', NULL, b'1'),
(80, 'http://res.cloudinary.com/dxqh3xpza/image/upload/v1726323565/tvonoovqmmlc26xbona2.webp', '2024-09-14 21:20:44', 4, 5, '2.webp', NULL, b'1'),
(81, 'http://res.cloudinary.com/dxqh3xpza/image/upload/v1726323614/actroggxwvdjzzt7wwql.webp', '2024-09-14 21:21:33', 4, 5, '15.webp', NULL, b'1'),
(82, 'hehehe', '2024-10-16 18:07:31', NULL, 4, NULL, NULL, b'0'),
(83, 'heloo', '2024-12-18 13:29:06', NULL, 12, NULL, NULL, b'0'),
(84, 'http://res.cloudinary.com/dxqh3xpza/image/upload/v1734503352/krv71wewvx9t3aypuk1u.png', '2024-12-18 13:29:13', NULL, 12, 'Screenshot 2024-12-17 195842.png', NULL, b'1'),
(85, 'hi', '2024-12-18 13:36:58', 12, 11, NULL, NULL, b'0'),
(86, 'ok fen', '2024-12-18 13:37:02', 12, 11, NULL, NULL, b'0'),
(87, 'hii', '2024-12-18 13:37:17', NULL, 12, NULL, NULL, b'0'),
(88, 'đá', '2024-12-18 13:37:19', NULL, 12, NULL, NULL, b'0'),
(89, 'siuuuuuuuuuu', '2024-12-18 13:37:36', 12, 11, NULL, NULL, b'0'),
(90, 'http://res.cloudinary.com/dxqh3xpza/image/upload/v1734503857/w1vaoj3sofr3wxoohgv4.png', '2024-12-18 13:37:38', 12, 11, 'Screenshot 2024-12-15 201250.png', NULL, b'1'),
(91, 'haha', '2024-12-18 13:37:47', NULL, 12, NULL, NULL, b'0'),
(92, 'a', '2024-12-18 17:34:54', NULL, 15, NULL, NULL, b'0'),
(93, 'đá', '2024-12-18 17:34:56', NULL, 15, NULL, NULL, b'0'),
(94, 'ád', '2024-12-18 17:34:56', NULL, 15, NULL, NULL, b'0'),
(95, 'd', '2024-12-18 17:34:57', NULL, 15, NULL, NULL, b'0'),
(96, 'á', '2024-12-18 17:34:57', NULL, 15, NULL, NULL, b'0'),
(97, 'd', '2024-12-18 17:34:57', NULL, 15, NULL, NULL, b'0'),
(98, 'd', '2024-12-18 17:34:57', NULL, 15, NULL, NULL, b'0'),
(99, 'a', '2024-12-18 17:34:58', NULL, 15, NULL, NULL, b'0'),
(100, 'a', '2024-12-18 17:34:59', NULL, 15, NULL, NULL, b'0'),
(101, 'a', '2024-12-18 17:34:59', NULL, 15, NULL, NULL, b'0'),
(102, 'a', '2024-12-18 17:34:59', NULL, 15, NULL, NULL, b'0'),
(103, 'a', '2024-12-18 17:35:00', NULL, 15, NULL, NULL, b'0'),
(104, 'a', '2024-12-18 17:35:00', NULL, 15, NULL, NULL, b'0'),
(105, 'a', '2024-12-18 17:35:00', NULL, 15, NULL, NULL, b'0'),
(106, 'a', '2024-12-18 17:35:00', NULL, 15, NULL, NULL, b'0'),
(107, 'a', '2024-12-18 17:35:00', NULL, 15, NULL, NULL, b'0'),
(108, 'Hi', '2024-12-18 17:44:44', NULL, 10, NULL, NULL, b'0'),
(109, 'aa', '2024-12-18 22:41:07', NULL, 15, NULL, NULL, b'0'),
(110, 'a', '2024-12-18 22:41:07', NULL, 15, NULL, NULL, b'0'),
(111, 'a', '2024-12-18 22:41:07', NULL, 15, NULL, NULL, b'0'),
(112, 'a', '2024-12-18 22:41:07', NULL, 15, NULL, NULL, b'0'),
(113, 'a', '2024-12-18 22:41:07', NULL, 15, NULL, NULL, b'0'),
(114, 'a', '2024-12-18 22:41:08', NULL, 15, NULL, NULL, b'0'),
(115, 'hii', '2024-12-18 22:42:33', NULL, 17, NULL, NULL, b'0'),
(116, 'hi', '2024-12-18 22:57:30', NULL, 9, NULL, NULL, b'0'),
(117, 'http://res.cloudinary.com/dxqh3xpza/image/upload/v1734537457/swrepsogqnfylgttlnhv.jpg', '2024-12-18 22:57:39', NULL, 9, 'vac-xin-hpv-co-may-loai-thong-tin-chi-tiet-ve-doi-tuong-va-lich-tiem.jpg', NULL, b'1'),
(118, 'hi', '2024-12-18 22:57:58', 17, 11, NULL, NULL, b'0'),
(119, 'hi', '2024-12-18 22:58:07', 9, 11, NULL, NULL, b'0'),
(120, 'http://res.cloudinary.com/dxqh3xpza/image/upload/v1734537495/h5lve8jrj77uef2zrghl.png', '2024-12-18 22:58:16', 9, 11, 'Screenshot 2024-12-17 195842.png', NULL, b'1'),
(121, 'Hi', '2024-12-19 09:42:16', NULL, 10, NULL, NULL, b'0'),
(122, 'Hello vũ cơ ', '2024-12-19 09:42:25', NULL, 10, NULL, NULL, b'0'),
(123, 'http://res.cloudinary.com/dxqh3xpza/image/upload/v1734576157/hnqqmibr9wkuy7crsowv.jpg', '2024-12-19 09:42:38', NULL, 10, 'IMG_1207.jpeg', NULL, b'1'),
(124, 'Biết ai đây ko', '2024-12-19 09:42:42', NULL, 10, NULL, NULL, b'0'),
(125, 'Hải nè', '2024-12-19 12:24:55', NULL, 10, NULL, NULL, b'0'),
(126, 'Cc', '2024-12-19 23:11:46', NULL, 10, NULL, NULL, b'0'),
(127, 'Hải nè', '2024-12-19 23:11:56', NULL, 10, NULL, NULL, b'0'),
(128, 'toi ca rota', '2024-12-21 00:14:02', NULL, 11, NULL, NULL, b'0'),
(129, 'http://res.cloudinary.com/dxqh3xpza/image/upload/v1734714861/xz9z6zxbpvgf7kw3naro.png', '2024-12-21 00:14:22', NULL, 11, 'Screenshot 2024-12-18 134217.png', NULL, b'1'),
(130, 'ok', '2024-12-21 00:14:26', 11, 9, NULL, NULL, b'0'),
(131, 'http://res.cloudinary.com/dxqh3xpza/image/upload/v1734714870/rocuayhneflytn19xpry.jpg', '2024-12-21 00:14:32', 11, 9, 'vac-xin-hpv-co-may-loai-thong-tin-chi-tiet-ve-doi-tuong-va-lich-tiem.jpg', NULL, b'1'),
(132, ',', '2024-12-21 00:42:08', NULL, 19, NULL, NULL, b'0'),
(133, 'Vũ ơi', '2024-12-21 12:17:17', NULL, 10, NULL, NULL, b'0'),
(134, 'vãi nồi', '2024-12-21 12:31:02', 10, 20, NULL, NULL, b'0'),
(135, 'biet', '2024-12-21 12:32:40', 10, 10, NULL, NULL, b'0'),
(136, 'hello', '2024-12-22 13:43:25', 10, 10, NULL, NULL, b'0'),
(137, 'hi', '2024-12-22 14:00:27', 4, 16, NULL, NULL, b'0'),
(138, 'Cho tôi hủy ', '2024-12-22 14:55:04', NULL, 17, NULL, NULL, b'0'),
(139, 'Tôi hủy như nào ?', '2024-12-22 14:55:11', NULL, 17, NULL, NULL, b'0'),
(140, 'hhh', '2024-12-22 15:02:41', NULL, 17, NULL, NULL, b'0'),
(141, 'KHI NAO TOI CO TIEN ', '2024-12-22 16:07:07', NULL, 10, NULL, NULL, b'0'),
(142, 'Toi muon huy', '2024-12-22 16:07:28', NULL, 10, NULL, NULL, b'0'),
(143, 'lam the nao', '2024-12-22 16:07:30', NULL, 10, NULL, NULL, b'0'),
(144, 'ok để mình chechk lịch', '2024-12-22 16:07:46', 10, 12, NULL, NULL, b'0'),
(145, 'kkk', '2024-12-22 16:08:34', NULL, 10, NULL, NULL, b'0'),
(146, 'Hello', '2024-12-22 23:10:57', NULL, 10, NULL, NULL, b'0'),
(147, 'http://res.cloudinary.com/dxqh3xpza/image/upload/v1734883881/jplwyhp8i2u5dra04rmv.jpg', '2024-12-22 23:11:22', NULL, 10, 'IMG_1503.jpeg', NULL, b'1'),
(148, 'Banking qua đây', '2024-12-22 23:11:32', NULL, 10, NULL, NULL, b'0'),
(149, 'Lam sao de hoan tien', '2024-12-23 07:42:52', NULL, 35, NULL, NULL, b'0'),
(150, 'de toi kiem tr thong tin cua ban', '2024-12-23 07:43:27', 35, 16, NULL, NULL, b'0'),
(151, 'MVVac 23-12 Vu', '2024-12-23 07:43:46', NULL, 35, NULL, NULL, b'0'),
(152, 'ok de toi check', '2024-12-23 07:44:01', 35, 16, NULL, NULL, b'0'),
(153, 'Hello', '2024-12-25 12:05:08', NULL, 10, NULL, NULL, b'0'),
(154, 'alo toi co can lam gi de dat lich tiem ko', '2025-03-03 22:05:17', NULL, 9, NULL, NULL, b'0'),
(155, 'ko ban chi can dang ky thoi', '2025-03-03 22:05:45', 9, 12, NULL, NULL, b'0'),
(156, 'alo toi co the tiem vacxin adecal', '2025-03-03 22:14:41', NULL, 9, NULL, NULL, b'0'),
(157, 'Dạ bạn có thể tìm kiếm vaccine Adecal để tiến hành đặt tiêm ạ', '2025-03-03 22:15:23', 9, 12, NULL, NULL, b'0');

-- --------------------------------------------------------

--
-- Table structure for table `comments`
--

CREATE TABLE `comments` (
  `comment_id` bigint NOT NULL,
  `account_id` bigint NOT NULL,
  `vaccine_id` bigint DEFAULT NULL,
  `news_id` bigint DEFAULT NULL,
  `parent_comment_id` bigint DEFAULT NULL,
  `content` text,
  `likes_count` int DEFAULT '0',
  `created_date` datetime DEFAULT CURRENT_TIMESTAMP
) ENGINE=InnoDB DEFAULT CHARSET=utf8mb4 COLLATE=utf8mb4_0900_ai_ci;

--
-- Dumping data for table `comments`
--

INSERT INTO `comments` (`comment_id`, `account_id`, `vaccine_id`, `news_id`, `parent_comment_id`, `content`, `likes_count`, `created_date`) VALUES
(2, 4, NULL, 1, NULL, 'Very informative news!', 5, '2024-08-27 16:20:27');

-- --------------------------------------------------------

--
-- Table structure for table `customer_profile`
--

CREATE TABLE `customer_profile` (
  `profile_id` bigint NOT NULL,
  `customer_id` bigint DEFAULT NULL,
  `full_name` varchar(100) CHARACTER SET utf8mb4 COLLATE utf8mb4_0900_ai_ci DEFAULT NULL,
  `gender` enum('Male','Female','Other') CHARACTER SET utf8mb4 COLLATE utf8mb4_0900_ai_ci DEFAULT NULL,
  `birthdate` date DEFAULT NULL,
  `phone` varchar(15) CHARACTER SET utf8mb4 COLLATE utf8mb4_0900_ai_ci DEFAULT NULL,
  `avatar` varchar(255) DEFAULT NULL,
  `city` varchar(100) CHARACTER SET utf8mb4 COLLATE utf8mb4_0900_ai_ci DEFAULT NULL,
  `district` varchar(100) CHARACTER SET utf8mb4 COLLATE utf8mb4_0900_ai_ci DEFAULT NULL,
  `ward` varchar(100) CHARACTER SET utf8mb4 COLLATE utf8mb4_0900_ai_ci DEFAULT NULL,
  `street` varchar(255) DEFAULT NULL,
  `insurance_status` tinyint(1) DEFAULT NULL,
  `contact_name` varchar(100) CHARACTER SET utf8mb4 COLLATE utf8mb4_0900_ai_ci DEFAULT NULL,
  `contact_relationship` varchar(50) CHARACTER SET utf8mb4 COLLATE utf8mb4_0900_ai_ci DEFAULT NULL,
  `contact_phone` varchar(15) CHARACTER SET utf8mb4 COLLATE utf8mb4_0900_ai_ci DEFAULT NULL,
  `created_date` datetime DEFAULT CURRENT_TIMESTAMP
) ENGINE=InnoDB DEFAULT CHARSET=utf8mb4 COLLATE=utf8mb4_0900_ai_ci;

--
-- Dumping data for table `customer_profile`
--

INSERT INTO `customer_profile` (`profile_id`, `customer_id`, `full_name`, `gender`, `birthdate`, `phone`, `avatar`, `city`, `district`, `ward`, `street`, `insurance_status`, `contact_name`, `contact_relationship`, `contact_phone`, `created_date`) VALUES
(1, 4, 'Nguyen Van A update', 'Female', '1990-01-01', '0998877665', 'http://res.cloudinary.com/dxqh3xpza/image/upload/v1725792995/z49uuk74vw7cei6hjhwi.jpg', 'Tỉnh Cao Bằng', 'Huyện Trùng Khánh', 'xã nghi lộc', '123 Le Loi', 1, 'Tran Thi B update', 'Vợ', '0123456789', '2024-08-27 16:20:27'),
(2, 6, 'Nguyen Van A', NULL, NULL, NULL, 'http://res.cloudinary.com/dxqh3xpza/image/upload/v1734765925/mpcdpvs8ovncozdmhcyw.png', NULL, NULL, NULL, NULL, NULL, NULL, NULL, NULL, NULL),
(3, 9, 'Kun', 'Male', '2002-08-08', '0898696459', 'http://res.cloudinary.com/dxqh3xpza/image/upload/v1734537149/ijilfio51xepi2ohejoz.jpg', 'Tỉnh Hà Giang', 'Huyện Mèo Vạc', 'Ward 4656', 'THON THANH OAI, DONG KHE, DONG SON, THAN H HOA; THON THANH OAI, DONG KHE, DONG SO n, Thanh Hoa', 1, NULL, NULL, NULL, '2024-12-18 22:52:30'),
(4, 11, 'Nguyen My Linhl', 'Female', '2006-01-13', '0565685565', 'http://res.cloudinary.com/dxqh3xpza/image/upload/v1734774458/d1pmvvxzxcytqhqixwya.png', 'Thành phố Hà Nội', 'hoang mai', '4343fdfdfd', '34 dfdf', 1, NULL, NULL, NULL, '2024-12-21 16:39:37'),
(5, 13, NULL, NULL, NULL, NULL, NULL, NULL, NULL, NULL, NULL, NULL, NULL, NULL, NULL, NULL),
(6, 12, NULL, NULL, NULL, NULL, NULL, NULL, NULL, NULL, NULL, NULL, NULL, NULL, NULL, NULL),
(7, 14, NULL, NULL, NULL, NULL, NULL, NULL, NULL, NULL, NULL, NULL, NULL, NULL, NULL, NULL),
(8, 15, 'Lê Quốc Vũ', 'Male', '2002-12-03', '0967332130', 'http://res.cloudinary.com/dxqh3xpza/image/upload/v1734517971/xukpzjrosimarvju4qkc.jpg', 'Thành phố Đà Nẵng', 'Quận Cẩm Lệ', 'Hoà Xuân', '120 Trần Hữu Duẩn, Hoà Xuân, Cẩm Lệ, Đà Nẵng', 1, NULL, NULL, NULL, '2024-12-18 17:32:52'),
(9, 16, NULL, NULL, NULL, NULL, NULL, NULL, NULL, NULL, NULL, NULL, NULL, NULL, NULL, NULL),
(10, 17, 'Lê Mai Phương', 'Female', '2003-12-03', '0392171745', 'http://res.cloudinary.com/dxqh3xpza/image/upload/v1734536420/mmktjpun0skyytoxrfru.png', 'Thành phố Đà Nẵng', 'Quận Ngũ Hành Sơn', 'Phường Hòa Hải', '99 Phạm Thận Duật, phường Hòa', 1, NULL, NULL, NULL, '2024-12-18 22:40:21'),
(11, 19, NULL, NULL, NULL, NULL, NULL, NULL, NULL, NULL, NULL, NULL, NULL, NULL, NULL, NULL),
(12, 21, '9876', 'Male', '2001-02-18', '736815', NULL, 'Tỉnh Hà Giang', 'Thành phố Hà Giang', '7266', 'Ajdbh\\', 0, NULL, NULL, NULL, '2024-12-19 00:48:58'),
(13, 22, NULL, NULL, NULL, NULL, NULL, NULL, NULL, NULL, NULL, NULL, NULL, NULL, NULL, NULL),
(14, 23, NULL, NULL, NULL, NULL, NULL, NULL, NULL, NULL, NULL, NULL, NULL, NULL, NULL, NULL),
(15, 25, NULL, NULL, NULL, NULL, NULL, NULL, NULL, NULL, NULL, NULL, NULL, NULL, NULL, NULL),
(16, 32, NULL, NULL, NULL, NULL, NULL, NULL, NULL, NULL, NULL, NULL, NULL, NULL, NULL, NULL),
(17, 33, NULL, NULL, NULL, NULL, NULL, NULL, NULL, NULL, NULL, NULL, NULL, NULL, NULL, NULL),
(18, 34, NULL, NULL, NULL, NULL, NULL, NULL, NULL, NULL, NULL, NULL, NULL, NULL, NULL, NULL),
(19, 35, NULL, NULL, NULL, NULL, NULL, NULL, NULL, NULL, NULL, NULL, NULL, NULL, NULL, NULL),
(20, 37, NULL, NULL, NULL, NULL, NULL, NULL, NULL, NULL, NULL, NULL, NULL, NULL, NULL, NULL);

-- --------------------------------------------------------

--
-- Table structure for table `customer_schedule`
--

CREATE TABLE `customer_schedule` (
  `id` bigint NOT NULL,
  `account_id` bigint NOT NULL,
  `vaccine_schedule_id` bigint DEFAULT NULL,
  `created_date` datetime DEFAULT CURRENT_TIMESTAMP,
  `status` enum('pending','confirmed','cancelled') NOT NULL,
  `address` varchar(255) DEFAULT NULL,
  `dob` date DEFAULT NULL,
  `full_name` varchar(255) DEFAULT NULL,
  `phone` varchar(255) DEFAULT NULL,
  `vaccine_schedule_time_id` bigint DEFAULT NULL,
  `customer_schedule_pay` varchar(255) DEFAULT NULL,
  `counter_change` int DEFAULT NULL,
  `health_status_after` varchar(255) DEFAULT NULL,
  `health_status_before` varchar(255) DEFAULT NULL,
  `note` varchar(255) DEFAULT NULL,
  `pay_status` varchar(255) DEFAULT NULL
) ENGINE=InnoDB DEFAULT CHARSET=utf8mb4 COLLATE=utf8mb4_0900_ai_ci;

--
-- Dumping data for table `customer_schedule`
--

INSERT INTO `customer_schedule` (`id`, `account_id`, `vaccine_schedule_id`, `created_date`, `status`, `address`, `dob`, `full_name`, `phone`, `vaccine_schedule_time_id`, `customer_schedule_pay`, `counter_change`, `health_status_after`, `health_status_before`, `note`, `pay_status`) VALUES
(1, 4, 1, '2024-08-27 16:20:27', 'confirmed', NULL, NULL, NULL, NULL, 1, NULL, NULL, NULL, NULL, NULL, NULL),
(2, 4, 2, '2024-08-27 16:20:27', 'cancelled', NULL, NULL, NULL, NULL, 3, NULL, NULL, NULL, NULL, NULL, NULL),
(3, 4, 3, '2024-08-28 23:12:11', 'cancelled', '123 Le Loi, Ward 1, District 1, Ho Chi Minh', '2000-06-01', 'Trần thị bình', '0123456789', 5, NULL, NULL, NULL, NULL, NULL, NULL),
(6, 4, 3, '2024-09-08 20:35:08', 'pending', '123 Le Loi, xã nghi lộc, Huyện Trùng Khánh, Tỉnh Cao Bằng', '1990-01-01', 'Nguyen Van A update', '0123456789', 7, NULL, NULL, NULL, NULL, NULL, NULL),
(7, 4, 3, '2024-09-16 18:01:09', 'pending', '123 Le Loi, xã nghi lộc, Huyện Trùng Khánh, Tỉnh Cao Bằng', '1990-01-01', 'Nguyen Van A update', '0123456789', 4, NULL, NULL, NULL, NULL, NULL, NULL),
(8, 4, 3, '2024-09-16 23:05:39', 'pending', '123 Le Loi, xã nghi lộc, Huyện Trùng Khánh, Tỉnh Cao Bằng', '1990-01-01', 'Nguyen Van A update', '0123456789', 3, NULL, NULL, NULL, NULL, NULL, NULL),
(12, 4, NULL, '2024-10-29 08:50:52', 'pending', '123 Le Loi, xã nghi lộc, Huyện Trùng Khánh, Tỉnh Cao Bằng', '1990-01-01', 'Nguyen Van A update', '0123456789', 22, 'THANH_TOAN_VNPAY', NULL, NULL, NULL, NULL, NULL),
(13, 4, NULL, '2024-11-12 10:09:22', 'cancelled', '123 Le Loi, xã nghi lộc, Huyện Trùng Khánh, Tỉnh Cao Bằng', '1990-01-01', 'Nguyen Van A update', '0123456789', 58, 'CHUA_THANH_TOAN', NULL, NULL, NULL, NULL, NULL),
(14, 6, NULL, '2024-11-17 22:26:37', 'pending', '123 Le Loi, xã nghi lộc, Huyện Trùng Khánh, Tỉnh Cao Bằng', '2024-11-07', 'Trần thị bình', '0123456789', 86, 'CHUA_THANH_TOAN', NULL, NULL, NULL, NULL, NULL),
(15, 9, NULL, '2024-12-18 16:29:17', 'confirmed', '11 huy ga', '2006-03-22', 'Lê Văn Đức', '0898656545', 110, 'THANH_TOAN_VNPAY', NULL, 'tot', 'tot', NULL, NULL),
(16, 15, NULL, '2024-12-18 22:38:28', 'cancelled', '120 Trần Hữu Duẩn, Hoà Xuân, Cẩm Lệ, Đà Nẵng, Hoà Xuân, Quận Cẩm Lệ, Thành phố Đà Nẵng', '2002-12-03', 'Lê Quốc Vũ', '0967332130', 109, 'CHUA_THANH_TOAN', NULL, '', '', NULL, NULL),
(17, 11, NULL, '2024-12-21 00:22:56', 'confirmed', '11 Do Huy Uyen', '2000-02-01', 'Le Van Duc', '0898554235', 140, 'THANH_TOAN_VNPAY', NULL, 'tot', 'tot', NULL, NULL),
(18, 11, NULL, '2024-12-21 16:00:31', 'pending', '11 Do Huy Uyen', '2001-06-12', 'Le Van Duc', '0898554235', 1719, 'CHUA_THANH_TOAN', NULL, NULL, NULL, NULL, NULL),
(19, 11, NULL, '2024-12-21 16:02:35', 'cancelled', '', NULL, '', '', 1724, 'THANH_TOAN_VNPAY', 1, 'da lam', 'da lam ', NULL, NULL),
(20, 11, NULL, '2024-12-21 16:41:32', 'cancelled', '11 Do Huy Uyen', '2018-02-04', 'Le Van Duc', '0898554235', 1651, 'CHUA_THANH_TOAN', NULL, 'DĐ', 'SSS', NULL, NULL),
(21, 11, NULL, '2024-12-21 17:00:48', 'confirmed', '11 Do Huy Uyen', '2012-01-02', 'Le Van Duc', '', 1103, 'THANH_TOAN_VNPAY', 2, NULL, NULL, NULL, NULL),
(22, 11, NULL, '2024-12-21 17:09:46', 'confirmed', '11 Do Huy Uyen', '2006-03-15', 'Le Van Duc', '0898554235', 1390, 'THANH_TOAN_VNPAY', 2, NULL, '', NULL, NULL),
(23, 20, NULL, '2024-12-22 14:16:28', 'pending', '  ', '2025-01-03', '   ', '  ', 2769, 'CHUA_THANH_TOAN', NULL, NULL, NULL, NULL, NULL),
(24, 20, NULL, '2024-12-22 14:18:53', 'cancelled', '', NULL, '', '', 3419, 'THANH_TOAN_VNPAY', NULL, NULL, NULL, NULL, NULL),
(25, 17, NULL, '2024-12-22 14:20:00', 'cancelled', '99 Phạm Thận Duật', '1990-01-01', 'Trần Thị Tố Tâm', '0392171745', 1826, 'THANH_TOAN_VNPAY', 3, 'oke', 'oke', NULL, NULL),
(26, 24, NULL, '2024-12-22 14:21:07', 'pending', '1', NULL, 'PHƯỚC', '1', 3409, 'CHUA_THANH_TOAN', NULL, NULL, NULL, NULL, NULL),
(27, 24, NULL, '2024-12-22 14:40:17', 'pending', '1', NULL, 'a', '1', 3409, 'CHUA_THANH_TOAN', NULL, NULL, NULL, NULL, NULL),
(28, 20, NULL, '2024-12-22 14:41:08', 'pending', 'Ngũ Hành Sơn', NULL, 'Mai Phuong Le', '0392171745', 3409, 'THANH_TOAN_VNPAY', NULL, NULL, NULL, NULL, NULL),
(29, 17, NULL, '2024-12-22 15:26:22', 'cancelled', '99 Phạm Thận Duật', '2003-12-12', 'Lê Mai Phương', '0392171745', 163, 'THANH_TOAN_VNPAY', 3, 'tot', 'tot', NULL, NULL),
(30, 17, NULL, '2024-12-22 15:54:30', 'pending', '', NULL, '', '', 189, 'THANH_TOAN_VNPAY', NULL, NULL, NULL, NULL, NULL),
(31, 10, NULL, '2024-12-22 16:04:19', 'cancelled', '', NULL, '', '', 199, 'THANH_TOAN_VNPAY', NULL, NULL, NULL, NULL, NULL),
(32, 13, NULL, '2024-12-22 16:11:42', 'pending', 'Đ. Nam Kỳ Khởi Nghĩa, Khu đô thị FPT City, Ngũ Hành Sơn, Đà Nẵng 550000', NULL, 'Anh Lê Đức', '0898696459', 179, 'CHUA_THANH_TOAN', NULL, 'tot', 'tot', NULL, NULL),
(33, 12, NULL, '2024-12-22 16:38:09', 'pending', 'Đ. Nam Kỳ Khởi Nghĩa, Khu đô thị FPT City, Ngũ Hành Sơn, Đà Nẵng 550000', NULL, 'Anh Lê Đức', '0898696459', 3499, 'CHUA_THANH_TOAN', NULL, NULL, NULL, NULL, NULL),
(34, 23, NULL, '2024-12-22 22:11:45', 'pending', '123 Le Loi, xã nghi lộc, Huyện Trùng Khánh, Tỉnh Cao Bằng', '2024-12-13', 'Trần thị bình', '0123456789', 179, 'THANH_TOAN_VNPAY', NULL, NULL, NULL, NULL, 'DA_THANH_TOAN'),
(35, 25, NULL, '2024-12-22 22:14:39', 'cancelled', '123 Le Loi, xã nghi lộc, Huyện Trùng Khánh, Tỉnh Cao Bằng', '2002-03-16', 'Lê Quốc Vũ ', '0967332136', 195, 'THANH_TOAN_VNPAY', 3, NULL, NULL, NULL, 'DA_THANH_TOAN'),
(36, 25, NULL, '2024-12-22 22:27:33', 'pending', '', NULL, '', '', 3563, 'THANH_TOAN_VNPAY', NULL, NULL, NULL, NULL, 'DA_THANH_TOAN'),
(37, 9, NULL, '2024-12-23 03:45:47', 'pending', '', '2011-01-04', 'Lê Văn Đức', '0898656545', 1960, 'CHUA_THANH_TOAN', NULL, NULL, NULL, NULL, 'CHUA_THANH_TOAN'),
(38, 32, NULL, '2024-12-23 03:47:00', 'cancelled', 'aaa', '2002-01-01', 'aaa', '0352454901', 1549, 'THANH_TOAN_VNPAY', NULL, NULL, NULL, NULL, 'DA_THANH_TOAN'),
(39, 9, NULL, '2024-12-23 03:47:03', 'pending', NULL, NULL, NULL, NULL, 37, 'THANH_TOAN_VNPAY', NULL, NULL, NULL, NULL, 'DA_THANH_TOAN'),
(40, 32, NULL, '2024-12-23 03:48:13', 'cancelled', 'aaa', '2002-01-01', 'aaa', '0352454901', 510, 'THANH_TOAN_VNPAY', NULL, NULL, NULL, NULL, 'DA_THANH_TOAN'),
(41, 9, NULL, '2024-12-23 03:48:13', 'pending', NULL, NULL, NULL, NULL, 37, 'THANH_TOAN_VNPAY', NULL, NULL, NULL, NULL, 'DA_THANH_TOAN'),
(42, 32, NULL, '2024-12-23 03:49:27', 'cancelled', 'aaa', '2002-01-01', 'aaa', '0352454901', 509, 'CHUA_THANH_TOAN', NULL, NULL, NULL, NULL, 'CHUA_THANH_TOAN'),
(43, 33, NULL, '2024-12-23 03:49:54', 'confirmed', '', NULL, '', '', 2459, 'THANH_TOAN_VNPAY', NULL, NULL, 'TỐT', NULL, 'DA_THANH_TOAN'),
(44, 9, NULL, '2024-12-23 03:49:55', 'pending', '', NULL, '', '', 1960, 'THANH_TOAN_VNPAY', NULL, NULL, NULL, NULL, 'DA_THANH_TOAN'),
(45, 32, NULL, '2024-12-23 03:49:58', 'pending', NULL, NULL, NULL, NULL, 42, 'THANH_TOAN_VNPAY', NULL, NULL, NULL, NULL, 'DA_THANH_TOAN'),
(46, 33, NULL, '2024-12-23 03:50:42', 'pending', '', NULL, '', '', 1709, 'CHUA_THANH_TOAN', NULL, NULL, NULL, NULL, 'CHUA_THANH_TOAN'),
(47, 33, NULL, '2024-12-23 03:51:08', 'pending', NULL, NULL, NULL, NULL, 46, 'THANH_TOAN_VNPAY', NULL, NULL, NULL, NULL, 'DA_THANH_TOAN'),
(48, 32, NULL, '2024-12-23 03:52:10', 'pending', '', NULL, '', '', 1069, 'CHUA_THANH_TOAN', NULL, NULL, NULL, NULL, 'CHUA_THANH_TOAN'),
(49, 32, NULL, '2024-12-23 03:52:46', 'pending', NULL, NULL, NULL, NULL, 48, 'THANH_TOAN_VNPAY', NULL, NULL, NULL, NULL, 'DA_THANH_TOAN'),
(50, 9, NULL, '2024-12-23 03:53:49', 'pending', '', NULL, '', '', 3271, 'CHUA_THANH_TOAN', NULL, NULL, NULL, NULL, 'CHUA_THANH_TOAN'),
(51, 13, NULL, '2024-12-23 03:54:09', 'pending', 'aaa', '2002-01-01', 'aaa', '0352454901', 1710, 'CHUA_THANH_TOAN', NULL, NULL, NULL, NULL, 'CHUA_THANH_TOAN'),
(52, 9, NULL, '2024-12-23 03:54:19', 'pending', NULL, NULL, NULL, NULL, 50, 'THANH_TOAN_VNPAY', NULL, NULL, NULL, NULL, 'DA_THANH_TOAN'),
(53, 13, NULL, '2024-12-23 03:54:39', 'pending', NULL, NULL, NULL, NULL, 51, 'THANH_TOAN_VNPAY', NULL, NULL, NULL, NULL, 'DA_THANH_TOAN'),
(54, 33, NULL, '2024-12-23 03:56:34', 'pending', NULL, NULL, NULL, NULL, 46, 'THANH_TOAN_VNPAY', NULL, NULL, NULL, NULL, 'DA_THANH_TOAN'),
(55, 34, NULL, '2024-12-23 04:28:11', 'pending', '', NULL, '', '', 1953, 'THANH_TOAN_VNPAY', NULL, NULL, NULL, NULL, 'CHUA_THANH_TOAN'),
(56, 34, NULL, '2024-12-23 04:29:54', 'pending', '', NULL, '', '', 1998, 'THANH_TOAN_VNPAY', 3, NULL, NULL, NULL, 'DA_THANH_TOAN'),
(57, 9, NULL, '2024-12-23 04:33:24', 'pending', '', NULL, '', '', 2721, 'THANH_TOAN_VNPAY', NULL, NULL, NULL, NULL, 'CHUA_THANH_TOAN'),
(58, 13, NULL, '2024-12-23 05:04:15', 'pending', '', NULL, '', '', 3362, 'THANH_TOAN_VNPAY', 3, NULL, NULL, NULL, 'CHUA_THANH_TOAN'),
(59, 35, NULL, '2024-12-23 07:34:07', 'confirmed', '120 không có', '2003-12-12', 'Lê Quốc Vũ Cơ', '0967332130', 1961, 'THANH_TOAN_VNPAY', 3, 'khong co di ung voi thuoc', 'suc khoe on dinh', NULL, 'CHUA_THANH_TOAN'),
(60, 35, NULL, '2024-12-23 07:42:19', 'cancelled', '120 không có', '2002-01-01', 'Lê Quốc Vũ Cơ', '0967332130', 3605, 'THANH_TOAN_VNPAY', NULL, NULL, NULL, NULL, 'DA_THANH_TOAN'),
(61, 36, NULL, '2024-12-23 07:48:16', 'pending', '11 do huy', NULL, 'Le mai ohuong', '0898696854', 3624, 'CHUA_THANH_TOAN', NULL, NULL, NULL, NULL, NULL),
(62, 9, NULL, '2025-03-03 22:07:16', 'confirmed', '11 huy ga', '2002-01-01', 'Le Van Duc', '0898656545', 3685, 'THANH_TOAN_VNPAY', NULL, 'suc khoe on dinh', 'good', NULL, 'DA_THANH_TOAN'),
(63, 9, NULL, '2025-03-03 22:19:33', 'pending', '11 huy ga', '2002-01-01', 'Le Van Duc', '0898656545', 3775, 'CHUA_THANH_TOAN', NULL, NULL, NULL, NULL, 'CHUA_THANH_TOAN');

-- --------------------------------------------------------

--
-- Table structure for table `doctors`
--

CREATE TABLE `doctors` (
  `doctor_id` bigint NOT NULL,
  `account_id` bigint NOT NULL,
  `specialization` varchar(100) DEFAULT NULL,
  `experience_years` int DEFAULT NULL,
  `bio` text,
  `created_date` datetime DEFAULT CURRENT_TIMESTAMP,
  `avatar` varchar(255) DEFAULT NULL,
  `full_name` varchar(255) DEFAULT NULL
) ENGINE=InnoDB DEFAULT CHARSET=utf8mb4 COLLATE=utf8mb4_0900_ai_ci;

--
-- Dumping data for table `doctors`
--

INSERT INTO `doctors` (`doctor_id`, `account_id`, `specialization`, `experience_years`, `bio`, `created_date`, `avatar`, `full_name`) VALUES
(1, 2, 'Miễn dịch học (Immunology)', 10, 'Chuyên gia hàng đầu trong lĩnh vực miễn dịch học và vaccine. Phụ trách tư vấn, chỉ định và theo dõi các loại vaccine đặc biệt như Covid-19, viêm gan B, HPV và xử lý các ca có tiền sử bệnh lý phức tạp.', '2024-08-27 16:20:27', 'http://res.cloudinary.com/dxqh3xpza/image/upload/v1734892542/mgss3tceveozamdlcnxt.jpg', 'Lê Quốc Vũ'),
(2, 7, 'Nhi khoa (Pediatrics)', 7, 'Bác sĩ nhi khoa tận tâm, giàu kinh nghiệm. Phụ trách khám sàng lọc và tiêm các loại vaccine cho trẻ em như 6 trong 1, sởi-quai bị-rubella, phế cầu, và Rotavirus. Đảm bảo an toàn và thoải mái cho trẻ khi tiêm.', '2024-10-16 15:51:32', 'http://res.cloudinary.com/dxqh3xpza/image/upload/v1734892552/dnudgvqcml2ry3isbfh7.jpg', 'Nguyễn Thanh Mai'),
(3, 4, 'Đa khoa (General Practitioner)\n\n', 5, 'Bác sĩ đa khoa với kinh nghiệm khám sàng lọc và tiêm chủng vaccine phổ biến cho người lớn như cúm mùa, uốn ván, thương hàn. Luôn nhiệt tình tư vấn và giải quyết các phản ứng nhẹ sau tiêm.', '2024-10-16 15:51:32', 'http://res.cloudinary.com/dxqh3xpza/image/upload/v1734892567/xbkflqrlqdjzmbbzrdqd.jpg', 'Trần Việt Hoàng'),
(4, 6, 'Nội khoa (Internal Medicine)', 8, 'Bác sĩ nội khoa giàu kinh nghiệm, phụ trách theo dõi sức khỏe của người lớn tuổi và bệnh nhân có bệnh lý nền. Chuyên tư vấn và xử lý các tình huống sau tiêm chủng liên quan đến tim mạch và hô hấp.', '2024-10-16 15:51:32', 'http://res.cloudinary.com/dxqh3xpza/image/upload/v1734892589/r3xgdrnm2ezc7uzsxxfr.jpg', 'Phạm Thị Lan');

-- --------------------------------------------------------

--
-- Table structure for table `feedback`
--

CREATE TABLE `feedback` (
  `id` bigint NOT NULL,
  `customer_schedule_id` bigint NOT NULL,
  `feedback_type` enum('general','doctor','nurse') DEFAULT 'general',
  `doctor_id` bigint DEFAULT NULL,
  `nurse_id` bigint DEFAULT NULL,
  `content` text,
  `rating` tinyint(1) DEFAULT NULL,
  `response` text,
  `created_date` datetime DEFAULT CURRENT_TIMESTAMP
) ENGINE=InnoDB DEFAULT CHARSET=utf8mb4 COLLATE=utf8mb4_0900_ai_ci;

--
-- Dumping data for table `feedback`
--

INSERT INTO `feedback` (`id`, `customer_schedule_id`, `feedback_type`, `doctor_id`, `nurse_id`, `content`, `rating`, `response`, `created_date`) VALUES
(1, 1, 'doctor', 1, NULL, 'Doctor was very knowledgeable and helpful.', 5, NULL, '2024-08-27 16:20:27'),
(2, 1, 'nurse', NULL, 1, 'Nurse was very caring and professional.', 4, NULL, '2024-08-27 16:20:27'),
(9, 15, 'nurse', 4, 2, 'Dich vu tot', 4, NULL, '2024-12-18 16:31:19'),
(10, 15, 'nurse', 2, 2, 'goood', 4, NULL, '2024-12-18 22:53:52'),
(11, 15, 'nurse', 2, 2, 'goood', 4, NULL, '2024-12-18 22:54:26'),
(12, 17, 'nurse', 2, 1, 'tot', 4, NULL, '2024-12-21 00:27:42'),
(13, 19, 'nurse', 3, 3, 'dich vu tot', 5, NULL, '2024-12-21 16:05:22'),
(19, 29, 'nurse', 1, 1, 'MJJJ', 5, NULL, '2024-12-22 15:35:46'),
(21, 59, 'nurse', 1, 1, 'TOT', 5, NULL, '2024-12-23 07:38:34'),
(22, 62, 'nurse', 3, 3, 'cham soc tot', 4, NULL, '2025-03-03 22:09:17');

-- --------------------------------------------------------

--
-- Table structure for table `manufacturers`
--

CREATE TABLE `manufacturers` (
  `manufacturer_id` bigint NOT NULL,
  `name` varchar(100) NOT NULL,
  `country` varchar(100) DEFAULT NULL,
  `created_date` datetime DEFAULT CURRENT_TIMESTAMP
) ENGINE=InnoDB DEFAULT CHARSET=utf8mb4 COLLATE=utf8mb4_0900_ai_ci;

--
-- Dumping data for table `manufacturers`
--

INSERT INTO `manufacturers` (`manufacturer_id`, `name`, `country`, `created_date`) VALUES
(1, 'Sanofi', 'FRA', '2024-08-27 16:20:27'),
(2, 'MSD', 'USA', '2024-08-27 16:20:27'),
(3, 'Abbott', 'NLD', '2024-08-27 16:20:27'),
(4, 'Rotavirus', 'USA', '2024-08-27 16:20:27'),
(5, 'GSK', 'BEL', '2024-08-27 16:20:27'),
(6, 'Polyvac', 'VNM', '2024-08-27 16:20:27'),
(7, 'Astrazeneca', 'USA', '2024-08-27 16:20:27'),
(8, 'Davac', 'VNM', '2024-08-27 16:20:27'),
(9, 'Vabiotech', 'VNM', '2024-08-27 16:20:27'),
(10, 'Human Biological Institute', 'IND', '2024-08-27 16:20:27'),
(11, 'Takeda', 'JPN', '2024-08-27 16:20:27'),
(12, 'Center for Genetic Engineering and Biotechnology (C.I.G.B)', 'CUB', '2024-08-27 16:20:27');

-- --------------------------------------------------------

--
-- Table structure for table `news`
--

CREATE TABLE `news` (
  `news_id` bigint NOT NULL,
  `title` varchar(255) NOT NULL,
  `content` text NOT NULL,
  `image` varchar(255) DEFAULT NULL,
  `author_id` bigint NOT NULL,
  `topic_id` bigint NOT NULL,
  `created_date` datetime DEFAULT CURRENT_TIMESTAMP
) ENGINE=InnoDB DEFAULT CHARSET=utf8mb4 COLLATE=utf8mb4_0900_ai_ci;

--
-- Dumping data for table `news`
--

INSERT INTO `news` (`news_id`, `title`, `content`, `image`, `author_id`, `topic_id`, `created_date`) VALUES
(1, 'COVID-19 Vaccination Updates', 'Latest updates on COVID-19 vaccination', 'https://vnvc.vn/wp-content/uploads/2024/09/tiem-1-mui-phe-cau-co-duoc-khong.jpg', 1, 3, '2024-08-27 16:20:27'),
(2, 'Health Benefits of Regular Vaccination', 'Vaccination is crucial for maintaining public health...', 'https://vnvc.vn/wp-content/uploads/2024/08/vac-xin-bach-hau-ho-ga-uon-van-nguoi-lon.jpg', 1, 2, '2024-08-27 16:20:27');

-- --------------------------------------------------------

--
-- Table structure for table `news_sources`
--

CREATE TABLE `news_sources` (
  `source_id` bigint NOT NULL,
  `news_id` bigint NOT NULL,
  `source_name` varchar(255) NOT NULL,
  `source_url` varchar(255) NOT NULL
) ENGINE=InnoDB DEFAULT CHARSET=utf8mb4 COLLATE=utf8mb4_0900_ai_ci;

--
-- Dumping data for table `news_sources`
--

INSERT INTO `news_sources` (`source_id`, `news_id`, `source_name`, `source_url`) VALUES
(1, 1, 'WHO', 'https://www.who.int'),
(2, 2, 'CDC', 'https://www.cdc.gov');

-- --------------------------------------------------------

--
-- Table structure for table `nurses`
--

CREATE TABLE `nurses` (
  `nurse_id` bigint NOT NULL,
  `account_id` bigint NOT NULL,
  `qualification` varchar(100) DEFAULT NULL,
  `experience_years` int DEFAULT NULL,
  `bio` text,
  `created_date` datetime DEFAULT CURRENT_TIMESTAMP,
  `avatar` varchar(255) DEFAULT NULL,
  `full_name` varchar(255) DEFAULT NULL
) ENGINE=InnoDB DEFAULT CHARSET=utf8mb4 COLLATE=utf8mb4_0900_ai_ci;

--
-- Dumping data for table `nurses`
--

INSERT INTO `nurses` (`nurse_id`, `account_id`, `qualification`, `experience_years`, `bio`, `created_date`, `avatar`, `full_name`) VALUES
(1, 3, 'Tiêm chủng,Hỗ trợ sau tiêm', 8, 'Y tá giàu kinh nghiệm trong việc tiêm chủng cho trẻ nhỏ, đảm bảo quy trình an toàn và nhẹ nhàng. Luôn tạo cảm giác thoải mái và an tâm cho các bé.', '2024-08-27 16:20:27', 'http://res.cloudinary.com/dxqh3xpza/image/upload/v1734892355/yakib6j16xagx5dytcox.jpg', 'Lê Mai Phương'),
(2, 8, 'Tiêm chủng, Hỗ trợ sau tiêm', 8, 'Phụ trách tiêm chủng cho người lớn với các loại vaccine như cúm, viêm gan, HPV. Chính xác, chuyên nghiệp và tận tâm với từng khách hàng.', '2024-10-16 15:52:16', 'http://res.cloudinary.com/dxqh3xpza/image/upload/v1734892377/sgs2vcqsqxknsexenmeb.jpg', 'Trần Thị Lan'),
(3, 5, 'Tiêm chủng, Quản lý dụng cụ và vaccine', 6, 'Chịu trách nhiệm chuẩn bị dụng cụ, vaccine và đảm bảo vaccine được bảo quản đúng quy định. Theo dõi tồn kho và báo cáo tình trạng vaccine kịp thời.', '2024-10-16 15:52:16', 'http://res.cloudinary.com/dxqh3xpza/image/upload/v1734892386/vpxul6qms4ikhf51hbwr.jpg', 'Đỗ Thị Ngọc'),
(4, 12, 'Tiêm chủng, Hỗ trợ sau tiêm', 5, 'Chuyên theo dõi và xử lý các phản ứng nhẹ sau tiêm chủng. Hướng dẫn khách hàng cách chăm sóc và theo dõi tình trạng sức khỏe sau khi tiêm.', '2024-10-16 15:52:16', 'http://res.cloudinary.com/dxqh3xpza/image/upload/v1734892395/zny3vkf10odovlmogk79.jpg', 'Nguyễn Yến Nhi'),
(5, 26, 'Tiêm chủng, hỗ trợ sau tiêm', 6, 'Giàu kinh nghiệm hỗ trợ sau tiêm chủng.', '2024-10-16 15:52:16', 'http://res.cloudinary.com/dxqh3xpza/image/upload/v1734892403/zch6hwvlnth2fcx2pcpr.jpg', 'Nguyễn Thanh Minh'),
(6, 27, 'Tiêm chủng, quản lý dụng cụ y tế', 7, 'Chuyên quản lý dụng cụ y tế và hỗ trợ tiêm chủng.', '2024-10-16 15:52:16', 'http://res.cloudinary.com/dxqh3xpza/image/upload/v1734892410/xxul5zsvetsqrhrjbudl.jpg', 'Lê Yến Phương'),
(7, 28, 'Tiêm chủng, hỗ trợ bác sĩ', 5, 'Hỗ trợ bác sĩ trong các buổi khám và tiêm chủng.', '2024-10-16 15:52:16', 'http://res.cloudinary.com/dxqh3xpza/image/upload/v1734892418/ejzchgetgrnhgetpcy7k.jpg', 'Trần Hoàng Anh'),
(8, 29, 'Hỗ trợ tiêm chủng người lớn', 8, 'Chuyên trách hỗ trợ tiêm chủng cho người lớn.', '2024-10-16 15:52:16', 'http://res.cloudinary.com/dxqh3xpza/image/upload/v1734892427/lgezrumpvcc61r8nge9e.jpg', 'Trần Hải Vân'),
(9, 30, 'Tiêm chủng và xử lý các tình huống', 9, 'Xử lý các tình huống cấp cứu sau tiêm chủng tại trung tâm.', '2024-10-16 15:52:16', 'http://res.cloudinary.com/dxqh3xpza/image/upload/v1734892437/qzngayurcogwhq6kcwqz.jpg', 'Nguyễn Minh Đức'),
(10, 31, 'Tiêm chủng cho trẻ em', 4, 'Hỗ trợ tiêm chủng và theo dõi tình trạng sức khỏe cho trẻ nhỏ.', '2024-10-16 15:52:16', 'http://res.cloudinary.com/dxqh3xpza/image/upload/v1734892446/ndeqyyrendscfr22phg8.jpg', 'Nguyễn Thanh Thúy');

-- --------------------------------------------------------

--
-- Table structure for table `payment`
--

CREATE TABLE `payment` (
  `id` bigint NOT NULL,
  `customer_schedule_id` bigint NOT NULL,
  `amount` int NOT NULL,
  `created_date` datetime DEFAULT CURRENT_TIMESTAMP,
  `created_by` bigint NOT NULL,
  `order_id` varchar(255) DEFAULT NULL,
  `request_id` varchar(255) DEFAULT NULL,
  `pay_type` varchar(255) DEFAULT NULL
) ENGINE=InnoDB DEFAULT CHARSET=utf8mb4 COLLATE=utf8mb4_0900_ai_ci;

--
-- Dumping data for table `payment`
--

INSERT INTO `payment` (`id`, `customer_schedule_id`, `amount`, `created_date`, `created_by`, `order_id`, `request_id`, `pay_type`) VALUES
(1, 1, 20, '2024-08-27 16:20:27', 4, NULL, NULL, NULL),
(2, 2, 22, '2024-08-27 16:20:27', 4, NULL, NULL, NULL),
(4, 6, 300000, '2024-09-08 20:35:08', 4, '1725802464269', '1725802464269', NULL),
(7, 12, 2000000, '2024-10-29 08:50:52', 4, '1730166624914', '1730166624914', 'VNPAY'),
(8, 34, 780000, '2024-12-22 22:11:45', 23, '1734880263114', '1734880263114', 'VNPAY'),
(9, 35, 780000, '2024-12-22 22:14:39', 25, '1734880454230', '1734880454230', 'VNPAY'),
(10, 36, 780000, '2024-12-22 22:27:33', 25, '1734881234652', '1734881234652', 'VNPAY'),
(11, 38, 356000, '2024-12-23 03:47:00', 32, '1734900373878', '1734900373878', 'VNPAY'),
(12, 39, 780000, '2024-12-23 03:47:03', 9, '1734900357176', '1734900357176', 'VNPAY'),
(13, 40, 125000, '2024-12-23 03:48:13', 32, '1734900473245', '1734900473245', 'VNPAY'),
(14, 41, 780000, '2024-12-23 03:48:13', 9, '1734900472142', '1734900472142', 'VNPAY'),
(15, 43, 285000, '2024-12-23 03:49:54', 33, '1734900542668', '1734900542668', 'VNPAY'),
(16, 44, 690000, '2024-12-23 03:49:55', 9, '1734900572364', '1734900572364', 'VNPAY'),
(17, 45, 780000, '2024-12-23 03:49:58', 32, '1734900574033', '1734900574033', 'VNPAY'),
(18, 47, 780000, '2024-12-23 03:51:08', 33, '1734900647922', '1734900647922', 'VNPAY'),
(19, 49, 780000, '2024-12-23 03:52:46', 32, '1734900737168', '1734900737168', 'VNPAY'),
(20, 52, 780000, '2024-12-23 03:54:19', 9, '1734900837817', '1734900837817', 'VNPAY'),
(21, 53, 780000, '2024-12-23 03:54:39', 13, '1734900855903', '1734900855903', 'VNPAY'),
(22, 54, 780000, '2024-12-23 03:56:34', 33, '1734900973607', '1734900973607', 'VNPAY'),
(23, 56, 690000, '2024-12-23 04:29:54', 34, '1734902975790', '1734902975790', 'VNPAY'),
(24, 60, 396000, '2024-12-23 07:42:19', 35, '1734914515757', '1734914515757', 'VNPAY'),
(25, 62, 780000, '2025-03-03 22:07:17', 9, '1741014392036', '1741014392036', 'VNPAY');

-- --------------------------------------------------------

--
-- Table structure for table `payment_details`
--

CREATE TABLE `payment_details` (
  `payment_detail_id` bigint NOT NULL,
  `payment_id` bigint NOT NULL,
  `method_id` bigint NOT NULL,
  `amount` int NOT NULL,
  `transaction_date` datetime DEFAULT CURRENT_TIMESTAMP
) ENGINE=InnoDB DEFAULT CHARSET=utf8mb4 COLLATE=utf8mb4_0900_ai_ci;

--
-- Dumping data for table `payment_details`
--

INSERT INTO `payment_details` (`payment_detail_id`, `payment_id`, `method_id`, `amount`, `transaction_date`) VALUES
(1, 1, 1, 20, '2024-08-27 16:20:27'),
(2, 2, 2, 22, '2024-08-27 16:20:27');

-- --------------------------------------------------------

--
-- Table structure for table `payment_methods`
--

CREATE TABLE `payment_methods` (
  `method_id` bigint NOT NULL,
  `method_name` varchar(50) NOT NULL
) ENGINE=InnoDB DEFAULT CHARSET=utf8mb4 COLLATE=utf8mb4_0900_ai_ci;

--
-- Dumping data for table `payment_methods`
--

INSERT INTO `payment_methods` (`method_id`, `method_name`) VALUES
(1, 'Credit Card'),
(2, 'Bank Transfer'),
(3, 'Cash');

-- --------------------------------------------------------

--
-- Table structure for table `topics`
--

CREATE TABLE `topics` (
  `topic_id` bigint NOT NULL,
  `topic_name` varchar(100) NOT NULL,
  `created_date` datetime DEFAULT CURRENT_TIMESTAMP
) ENGINE=InnoDB DEFAULT CHARSET=utf8mb4 COLLATE=utf8mb4_0900_ai_ci;

--
-- Dumping data for table `topics`
--

INSERT INTO `topics` (`topic_id`, `topic_name`, `created_date`) VALUES
(1, 'Health', '2024-08-27 16:20:27'),
(2, 'Vaccination', '2024-08-27 16:20:27'),
(3, 'COVID-19', '2024-08-27 16:20:27');

-- --------------------------------------------------------

--
-- Table structure for table `vaccine`
--

CREATE TABLE `vaccine` (
  `id` bigint NOT NULL,
  `name` varchar(255) NOT NULL,
  `type_id` bigint NOT NULL,
  `manufacturer_id` bigint NOT NULL,
  `age_group_id` bigint NOT NULL,
  `description` text,
  `image` varchar(255) DEFAULT NULL,
  `price` int NOT NULL,
  `created_date` datetime DEFAULT CURRENT_TIMESTAMP,
  `inventory` int DEFAULT NULL,
  `status` varchar(255) DEFAULT NULL,
  `expiration_date` datetime DEFAULT NULL,
  `quantity` int DEFAULT NULL
) ENGINE=InnoDB DEFAULT CHARSET=utf8mb4 COLLATE=utf8mb4_0900_ai_ci;

--
-- Dumping data for table `vaccine`
--

INSERT INTO `vaccine` (`id`, `name`, `type_id`, `manufacturer_id`, `age_group_id`, `description`, `image`, `price`, `created_date`, `inventory`, `status`, `expiration_date`, `quantity`) VALUES
(1, 'VẮC XIN Pentaxim', 1, 1, 4, 'Vắc xin Pentaxim là vắc xin kết hợp phòng được 5 loại bệnh trong 1 mũi tiêm, bao gồm: Ho gà, bạch hầu, uốn ván, bại liệt và các bệnh viêm phổi, viêm màng não mủ do H.Influenzae týp B (Hib). Tích hợp trong duy nhất trong 1 vắc xin, 5 trong 1 Pentaxim giúp giảm số mũi tiêm, đồng nghĩa với việc hạn chế đau đớn cho bé khi phải tiêm quá nhiều.', 'https://www.fivevac.com.vn/uploads/plugin/product_items/3/1657945740-1201994004-v-c-xin-5-trong-1-pentaxim-phap.jpg', 780000, '2024-08-27 16:20:27', 47120, 'DELETE', NULL, NULL),
(2, 'VẮC XIN Infanrix Hexa (6in1)', 1, 5, 4, 'Vắc xin Infanrix Hexa là vắc xin kết hợp phòng được 6 loại bệnh trong 1 mũi tiêm, bao gồm: Ho gà, bạch hầu, uốn ván, bại liệt, viêm gan B và các bệnh viêm phổi, viêm màng não mủ do H.Influenzae týp B (Hib). Tích hợp trong duy nhất trong 1 vắc xin, 6 trong 1 Infanrix Hexa giúp giảm số mũi tiêm, đồng nghĩa với việc hạn chế đau đớn cho bé khi phải tiêm quá nhiều mũi.', 'https://vnvc.vn/wp-content/uploads/2017/04/vac-xin-Infanrix-hexa.jpg', 1015000, '2024-08-27 16:20:27', 49000, 'ACTIVE', NULL, NULL),
(3, 'VẮC XIN Hexaxim (6in1)', 1, 1, 4, 'Vắc xin Hexaxim là vắc xin kết hợp phòng được 6 loại bệnh trong 1 mũi tiêm, bao gồm: Ho gà, bạch hầu, uốn ván, bại liệt, viêm gan B và các bệnh viêm phổi, viêm màng não mủ do H.Influenzae týp B (Hib). Tích hợp trong duy nhất trong 1 vắc xin, 6 trong 1 Hexaxim giúp giảm số mũi tiêm, đồng nghĩa với việc hạn chế đau đớn cho bé khi phải tiêm quá nhiều. ', 'https://vnvc.vn/wp-content/uploads/2018/06/hexaxim.png', 1048000, '2024-08-27 16:20:27', 49000, 'ACTIVE', NULL, NULL),
(4, 'VẮC XIN HPV', 12, 2, 8, 'Có 2 loại vắc xin giúp phòng ngừa tình trạng viêm nhiễm do các loại virus HPV gây bệnh được cấp phép sử dụng gồm: Gardasil 9, Gardasil. Vắc xin HPV có khả năng khả năng phòng ung thư cổ tử cung, âm hộ, âm đạo, các tổn thương tiền ung thư và loạn sản, mụn cóc sinh dục và bệnh lý do nhiễm virus HPV dành cho tất cả các giới.', 'https://cdn.benhvienthucuc.vn/wp-content/uploads/2022/11/vac-xin-hpv-co-may-loai-thong-tin-chi-tiet-ve-doi-tuong-va-lich-tiem.jpg', 790000, '2024-12-18 16:21:57', 49440, 'DELETE', NULL, NULL),
(5, 'VẮC XIN RotaTeq - phòng virut rota tiêu chảy', 14, 4, 1, 'Rotateq là vắc xin sống giảm độc lực phòng ngừa Rotavirus, ngũ giá, dùng đường uống được chỉ định cho trẻ từ 7,5 tuần tuổi phòng viêm dạ dày – ruột do Rotavirus ở trẻ nhỏ gây ra bởi các tuýp vi-rút G1, G2, G3, G4 và các tuýp có chứa P1A (ví dụ như G9).', 'https://bizweb.dktcdn.net/thumb/1024x1024/100/524/140/products/rotateq-2c5babe7-ba85-4761-a706-753d28c865f1.jpg?v=1726452742513', 665000, '2024-12-18 16:21:57', 50000, 'ACTIVE', NULL, NULL),
(6, 'VẮC XIN Adacel', 1, 1, 9, 'Vắc xin Adacel tạo miễn dịch chủ động nhắc lại nhằm phòng bệnh ho gà – bạch hầu – uốn ván.', 'https://www.vinmec.com/static/uploads/medium_20191125_101236_398750_adacel_max_1800x1800_jpg_3d1f56216b.jpg', 775000, '2024-12-18 16:21:57', 47880, 'ACTIVE', NULL, NULL),
(7, 'VẮC XIN Boostrix', 1, 5, 9, 'Vắc xin Boostrix tạo đáp ứng kháng thể chống 3 bệnh ho gà – bạch hầu – uốn ván.', 'https://vnvc.vn/wp-content/uploads/2020/02/vac-xin-boostrix.jpg', 795000, '2024-12-18 16:21:57', 49000, 'ACTIVE', NULL, NULL),
(8, 'VẮC XIN Tetraxim', 1, 3, 7, 'Vắc xin 4 trong 1 Tetraxim được chỉ định để phòng ngừa các bệnh ho gà, bạch hầu, uốn ván, bại liệt cho trẻ từ 2 tháng tuổi trở lên đến 13 tuổi tùy theo mỗi quốc gia.', 'https://vnvc.vn/wp-content/uploads/2021/02/vac-xin-tetraxim.jpg', 645000, '2024-12-18 16:21:57', 49000, 'ACTIVE', NULL, NULL),
(9, 'VẮC XIN Uốn ván, bạch hầu hấp phụ (Td) – Lọ 0.5ml', 1, 6, 7, 'Vắc xin uốn ván – bạch hầu hấp phụ (Td) được chỉ định cho trẻ em lứa tuổi lớn (từ 7 tuổi trở lên) và người lớn nhằm gây miễn dịch, phòng các bệnh uốn ván và bạch hầu.', 'https://vnvc.vn/wp-content/uploads/2020/07/vac-xin-uon-van-bach-hau-hap-phu-td.jpg', 225000, '2024-12-18 16:21:57', 49000, 'ACTIVE', NULL, NULL),
(10, 'Vắc xin uốn ván hấp phụ (TT)', 1, 8, 7, 'Vắc xin uốn ván hấp phụ (TT) giúp tạo miễn dịch chủ động phòng bệnh uốn ván cho người lớn và trẻ em. ', 'https://cdn.nhathuoclongchau.com.vn/unsafe/https://cms-prod.s3-sgn09.fptcloud.com/vac_xin_uon_van_hap_phu_viet_nam_1_aaad330b92.jpg', 149000, '2024-12-18 16:21:57', 49000, 'ACTIVE', NULL, NULL),
(11, 'Huyết thanh uốn ván (SAT)', 1, 3, 9, 'Huyết thanh uốn ván SAT được dùng để phòng ngừa uốn ván ở người vừa mới bị vết thương có thể nhiễm bào tử uốn ván, bao gồm những người không tiêm ngừa uốn ván trong 10 năm gần đây, hoặc không nhớ rõ lịch tiêm uốn ván. ', 'https://vnvc.vn/wp-content/uploads/2021/02/huyet-thanh-uon-van-SAT.jpg', 175000, '2024-12-18 16:21:57', 48800, 'ACTIVE', NULL, NULL),
(12, 'VẮC XIN Rotarix', 14, 4, 1, 'Rotarix là vắc xin sống, giảm độc lực được chỉ định cho trẻ từ 6 tuần tuổi phòng viêm dạ dày – ruột do Rotavirus tuýp huyết thanh G1 và không phải G1. Mặc dù trong thành phần chỉ có 1 tuýp G1P tuy nhiên vắc xin có khả năng bảo vệ chéo tất cả các tuýp G1 và không phải G1 (G2, G3, G4, G9).', 'https://www.vinmec.com/static/uploads/small_20200122_085422_454115_IMG_6587_max_1800x1800_jpg_e2bfba5e88.jpg', 825000, '2024-12-18 16:21:57', 49000, 'ACTIVE', NULL, NULL),
(13, 'VẮC XIN Rotavin', 14, 4, 1, 'Vắc xin Rotavin là vắc xin sống giảm độc lực có tác dụng phòng nguy cơ nhiễm virus Rota – nguyên nhân gây tình trạng tiêu chảy cấp ở trẻ nhỏ. Vắc xin có dung dịch màu hồng, được sản xuất trên dây chuyền công nghệ hiện đại, đạt các tiêu chuẩn của Tổ chức Y tế Thế giới (WHO) về vắc xin uống.', 'https://vnvc.vn/wp-content/uploads/2020/05/vac-xin-rotavin-1.jpg', 490000, '2024-12-18 16:21:57', 49000, 'ACTIVE', NULL, NULL),
(14, 'VẮC XIN Gene Hbvax 1ml', 26, 3, 9, 'Vắc xin phòng viêm gan B tái tổ hợp Gene-HBvax phòng bệnh do virus viêm gan B – loại virus này có thể lây truyền qua đường máu, qua quan hệ tình dục và từ mẹ truyền sang con với khả năng lây nhiễm cao gấp 10 lần so với virus HIV. Một khi nhiễm virus viêm gan B người bệnh phải chấp nhận sống chung với bệnh suốt đời. 25% trong bệnh nhân viêm gan siêu vi B sẽ phát sinh những vấn đề nghiêm trọng về gan, kể cả ung thư gan.', 'https://vnvc.vn/wp-content/uploads/2023/03/vac-xin-Gene-HBvax.jpg', 220000, '2024-12-18 16:21:57', 49000, 'ACTIVE', NULL, NULL),
(15, 'VẮC XIN Heberbiovac 1ml	', 26, 2, 9, 'Vắc xin Heberbiovac HB là vắc xin viêm gan B tái tổ hợp phòng bệnh do virus viêm gan B – loại virus có thể lây truyền dễ dàng qua đường máu, quan hệ tình dục và từ mẹ truyền sang con.', 'https://vnvc.vn/wp-content/uploads/2022/08/vac-xin-Heberbiovac-HB.jpg', 285000, '2024-12-18 16:21:57', 49000, 'ACTIVE', NULL, NULL),
(16, 'VẮC XIN Gene Hbvax 0.5ml	', 27, 11, 6, 'Vắc xin phòng viêm gan B tái tổ hợp Gene-HBvax phòng bệnh do virus viêm gan B – loại virus này có thể lây truyền qua đường máu, qua quan hệ tình dục và từ mẹ truyền sang con với khả năng lây nhiễm cao gấp 10 lần so với virus HIV. Một khi nhiễm virus viêm gan B người bệnh phải chấp nhận sống chung với bệnh suốt đời. 25% trong bệnh nhân viêm gan siêu vi B sẽ phát sinh những vấn đề nghiêm trọng về gan, kể cả ung thư gan.', 'https://tiemchungdalat.com.vn/wp-content/uploads/2024/03/geneb.jpg', 199000, '2024-12-18 16:21:57', 50000, 'ACTIVE', NULL, NULL),
(17, 'VẮC XIN Heberbiovac 0.5ml	', 27, 2, 6, 'Vắc xin Heberbiovac HB là vắc xin viêm gan B tái tổ hợp phòng bệnh do virus viêm gan B – loại virus có thể lây truyền dễ dàng qua đường máu, quan hệ tình dục và từ mẹ truyền sang con.', 'https://benhvientantao.com/wp-content/uploads/2023/05/HBV01.png', 265000, '2024-12-18 16:21:57', 48440, 'ACTIVE', NULL, NULL),
(18, 'VẮC XIN Bexsero	', 27, 7, 7, 'Vắc xin Bexsero được chỉ định để chủng ngừa cho trẻ và người lớn từ 2 tháng tuổi đến 50 tuổi (chưa đến sinh nhật 51 tuổi) chống lại bệnh não mô cầu xâm lấn do Neisseria meningitidis nhóm B gây ra với hiệu quả lên đến 95%.', 'https://vnvc.vn/wp-content/uploads/2024/02/bexsero.jpg', 1750000, '2024-12-18 16:21:57', 49000, 'ACTIVE', NULL, NULL),
(19, 'VẮC XIN VA-Mengoc-BC', 27, 2, 6, 'Vắc xin VA-Mengoc-BC phòng bệnh viêm màng não do não mô cầu khuẩn Meningococcal tuýp B và C gây ra.', 'https://vnvc.vn/wp-content/uploads/2017/04/vac-xin-va-mengoc-bc.jpg', 315000, '2024-12-18 16:21:57', 49000, 'ACTIVE', NULL, NULL),
(20, 'VẮC XIN Menactra', 27, 10, 6, 'Vắc xin Menactra được chỉ định để tạo miễn dịch chủ động cơ bản và nhắc lại phòng bệnh xâm lấn do N.meningitidis (vi khuẩn não mô cầu) các nhóm huyết thanh A, C, Y, W-135 gây ra, như: viêm màng não, nhiễm trùng huyết, viêm phổi…', 'https://www.vinmec.com/static/uploads/20200425_052506_792750_1_nguoi_co_can_tiem_max_1800x1800_jpg_bfd4726fd3.jpg', 1370000, '2024-12-18 16:21:57', 49000, 'ACTIVE', NULL, NULL),
(21, 'VẮC XIN Twinrix', 28, 2, 7, 'Vắc xin Twinrix được chỉ định để phòng 2 bệnh viêm gan A và viêm gan B ở trẻ em từ 1 tuổi và người lớn chưa có miễn dịch.', 'https://vnvc.vn/wp-content/uploads/2017/04/vac-xin-twinrix.jpg', 690000, '2024-12-18 16:21:57', 49000, 'ACTIVE', NULL, NULL),
(22, 'VẮC XIN Havax 0.5ml', 28, 3, 9, 'Vắc-xin Havax là vắc xin phòng bệnh viêm gan A, có chứa virus viêm gan A chủng HM175 được bất hoạt bằng formaldehyde và hấp phụ với hydroxyt nhôm.', 'https://bizweb.dktcdn.net/thumb/1024x1024/100/438/325/products/havax-vac-xin-viem-gan-a-fvc.jpg?v=1636276538187', 255000, '2024-12-18 16:21:57', 49000, 'ACTIVE', NULL, NULL),
(23, 'VẮC XIN Avaxim 80U', 28, 2, 9, 'Vắc xin Avaxim 80U tạo miễn dịch chủ động phòng ngừa virus gây bệnh viêm gan siêu vi A.', 'https://cdccantho.vn/uploads/news/2022_07/avaxim-80ui.jpg', 660000, '2024-12-18 16:21:57', 49000, 'ACTIVE', NULL, NULL),
(24, 'VẮC XIN Gardasil 9', 12, 8, 8, 'Vắc xin thế hệ mới Gardasil 9 được xem là vắc xin bình đẳng giới vì mở rộng cả đối tượng và phạm vi phòng bệnh rộng hơn ở nam và nữ giới, bảo vệ khỏi 9 tuýp virus HPV phổ biến 6, 11, 16, 18, 31, 33, 45, 52 và 58 gây bệnh ung thư cổ tử cung, ung thư âm hộ, ung thư âm đạo, ung thư hậu môn, ung thư hầu họng, mụn cóc sinh dục, các tổn thương tiền ung thư hoặc loạn sản…, với hiệu quả bảo vệ lên đến trên 90%.', 'https://vnvc.vn/wp-content/uploads/2022/05/gardasil-9-1.png', 2950000, '2024-12-18 16:21:57', 49000, 'ACTIVE', NULL, NULL),
(25, 'VẮC XIN Gardasil ', 12, 2, 8, 'Vắc xin Gardasil (Mỹ) phòng bệnh ung thư cổ tử cung, âm hộ, âm đạo, các tổn thương tiền ung thư và loạn sản, mụn cóc sinh dục, các bệnh lý do nhiễm virus HPV, được chỉ định dành cho trẻ em và phụ nữ trong độ tuổi từ 9-26 tuổi.', 'https://www.vinmec.com/static/uploads/small_20191230_085232_064321_gardasil_max_1800x1800_png_d8f633ef66.png', 1790000, '2024-12-18 16:21:57', 49000, 'ACTIVE', NULL, NULL),
(26, 'VẮC XIN Vaxigrip Tetra 0.5ml', 29, 6, 7, 'Vắc xin cúm Tứ giá Vaxigrip Tetra phòng được 4 chủng tuýp virus cúm gồm: 2 chủng cúm A (H1N1, H3N2) và 2 chủng cúm B (Yamagata, Victoria).', 'https://cdn.nhathuoclongchau.com.vn/unsafe/https://cms-prod.s3-sgn09.fptcloud.com/vac_xin_vaxigrip_tetra_tu_phap_c622687f69.jpg', 356000, '2024-12-18 16:21:57', 49000, 'ACTIVE', NULL, NULL),
(27, 'VẮC XIN Influvac Tetra 0.5ml', 29, 2, 7, 'Vắc xin Cúm Tứ giá Influvac Tetra được chỉ định để phòng ngừa bệnh cúm mùa do virus cúm thuộc hai chủng cúm A (H1N1, H3N2) và hai chủng cúm B (Yamagata, Victoria).', 'https://bizweb.dktcdn.net/100/089/365/files/vac-xin-influvac-tetra-2019.jpg?v=1667444801176', 356000, '2024-12-18 16:21:57', 49000, 'ACTIVE', NULL, NULL),
(28, 'VẮC XIN Ivacflu-S 0.5ml', 29, 11, 7, 'Vắc xin Ivacflu – S phòng 3 chủng cúm A(H3N2), cúm A(H1N1),và cúm B (Victoria/Yamagata).', 'https://vnvc.vn/wp-content/uploads/2021/02/vac-xin-ivacflu-s.jpg', 265000, '2024-12-18 16:21:57', 49000, 'ACTIVE', NULL, NULL),
(29, 'VẮC XIN MVVac', 30, 10, 3, 'Vắc xin MVVAC tạo miễn dịch chủ động phòng bệnh sởi cho trẻ từ 9 tháng tuổi trở lên và người chưa có kháng thể sởi.', 'https://cdn.nhathuoclongchau.com.vn/unsafe/https://cms-prod.s3-sgn09.fptcloud.com/vac_xin_mvvac_viet_nam_1_9ee1e9cd73.jpg', 396000, '2024-12-18 16:21:57', 48880, 'DELETE', NULL, NULL),
(30, 'VẮC XIN MMR II (3 in 1)', 30, 2, 5, 'Vắc xin phối hợp MMR-II của Mỹ là vắc xin sống giảm độc lực tạo miễn dịch chủ động dùng để ngăn ngừa nhiễm virus bệnh sởi, quai bị và rubella. Thuốc hoạt động bằng cách giúp cơ thể tạo kháng thể chống lại virus.', 'https://benhvienphuongdong.vn/public/uploads/tin-tuc/bai-viet/mmr-ii-1.jpg', 445000, '2024-12-18 16:21:57', 49000, 'ACTIVE', NULL, NULL),
(31, 'VẮC XIN Priorix', 30, 2, 2, 'Vắc xin Priorix có thể tiêm sớm cho trẻ từ 9 tháng tuổi, Priorix có thể tăng khả năng bảo vệ lên đến 98% nếu tiêm đủ 2 mũi. Priorix bảo vệ sớm cho trẻ, giảm tỷ lệ bệnh nặng và tử vong, giúp ngăn ngừa sự lây lan của virus.', 'https://vnvc.vn/wp-content/uploads/2022/07/vac-xin-priorix.jpg', 495000, '2024-12-18 16:21:57', 49000, 'ACTIVE', NULL, NULL),
(32, 'VẮC XIN Verorab 0.5ml', 31, 3, 7, 'Vắc xin Verorab có tác dụng tạo miễn dịch chủ động phòng bệnh dại cho cả người lớn và trẻ em, sau khi tiếp xúc hoặc bị con vật nghi bị dại cắn.', 'https://cdn.nhathuoclongchau.com.vn/unsafe/https://cms-prod.s3-sgn09.fptcloud.com/vac_xin_verorab_phap_1_765a297df4.png', 495000, '2024-12-18 16:21:57', 49000, 'ACTIVE', NULL, NULL),
(33, 'VẮC XIN Abhayrab 0.5ml', 31, 12, 7, 'Vắc xin Abhayrab có tác dụng tạo miễn dịch chủ động phòng bệnh dại cho cả người lớn và trẻ em, sau khi tiếp xúc hoặc bị con vật nghi bị dại cắn.', 'https://cdn.nhathuoclongchau.com.vn/unsafe/https://cms-prod.s3-sgn09.fptcloud.com/1_Cropped_673f5e9f46.jpg', 415000, '2024-12-18 16:21:57', 49000, 'ACTIVE', NULL, NULL),
(34, 'VẮC XIN Qdenga', 32, 2, 7, 'Vắc xin Qdenga là chế phẩm sinh học đặc biệt có khả năng phòng bệnh sốt xuất huyết do virus Dengue gây ra, có khả năng bảo vệ chống lại cả 4 nhóm huyết thanh của virus dengue, bao gồm DEN-1, DEN-2, DEN-3 và DEN-4, được chỉ định tiêm cho người từ 4 tuổi trở lên với hiệu lực bảo vệ hơn 80% nguy cơ mắc bệnh do 4 tuýp virus Dengue và trên 90% nguy cơ nhập viện, mắc bệnh nặng và biến chứng nguy hiểm do bệnh sốt xuất huyết gây ra.', 'https://vnvc.vn/wp-content/uploads/2024/09/qdenga.png', 1390000, '2024-12-18 16:21:57', 49000, 'ACTIVE', NULL, NULL),
(35, 'VẮC XIN Imojev', 33, 4, 3, 'Imojev là vắc xin phòng viêm não Nhật Bản được chỉ định cho trẻ em từ 9 tháng tuổi trở lên và người lớn.', 'https://www.vinmec.com/static/uploads/20191120_145025_830079_imojev_1_max_1800x1800_jpg_680fffaac1.jpg', 875000, '2024-12-18 16:21:57', 49000, 'ACTIVE', NULL, NULL),
(36, 'VẮC XIN Jeev 3mcg/0.5ml', 33, 2, 3, 'Vắc xin JEEV là loại vắc xin tinh khiết, bất hoạt qua nuôi cấy từ tế bào Vero, giúp cơ thể tạo ra miễn dịch chủ động nhằm dự phòng bệnh viêm não Nhật Bản.', 'https://5.imimg.com/data5/SELLER/Default/2024/2/391745937/QM/TJ/MM/4323067/jeev-vaccine-500x500.jpg', 399000, '2024-12-18 16:21:57', 49000, 'ACTIVE', NULL, NULL),
(37, 'VẮC XIN Jevax 1ml	', 33, 6, 3, 'Jevax là vắc xin phòng viêm não Nhật Bản được chỉ định cho trẻ em từ 12 tháng tuổi trở lên và người lớn.', 'https://www.vinmec.com/static/uploads/20191120_143847_760279_jevax_1_max_1800x1800_jpg_36e06d2681.jpg', 198000, '2024-12-18 16:21:57', 49000, 'ACTIVE', NULL, NULL),
(38, 'VẮC XIN BCG (lọ 1ml)', 35, 10, 3, 'Vắc xin BCG phòng ngừa hiệu quả các hình thái lao nguy hiểm, trong đó có lao viêm màng não với độ bảo vệ lên tới 70%. Vắc xin được khuyến cáo cho trẻ sơ sinh và trẻ nhỏ, chỉ cần tiêm 1 liều duy nhất có thể bảo vệ trọn đời, không cần tiêm nhắc lại.', 'https://vnvc.vn/wp-content/uploads/2017/04/vac-xin-bcg.jpg', 155000, '2024-12-18 16:21:57', 49000, 'ACTIVE', NULL, NULL),
(39, 'VẮC XIN Varivax	', 36, 6, 5, 'Vắc xin Varivax tạo miễn dịch chủ động phòng bệnh Thủy đậu do virus Varicella Zoster gây ra.', 'https://tanimed.vn/userimages/2019/12/14/1/varivax.jpg', 1085000, '2024-12-18 16:21:57', 49000, 'ACTIVE', NULL, NULL),
(40, 'VẮC XIN Varilrix', 36, 2, 3, 'Vắc xin Varilrix (Bỉ) là vắc xin sống giảm độc lực phòng bệnh thủy đậu do virus Varicella Zoster cho trẻ từ 9 tháng tuổi và người lớn chưa có miễn dịch.', 'https://vnvc.vn/wp-content/uploads/2021/01/vac-xin-varilrix.jpg', 1085000, '2024-12-18 16:21:57', 49000, 'ACTIVE', NULL, NULL),
(41, 'VẮC XIN Shingrix', 37, 12, 10, 'Vắc xin Shingrix là sinh phẩm y tế được chỉ định để phòng bệnh zona thần kinh (Herpes Zoster) hay còn gọi là giời leo và các biến chứng liên quan đến Herpes Zoster, như đau dây thần kinh sau khi mắc zona (PHN). Vắc xin Shingrix được chỉ định sử dụng để tiêm ngừa cho người lớn từ 50 tuổi trở lên và người từ 18 tuổi trở lên có nguy cơ mắc zona thần kinh.', 'https://www.vinmec.com/static/uploads/20210516_213559_521689_Shingrix_Kit_max_1800x1800_jpg_c85d8dba50.jpg', 3890000, '2024-12-18 16:21:57', 49000, 'ACTIVE', NULL, NULL),
(42, 'VẮC XIN Morcvax', 38, 6, 9, 'Vắc xin mORCVAX phòng bệnh bệnh truyền nhiễm cấp tính do vi khuẩn tả Vibrio cholerae gây nên.', 'https://vnvc.vn/wp-content/uploads/2019/06/vac-xin-mORCVAX.jpg', 165000, '2024-12-18 16:21:57', 49000, 'ACTIVE', NULL, NULL),
(43, 'VẮC XIN AstraZeneca', 39, 7, 5, ' Vắc-xin AstraZeneca do Tập đoàn AstraZeneca sản xuất đã được cấp phép sử dụng khẩn cấp tại 181 quốc gia, vùng lãnh thổ và được Tổ chức Y tế thế giới (WHO) đưa vào danh sách sử dụng khẩn cấp. AstraZeneca được Việt nam phê duyệt ngày 01/02/2021 và triển khai tiêm chủng từ tháng 3/2021, hiện đang có số lượng sử dụng nhiều nhất tại Việt Nam. Đây là loại vắc xin sản xuất theo công nghệ vector, sử dụng 2 liều cách nhau 8-12 tuần.', 'https://media.thanhtra.com.vn/public/data/images/0/2024/05/03/thanhluong/vac-xin-astrazeneca.jpg?w=1319', 125000, '2024-12-18 16:21:57', 49000, 'ACTIVE', NULL, NULL),
(65, 'VẮC XIN Vaxchora', 38, 3, 3, '<p>Vaccine Vaxchora gi&uacute;p ph&ograve;ng ngừa bệnh tả do vi khuẩn Vibrio cholerae, hiệu quả cao trong c&aacute;c khu vực lưu h&agrave;nh.</p>', 'http://res.cloudinary.com/dxqh3xpza/image/upload/v1734896410/ycmrpuixm3r3dnxonmai.jpg', 1050000, '2024-12-23 01:42:36', 50000, 'ACTIVE', NULL, NULL),
(66, 'VẮC XIN Dukoral', 38, 12, 5, '<p>Vaccine Dukoral được khuyến nghị cho người đi du lịch đến v&ugrave;ng c&oacute; dịch bệnh tả, d&ugrave;ng cho người từ 2 tuổi trở l&ecirc;n.</p>', 'https://encrypted-tbn0.gstatic.com/images?q=tbn:ANd9GcSfiAM9qipPsqicm6FSXU6_JJWf2OWAmXGNfA&s', 970000, '2024-12-23 01:44:45', 50000, 'ACTIVE', NULL, NULL),
(67, 'VẮC XIN Shanchol', 38, 9, 4, '<p>Vaccine Shanchol gi&uacute;p bảo vệ trẻ từ 1 tuổi v&agrave; người lớn khỏi bệnh tả, đặc biệt hiệu quả ở c&aacute;c khu vực thiếu điều kiện vệ sinh.</p>', 'https://www.ivi.int/wp-content/uploads/2018/10/ivi-img-DEVELOP.jpg', 890000, '2024-12-23 01:45:46', 50000, 'ACTIVE', NULL, NULL),
(68, 'VẮC XIN Euvichol-Plus', 38, 9, 5, '<p>Vaccine Euvichol-Plus bảo vệ chống lại vi khuẩn Vibrio cholerae, d&ugrave;ng cho trẻ từ 2 tuổi trở l&ecirc;n.</p>', 'https://encrypted-tbn0.gstatic.com/images?q=tbn:ANd9GcTSQLboNdIwCrtAfrcppKFBseggWH88YChYYg&s', 910000, '2024-12-23 01:46:26', 50000, 'ACTIVE', NULL, NULL),
(69, 'VẮC XIN CholeraGuard', 38, 9, 5, '<p>Vaccine CholeraGuard ph&ograve;ng ngừa hiệu quả bệnh tả ở trẻ v&agrave; người lớn khi đến v&ugrave;ng dịch hoặc c&oacute; nguy cơ phơi nhiễm.</p>', 'https://www.ivi.int/wp-content/uploads/2023/12/Euvichol-S-packaging-600x334.jpg', 920000, '2024-12-23 01:46:57', 50000, 'ACTIVE', NULL, NULL),
(70, 'VẮC XIN PaxVax', 38, 10, 4, '<p>Vaccine PaxVax gi&uacute;p bảo vệ khỏi bệnh tả do vi khuẩn Vibrio cholerae O1, ph&ugrave; hợp cho trẻ từ 1 tuổi trở l&ecirc;n.</p>', 'https://www.mcguff.com/content/images/thumbs/0016205_vivotif-typhoid-oral-vaccine-4-capsulesbottle-refrigerated_415.jpeg', 870000, '2024-12-23 01:47:38', 50000, 'ACTIVE', NULL, NULL),
(71, 'VẮC XIN BioCholera', 38, 12, 5, '<p>Vaccine BioCholera cung cấp khả năng miễn dịch chống lại vi khuẩn tả, hiệu quả được kiểm chứng tại c&aacute;c v&ugrave;ng nguy cơ cao.</p>', 'https://encrypted-tbn0.gstatic.com/images?q=tbn:ANd9GcQRB4a0ZyNLO8DNH3kcv-eWy5m2gDVo6appnee17pUejC8af-SQJIrDU3lKRfxoT0pJcdQ&usqp=CAU', 850000, '2024-12-23 01:48:13', 50000, 'ACTIVE', NULL, NULL),
(72, 'VẮC XIN CholShield', 38, 11, 5, '<p>Vaccine CholShield bảo vệ trẻ em v&agrave; người lớn khỏi bệnh tả, gi&uacute;p ngăn ngừa nguy cơ l&acirc;y lan trong cộng đồng.</p>', 'https://product.hstatic.net/200000101597/product/c6_cv-sau_f24acf20b5cd42d4845d2ca21954bce8_master.png', 890000, '2024-12-23 01:48:42', 50000, 'ACTIVE', NULL, NULL),
(73, 'VẮC XIN CholeraSafe', 38, 11, 5, '<p>Vaccine CholeraSafe cung cấp sự bảo vệ mạnh mẽ chống lại bệnh tả ở những v&ugrave;ng c&oacute; nguy cơ cao.</p>', 'https://ph.virbac.com/files/live/sites/virbac-ph/files/swine%20hc2.png', 910000, '2024-12-23 01:49:12', 50000, 'ACTIVE', NULL, NULL),
(74, 'VẮC XIN BioRota', 14, 3, 5, '<p>Vaccine BioRota bảo vệ trẻ khỏi bệnh ti&ecirc;u chảy do virus Rota.</p>', 'https://www.bioveta.cz/obrazek.php?id=431-31-1-2017.jpeg', 890000, '2024-12-23 02:08:55', 50000, 'ACTIVE', NULL, NULL),
(75, 'VẮC XIN RotaNova', 14, 10, 5, '<p>Vaccine RotaNova bảo vệ hiệu quả chống lại virus Rota g&acirc;y ti&ecirc;u chảy.</p>', 'https://encrypted-tbn0.gstatic.com/images?q=tbn:ANd9GcTeeulzoY3V5H0ww35wx4NrJneJAN_tXnDgCg&s', 880000, '2024-12-23 02:09:36', 50000, 'ACTIVE', NULL, NULL),
(76, 'VẮC XIN RotaEase', 14, 10, 5, '<p>Vaccine RotaEase gi&uacute;p trẻ em an to&agrave;n trước nguy cơ bệnh ti&ecirc;u chảy.</p>', 'https://bizweb.dktcdn.net/thumb/grande/100/438/325/products/24.jpg?v=1633511523357', 910000, '2024-12-23 02:10:15', 50000, 'ACTIVE', NULL, NULL),
(77, 'VẮC XIN BCG-Moreau', 35, 10, 5, '<p>Vaccine BCG-Moreau được sử dụng rộng r&atilde;i để bảo vệ trẻ em trước nguy cơ bệnh lao.</p>', 'https://www.cphi-online.com/46/product/128/80/84/BCG10-3D.jpg', 51000, '2024-12-23 02:11:08', 50000, 'ACTIVE', NULL, NULL),
(78, 'VẮC XIN BCG-Bulgaria', 35, 2, 5, '<p>Vaccine BCG-Bulgaria được kiểm chứng về độ hiệu quả trong ph&ograve;ng bệnh lao.</p>', 'https://encrypted-tbn0.gstatic.com/images?q=tbn:ANd9GcQe3tRAOh07KUB1X4_-DAjZHA8NSnECP_3QPw&s', 52000, '2024-12-23 02:11:55', 50000, 'ACTIVE', NULL, NULL),
(79, 'VẮC XIN HPVax', 12, 3, 8, '<p>Vaccine HPVax gi&uacute;p bảo vệ phụ nữ khỏi c&aacute;c chủng HPV nguy hiểm.</p>', 'https://encrypted-tbn0.gstatic.com/images?q=tbn:ANd9GcQuEbdBIq8TdNoq1CF4tmWvc0M-1E3c6ghjUA&s', 2100000, '2024-12-23 02:13:08', 50000, 'ACTIVE', NULL, NULL),
(80, 'VẮC XIN Cervarix', 12, 9, 8, '<p>Vaccine Cervarix ngăn ngừa HPV tu&yacute;p 16 v&agrave; 18 g&acirc;y ung thư cổ tử cung.</p>', 'https://image.nhandan.vn/w800/Files/Images/2021/11/05/vaccine-1636070644881.jpg.webp', 1900000, '2024-12-23 02:13:57', 50000, 'ACTIVE', NULL, NULL),
(81, 'VẮC XIN Sinovac', 39, 7, 7, '<p>Vaccine Sinovac sử dụng c&ocirc;ng nghệ bất hoạt để ph&ograve;ng COVID-19.</p>', 'https://cdn.tuoitre.vn/thumb_w/480/471584752817336320/2024/1/12/4113638138678507850886288487832486076016921n-17050416819781942385160.png', 1200000, '2024-12-23 02:15:40', 50000, 'ACTIVE', NULL, NULL),
(82, 'VẮC XIN Johnson & Johnson', 39, 9, 5, '<p>Vaccine Johnson &amp; Johnson bảo vệ khỏi COVID-19 chỉ với một liều.</p>', 'https://media.tuyenquangtv.vn/public/file/fb9e3a036ab59c2c016ac3618a0d3aec/fb9e3a036e39d22d016f0265c63e3fb1/042021/ap21103408192426-16183541453252103312870_20210414091822.jpg', 1250000, '2024-12-23 02:16:20', 50000, 'ACTIVE', NULL, NULL),
(83, 'VẮC XIN Sputnik V', 39, 12, 5, '<p>Vaccine Sputnik V ngăn ngừa COVID-19 hiệu quả với c&ocirc;ng nghệ vector.</p>', 'http://res.cloudinary.com/dxqh3xpza/image/upload/v1734896486/t4mkesphcwlnzc9dlgyk.jpg', 1350000, '2024-12-23 02:16:56', 50000, 'ACTIVE', NULL, NULL),
(84, 'VẮC XIN Sinopharm', 39, 9, 5, '<p>Vaccine Sinopharm bảo vệ khỏi COVID-19, được WHO ph&ecirc; duyệt.</p>', 'https://media.baobinhphuoc.com.vn/upload/news/10_2021/sinopharm_18245207102021.jpg', 1100000, '2024-12-23 02:17:33', 50000, 'ACTIVE', NULL, NULL),
(85, 'VẮC XIN Covovax', 39, 5, 5, '<p>Vaccine Covovax ngăn ngừa COVID-19 với hiệu quả cao.</p>', 'https://cdn.tuoitre.vn/thumb_w/480/2021/12/17/2021-12-02t154021z1453922746rc2f6r9p71m9rtrmadp3health-coronavirus-novavax-omicron-1639759818299436640254.jpg', 1250000, '2024-12-23 02:18:38', 50000, 'ACTIVE', NULL, NULL),
(86, 'VẮC XIN Pfizer', 39, 3, 5, '<p>Vaccine Pfizer gi&uacute;p ph&ograve;ng COVID-19 hiệu quả với c&ocirc;ng nghệ mRNA.</p>', 'https://media.vov.vn/sites/default/files/styles/large/public/2021-09/15-08-2021-chinh-phu-dong-y-mua-bo-sung-gan-20-trieu-lieu-vaccine-pfizer-ef6bdd7a.jpg', 1500000, '2024-12-23 02:19:09', 50000, 'ACTIVE', NULL, NULL),
(87, 'VẮC XIN Dengvaxia', 32, 2, 3, '<p>Vaccine Dengvaxia gi&uacute;p ph&ograve;ng bệnh sốt xuất huyết do virus Dengue.</p>', 'https://www.empr.com/wp-content/uploads/sites/7/2022/01/2f8cce79e1104319b1495cf8bdbdddea-Dengvaxia_monog.jpg', 950000, '2024-12-23 02:21:33', 50000, 'ACTIVE', NULL, NULL),
(88, 'VẮC XIN Takeda', 32, 3, 3, '<p>Vaccine Takeda ph&ograve;ng bệnh sốt xuất huyết ở trẻ em v&agrave; người lớn.</p>', 'https://36care.com/wp-content/uploads/2024/11/Dengue-News-Takeda-New-Dengue-Vaccine-QDENGA-WHO.jpg', 970000, '2024-12-23 02:22:06', 50000, 'ACTIVE', NULL, NULL),
(89, 'VẮC XIN Sanofi Dengue', 32, 1, 3, '<p>Vaccine Sanofi Dengue cung cấp bảo vệ đ&aacute;ng tin cậy chống sốt xuất huyết.</p>', 'https://pharmafile.com/wp-content/uploads/2018/03/dengvaxia.jpg', 960000, '2024-12-23 02:22:46', 50000, 'ACTIVE', NULL, NULL),
(90, 'VẮC XIN DengPrev', 32, 6, 3, '<p>Vaccine DengPrev ngăn ngừa sốt xuất huyết Dengue hiệu quả.</p>', 'https://product.hstatic.net/200000101597/product/5_6452d57b70464127957f2536b4638609_master.jpg', 930000, '2024-12-23 02:23:45', 50000, 'ACTIVE', NULL, NULL),
(93, 'Vaccine Vaqta ', 30, 4, 3, '<p>Vaccine Vaqta gi&uacute;p bảo vệ chống lại bệnh vi&ecirc;m gan A, được khuyến nghị cho trẻ nhỏ v&agrave; người lớn.</p>', 'http://res.cloudinary.com/dxqh3xpza/image/upload/v1734915036/sadjic2lsulyy9yocwza.jpg', 125000, '2024-12-23 07:50:37', 1000, 'ACTIVE', NULL, NULL);

-- --------------------------------------------------------

--
-- Table structure for table `vaccine_distribution`
--

CREATE TABLE `vaccine_distribution` (
  `distribution_id` bigint NOT NULL,
  `inventory_id` bigint NOT NULL,
  `distribution_type` enum('imports','export') CHARACTER SET utf8mb4 COLLATE utf8mb4_0900_ai_ci NOT NULL,
  `quantity` int NOT NULL,
  `distribution_date` datetime DEFAULT CURRENT_TIMESTAMP
) ENGINE=InnoDB DEFAULT CHARSET=utf8mb4 COLLATE=utf8mb4_0900_ai_ci;

--
-- Dumping data for table `vaccine_distribution`
--

INSERT INTO `vaccine_distribution` (`distribution_id`, `inventory_id`, `distribution_type`, `quantity`, `distribution_date`) VALUES
(1, 1, 'export', 100, '2024-08-27 16:20:27'),
(2, 2, 'export', 150, '2024-08-27 16:20:27');

-- --------------------------------------------------------

--
-- Table structure for table `vaccine_inventory`
--

CREATE TABLE `vaccine_inventory` (
  `inventory_id` bigint NOT NULL,
  `vaccine_id` bigint NOT NULL,
  `center_id` bigint NOT NULL,
  `quantity` int NOT NULL,
  `import_date` datetime DEFAULT CURRENT_TIMESTAMP,
  `export_date` datetime DEFAULT NULL,
  `created_date` datetime DEFAULT CURRENT_TIMESTAMP,
  `status` varchar(255) DEFAULT NULL
) ENGINE=InnoDB DEFAULT CHARSET=utf8mb4 COLLATE=utf8mb4_0900_ai_ci;

--
-- Dumping data for table `vaccine_inventory`
--

INSERT INTO `vaccine_inventory` (`inventory_id`, `vaccine_id`, `center_id`, `quantity`, `import_date`, `export_date`, `created_date`, `status`) VALUES
(1, 1, 1, 100, '2024-08-27 16:20:27', NULL, '2024-08-27 16:20:27', NULL),
(2, 2, 1, 150, '2024-08-27 16:20:27', NULL, '2024-08-27 16:20:27', NULL),
(3, 4, 1, 0, NULL, NULL, NULL, 'Đang sử dụng');

-- --------------------------------------------------------

--
-- Table structure for table `vaccine_schedule`
--

CREATE TABLE `vaccine_schedule` (
  `id` bigint NOT NULL,
  `vaccine_id` bigint NOT NULL,
  `center_id` bigint NOT NULL,
  `created_by` bigint NOT NULL,
  `start_date` date NOT NULL,
  `end_date` date NOT NULL,
  `limit_people` int NOT NULL,
  `created_date` datetime DEFAULT CURRENT_TIMESTAMP,
  `description` varchar(255) DEFAULT NULL,
  `id_pre_schedule` bigint DEFAULT NULL,
  `num_month_loop` int DEFAULT NULL,
  `price` decimal(19,2) DEFAULT NULL
) ENGINE=InnoDB DEFAULT CHARSET=utf8mb4 COLLATE=utf8mb4_0900_ai_ci;

--
-- Dumping data for table `vaccine_schedule`
--

INSERT INTO `vaccine_schedule` (`id`, `vaccine_id`, `center_id`, `created_by`, `start_date`, `end_date`, `limit_people`, `created_date`, `description`, `id_pre_schedule`, `num_month_loop`, `price`) VALUES
(1, 1, 1, 1, '2024-09-01', '2024-09-01', 50, '2024-08-27 16:20:27', NULL, NULL, NULL, NULL),
(2, 2, 1, 1, '2024-11-02', '2024-11-04', 600, '2024-08-27 16:20:27', NULL, NULL, NULL, NULL),
(3, 2, 1, 1, '2024-10-15', '2024-10-20', 2000, '2024-08-28 17:49:40', NULL, NULL, NULL, NULL),
(5, 1, 1, 1, '2024-11-01', '2024-11-03', 50, '2024-10-28 09:43:02', NULL, NULL, NULL, NULL),
(6, 1, 1, 1, '2024-11-01', '2024-11-06', 170, '2024-10-28 11:29:13', NULL, NULL, NULL, NULL),
(8, 1, 1, 1, '2024-12-01', '2024-12-04', 20, '2024-10-29 19:15:41', 'đây là mũi tiêm thứ 2', 5, NULL, NULL),
(9, 1, 1, 1, '2024-11-14', '2024-11-23', 1800, '2024-11-09 22:22:12', 'gẻg', NULL, NULL, NULL),
(10, 1, 1, 1, '2024-11-14', '2024-11-14', 10, '2024-11-12 10:06:16', 'rgerg', NULL, NULL, NULL),
(14, 2, 1, 1, '2024-12-15', '2024-12-18', 200, '2024-11-13 11:31:44', 'few', 3, NULL, NULL),
(15, 2, 1, 1, '2024-11-18', '2024-11-18', 1, '2024-11-17 22:06:05', 'gẻgreg', NULL, NULL, NULL),
(16, 2, 1, 1, '2024-11-24', '2024-11-28', 100, '2024-11-24 07:07:25', '', NULL, NULL, NULL),
(17, 2, 1, 5, '2024-11-30', '2024-12-04', 20, '2024-11-29 07:38:31', '', NULL, NULL, NULL),
(18, 4, 1, 9, '2024-12-19', '2024-12-26', 50, '2024-12-18 16:23:48', 'Vắc xin HPV', NULL, NULL, NULL),
(19, 4, 1, 14, '2024-12-25', '2025-01-01', 30, '2024-12-18 23:17:18', 'vaccine hpv', NULL, NULL, NULL),
(20, 2, 1, 15, '2024-12-19', '2024-12-20', 10, '2024-12-18 23:17:46', '', NULL, NULL, NULL),
(21, 5, 1, 9, '2024-12-22', '2024-12-28', 500, '2024-12-21 00:17:58', 'Vaccine rotateq', NULL, NULL, NULL),
(22, 1, 1, 9, '2024-12-23', '2024-12-30', 1000, '2024-12-21 15:00:38', '', NULL, NULL, NULL),
(23, 2, 1, 9, '2024-12-23', '2024-12-30', 1000, '2024-12-21 15:01:10', '', NULL, NULL, NULL),
(24, 3, 1, 9, '2024-12-23', '2024-12-30', 1000, '2024-12-21 15:01:26', '', NULL, NULL, NULL),
(25, 6, 1, 9, '2024-12-23', '2024-12-30', 1000, '2024-12-21 15:02:19', '', NULL, NULL, NULL),
(26, 7, 1, 9, '2024-12-23', '2024-12-30', 1000, '2024-12-21 15:02:35', '', NULL, NULL, NULL),
(27, 8, 1, 9, '2024-12-23', '2024-12-30', 1000, '2024-12-21 15:04:23', '', NULL, NULL, NULL),
(28, 9, 1, 9, '2024-12-23', '2024-12-30', 1000, '2024-12-21 15:04:38', '', NULL, NULL, NULL),
(29, 10, 1, 9, '2024-12-23', '2024-12-30', 1000, '2024-12-21 15:04:59', '', NULL, NULL, NULL),
(30, 11, 1, 9, '2024-12-23', '2024-12-30', 1000, '2024-12-21 15:05:15', '', NULL, NULL, NULL),
(31, 12, 1, 9, '2024-12-23', '2024-12-30', 1000, '2024-12-21 15:05:35', '', NULL, NULL, NULL),
(32, 13, 1, 9, '2024-12-23', '2024-12-30', 1000, '2024-12-21 15:05:52', '', NULL, NULL, NULL),
(33, 14, 1, 9, '2024-12-23', '2024-12-30', 1000, '2024-12-21 15:07:48', '', NULL, NULL, NULL),
(34, 15, 1, 9, '2024-12-23', '2024-12-30', 1000, '2024-12-21 15:08:11', '', NULL, NULL, NULL),
(36, 16, 1, 9, '2024-12-23', '2024-12-30', 1000, '2024-12-21 15:08:43', '', NULL, NULL, NULL),
(37, 17, 1, 9, '2024-12-23', '2024-12-30', 1000, '2024-12-21 15:09:15', '', NULL, NULL, NULL),
(38, 18, 1, 9, '2024-12-23', '2024-12-30', 1000, '2024-12-21 15:09:32', '', NULL, NULL, NULL),
(39, 19, 1, 9, '2024-12-23', '2024-12-30', 1000, '2024-12-21 15:09:48', '', NULL, NULL, NULL),
(40, 20, 1, 9, '2024-12-23', '2024-12-30', 1000, '2024-12-21 15:10:15', '', NULL, NULL, NULL),
(41, 21, 1, 9, '2024-12-23', '2024-12-30', 1000, '2024-12-21 15:10:32', '', NULL, NULL, NULL),
(42, 22, 1, 9, '2024-12-23', '2024-12-30', 1000, '2024-12-21 15:10:53', '', NULL, NULL, NULL),
(44, 23, 1, 9, '2024-12-23', '2024-12-30', 1000, '2024-12-21 15:11:29', '', NULL, NULL, NULL),
(45, 24, 1, 9, '2024-12-23', '2024-12-30', 1000, '2024-12-21 15:11:57', '', NULL, NULL, NULL),
(46, 25, 1, 9, '2024-12-23', '2024-12-30', 1000, '2024-12-21 15:12:11', '', NULL, NULL, NULL),
(47, 26, 1, 9, '2024-12-23', '2024-12-30', 1000, '2024-12-21 15:12:29', '', NULL, NULL, NULL),
(48, 27, 1, 9, '2024-12-23', '2024-12-30', 1000, '2024-12-21 15:12:49', '', NULL, NULL, NULL),
(49, 28, 1, 9, '2024-12-23', '2024-12-30', 1000, '2024-12-21 15:13:05', '', NULL, NULL, NULL),
(51, 30, 1, 9, '2024-12-23', '2024-12-30', 1000, '2024-12-21 15:13:44', '', NULL, NULL, NULL),
(52, 31, 1, 9, '2024-12-23', '2024-12-30', 1000, '2024-12-21 15:13:59', '', NULL, NULL, NULL),
(53, 32, 1, 9, '2024-12-23', '2024-12-30', 1000, '2024-12-21 15:14:23', '', NULL, NULL, NULL),
(54, 34, 1, 9, '2024-12-23', '2024-12-30', 1000, '2024-12-21 15:14:44', '', NULL, NULL, NULL),
(55, 33, 1, 9, '2024-12-23', '2024-12-30', 1000, '2024-12-21 15:15:02', '', NULL, NULL, NULL),
(56, 35, 1, 9, '2024-12-23', '2024-12-30', 1000, '2024-12-21 15:15:21', '', NULL, NULL, NULL),
(57, 36, 1, 9, '2024-12-23', '2024-12-30', 1000, '2024-12-21 15:15:37', '', NULL, NULL, NULL),
(58, 37, 1, 9, '2024-12-23', '2024-12-30', 1000, '2024-12-21 15:15:50', '', NULL, NULL, NULL),
(59, 38, 1, 9, '2024-12-23', '2024-12-30', 1000, '2024-12-21 15:16:09', '', NULL, NULL, NULL),
(60, 43, 1, 9, '2024-12-23', '2024-12-30', 1000, '2024-12-21 15:16:36', '', NULL, NULL, NULL),
(61, 39, 1, 9, '2024-12-23', '2024-12-30', 560, '2024-12-21 15:16:51', '', NULL, NULL, NULL),
(62, 40, 1, 9, '2024-12-23', '2024-12-30', 640, '2024-12-21 15:17:04', '', NULL, NULL, NULL),
(63, 41, 1, 9, '2024-12-23', '2024-12-30', 640, '2024-12-21 15:17:17', '', NULL, NULL, NULL),
(64, 42, 1, 9, '2024-12-23', '2024-12-30', 640, '2024-12-21 15:17:32', '', NULL, NULL, NULL),
(65, 17, 1, 9, '2024-12-30', '2025-01-06', 560, '2024-12-21 16:55:26', '', NULL, NULL, NULL),
(66, 11, 1, 20, '2024-12-24', '2024-12-31', 560, '2024-12-22 14:11:22', '', NULL, NULL, NULL),
(68, 1, 1, 20, '2024-12-24', '2024-12-31', 560, '2024-12-22 14:44:41', '', NULL, NULL, NULL),
(69, 6, 1, 12, '2024-12-31', '2025-01-05', 560, '2024-12-22 15:38:07', 'Dukoral là vaccine phòng bệnh tả và tiêu chảy do vi khuẩn ETEC. Vaccine dạng uống, dễ sử dụng và an toàn cho cả người lớn và trẻ nhỏ.', NULL, NULL, NULL),
(70, 1, 1, 20, '2025-01-02', '2025-01-05', 560, '2024-12-22 22:24:45', '', NULL, NULL, NULL),
(71, 1, 1, 20, '2025-02-01', '2025-02-05', 560, '2024-12-22 22:28:44', 'bạn có lịch hẹn hôm nay', 70, NULL, NULL),
(72, 4, 1, 16, '2024-12-26', '2025-01-02', 560, '2024-12-23 06:38:24', 'hjhjhj', NULL, NULL, NULL),
(73, 29, 1, 16, '2025-01-01', '2025-01-08', 560, '2024-12-23 07:39:19', 'Vắc xin MVVAC tạo miễn dịch chủ động phòng bệnh sởi cho trẻ từ 12 tháng tuổi trở lên và người chưa có kháng thể sởi.', NULL, NULL, NULL),
(74, 29, 1, 16, '2025-02-09', '2025-02-16', 560, '2024-12-23 07:45:54', '', 73, NULL, NULL),
(75, 1, 1, 14, '2025-01-05', '2025-01-12', 560, '2025-01-04 10:29:22', '', NULL, NULL, NULL),
(76, 1, 1, 14, '2025-03-04', '2025-03-11', 560, '2025-03-03 22:02:41', '', NULL, NULL, NULL),
(77, 6, 1, 14, '2025-03-04', '2025-03-11', 560, '2025-03-03 22:16:24', '', NULL, NULL, NULL);

-- --------------------------------------------------------

--
-- Table structure for table `vaccine_schedule_doctor`
--

CREATE TABLE `vaccine_schedule_doctor` (
  `id` bigint NOT NULL,
  `inject_date` date DEFAULT NULL,
  `doctor_doctor_id` bigint DEFAULT NULL,
  `vaccine_schedule_id` bigint DEFAULT NULL
) ENGINE=InnoDB DEFAULT CHARSET=utf8mb4 COLLATE=utf8mb4_0900_ai_ci;

--
-- Dumping data for table `vaccine_schedule_doctor`
--

INSERT INTO `vaccine_schedule_doctor` (`id`, `inject_date`, `doctor_doctor_id`, `vaccine_schedule_id`) VALUES
(3, '2024-10-15', 1, 3),
(4, '2024-11-30', 1, 17),
(5, '2024-11-30', 2, 17),
(6, '2024-12-21', 1, 18),
(7, '2024-12-21', 3, 18),
(8, '2024-12-21', 2, 18),
(9, '2024-12-21', 4, 18),
(10, '2024-12-19', 1, 18),
(11, '2024-12-22', 1, 21),
(12, '2024-12-22', 3, 21),
(13, '2024-12-22', 2, 21),
(14, '2024-12-22', 4, 21),
(15, '2024-12-23', 1, 21),
(16, '2024-12-23', 3, 21),
(17, '2024-12-23', 2, 21),
(18, '2024-12-23', 4, 21),
(19, '2024-12-24', 1, 21),
(20, '2024-12-24', 3, 21),
(21, '2024-12-24', 2, 21),
(22, '2024-12-24', 4, 21),
(23, '2024-12-25', 1, 21),
(24, '2024-12-25', 3, 21),
(25, '2024-12-25', 2, 21),
(26, '2024-12-25', 4, 21),
(27, '2024-12-26', 1, 21),
(28, '2024-12-26', 3, 21),
(29, '2024-12-26', 2, 21),
(30, '2024-12-26', 4, 21),
(31, '2024-12-27', 1, 21),
(32, '2024-12-27', 3, 21),
(33, '2024-12-27', 2, 21),
(34, '2024-12-27', 4, 21),
(35, '2024-12-28', 1, 21),
(36, '2024-12-28', 3, 21),
(37, '2024-12-28', 2, 21),
(38, '2024-12-28', 4, 21),
(39, '2024-12-01', 2, 8),
(40, '2024-12-23', 1, 22),
(41, '2024-12-23', 3, 22),
(42, '2024-12-23', 2, 22),
(43, '2024-12-23', 4, 22),
(44, '2024-12-24', 1, 22),
(45, '2024-12-24', 3, 22),
(46, '2024-12-24', 2, 22),
(47, '2024-12-24', 4, 22),
(48, '2024-12-25', 1, 22),
(49, '2024-12-25', 3, 22),
(50, '2024-12-25', 2, 22),
(51, '2024-12-25', 4, 22),
(52, '2024-12-26', 1, 22),
(53, '2024-12-26', 3, 22),
(54, '2024-12-26', 2, 22),
(55, '2024-12-26', 4, 22),
(56, '2024-12-27', 1, 22),
(57, '2024-12-27', 3, 22),
(58, '2024-12-27', 2, 22),
(59, '2024-12-27', 4, 22),
(60, '2024-12-28', 1, 22),
(61, '2024-12-28', 3, 22),
(62, '2024-12-28', 2, 22),
(63, '2024-12-28', 4, 22),
(64, '2024-12-29', 1, 22),
(65, '2024-12-29', 3, 22),
(66, '2024-12-29', 2, 22),
(67, '2024-12-29', 4, 22),
(68, '2024-12-30', 1, 22),
(69, '2024-12-30', 3, 22),
(70, '2024-12-30', 2, 22),
(71, '2024-12-30', 4, 22),
(72, '2024-12-23', 1, 64),
(73, '2024-12-23', 3, 64),
(74, '2024-12-23', 2, 64),
(75, '2024-12-23', 4, 64),
(76, '2024-12-24', 1, 64),
(77, '2024-12-24', 3, 64),
(78, '2024-12-24', 2, 64),
(79, '2024-12-24', 4, 64),
(80, '2024-12-25', 1, 64),
(81, '2024-12-25', 3, 64),
(82, '2024-12-25', 2, 64),
(83, '2024-12-25', 4, 64),
(84, '2024-12-26', 1, 64),
(85, '2024-12-26', 3, 64),
(86, '2024-12-26', 2, 64),
(87, '2024-12-26', 4, 64),
(88, '2024-12-27', 1, 64),
(89, '2024-12-27', 3, 64),
(90, '2024-12-27', 2, 64),
(91, '2024-12-27', 4, 64),
(92, '2024-12-28', 1, 64),
(93, '2024-12-28', 3, 64),
(94, '2024-12-28', 2, 64),
(95, '2024-12-28', 4, 64),
(96, '2024-12-29', 1, 64),
(97, '2024-12-29', 3, 64),
(98, '2024-12-29', 2, 64),
(99, '2024-12-29', 4, 64),
(100, '2024-12-30', 1, 64),
(101, '2024-12-30', 3, 64),
(102, '2024-12-30', 2, 64),
(103, '2024-12-30', 4, 64),
(104, '2024-12-30', 1, 63),
(105, '2024-12-30', 3, 63),
(106, '2024-12-30', 2, 63),
(107, '2024-12-30', 4, 63),
(108, '2024-12-23', 1, 63),
(109, '2024-12-23', 3, 63),
(110, '2024-12-23', 2, 63),
(111, '2024-12-23', 4, 63),
(112, '2024-12-24', 1, 63),
(113, '2024-12-24', 3, 63),
(114, '2024-12-24', 2, 63),
(115, '2024-12-24', 4, 63),
(116, '2024-12-25', 1, 63),
(117, '2024-12-25', 3, 63),
(118, '2024-12-25', 2, 63),
(119, '2024-12-25', 4, 63),
(120, '2024-12-26', 1, 63),
(121, '2024-12-26', 3, 63),
(122, '2024-12-26', 2, 63),
(123, '2024-12-26', 4, 63),
(124, '2024-12-27', 1, 63),
(125, '2024-12-27', 3, 63),
(126, '2024-12-27', 2, 63),
(127, '2024-12-27', 4, 63),
(128, '2024-12-28', 1, 63),
(129, '2024-12-28', 3, 63),
(130, '2024-12-28', 2, 63),
(131, '2024-12-28', 4, 63),
(132, '2024-12-29', 1, 63),
(133, '2024-12-29', 3, 63),
(134, '2024-12-29', 2, 63),
(135, '2024-12-29', 4, 63),
(140, '2024-12-23', 1, 62),
(141, '2024-12-23', 3, 62),
(142, '2024-12-23', 2, 62),
(143, '2024-12-23', 4, 62),
(144, '2024-12-24', 1, 62),
(145, '2024-12-24', 3, 62),
(146, '2024-12-24', 2, 62),
(147, '2024-12-24', 4, 62),
(148, '2024-12-25', 1, 62),
(149, '2024-12-25', 3, 62),
(150, '2024-12-25', 2, 62),
(151, '2024-12-25', 4, 62),
(152, '2024-12-26', 1, 62),
(153, '2024-12-26', 3, 62),
(154, '2024-12-26', 2, 62),
(155, '2024-12-26', 4, 62),
(156, '2024-12-27', 1, 62),
(157, '2024-12-27', 3, 62),
(158, '2024-12-27', 2, 62),
(159, '2024-12-27', 4, 62),
(160, '2024-12-28', 1, 62),
(161, '2024-12-28', 3, 62),
(162, '2024-12-28', 2, 62),
(163, '2024-12-28', 4, 62),
(164, '2024-12-29', 1, 62),
(165, '2024-12-29', 3, 62),
(166, '2024-12-29', 2, 62),
(167, '2024-12-29', 4, 62),
(168, '2024-12-30', 1, 62),
(169, '2024-12-30', 3, 62),
(170, '2024-12-30', 2, 62),
(171, '2024-12-30', 4, 62),
(172, '2024-12-23', 1, 60),
(173, '2024-12-23', 3, 60),
(174, '2024-12-23', 2, 60),
(175, '2024-12-23', 4, 60),
(176, '2024-12-24', 1, 60),
(177, '2024-12-24', 3, 60),
(178, '2024-12-24', 2, 60),
(179, '2024-12-24', 4, 60),
(180, '2024-12-26', 1, 60),
(181, '2024-12-26', 3, 60),
(182, '2024-12-26', 2, 60),
(183, '2024-12-26', 4, 60),
(184, '2024-12-25', 1, 60),
(185, '2024-12-25', 3, 60),
(186, '2024-12-25', 2, 60),
(187, '2024-12-25', 4, 60),
(188, '2024-12-27', 1, 60),
(189, '2024-12-27', 3, 60),
(190, '2024-12-27', 2, 60),
(191, '2024-12-27', 4, 60),
(192, '2024-12-28', 1, 60),
(193, '2024-12-28', 3, 60),
(194, '2024-12-28', 2, 60),
(195, '2024-12-28', 4, 60),
(196, '2024-12-29', 1, 60),
(197, '2024-12-29', 3, 60),
(198, '2024-12-29', 2, 60),
(199, '2024-12-29', 4, 60),
(200, '2024-12-30', 1, 60),
(201, '2024-12-30', 3, 60),
(202, '2024-12-30', 2, 60),
(203, '2024-12-30', 4, 60),
(204, '2024-12-23', 1, 59),
(205, '2024-12-23', 3, 59),
(206, '2024-12-23', 2, 59),
(207, '2024-12-23', 4, 59),
(208, '2024-12-24', 1, 59),
(209, '2024-12-24', 3, 59),
(210, '2024-12-24', 2, 59),
(211, '2024-12-24', 4, 59),
(212, '2024-12-25', 1, 59),
(213, '2024-12-25', 3, 59),
(214, '2024-12-25', 2, 59),
(215, '2024-12-25', 4, 59),
(216, '2024-12-26', 1, 59),
(217, '2024-12-26', 3, 59),
(218, '2024-12-26', 2, 59),
(219, '2024-12-26', 4, 59),
(220, '2024-12-27', 1, 59),
(221, '2024-12-27', 3, 59),
(222, '2024-12-27', 2, 59),
(223, '2024-12-27', 4, 59),
(224, '2024-12-28', 1, 59),
(225, '2024-12-28', 3, 59),
(226, '2024-12-28', 2, 59),
(227, '2024-12-28', 4, 59),
(228, '2024-12-29', 1, 59),
(229, '2024-12-29', 3, 59),
(230, '2024-12-29', 2, 59),
(231, '2024-12-29', 4, 59),
(232, '2024-12-30', 1, 59),
(233, '2024-12-30', 3, 59),
(234, '2024-12-30', 2, 59),
(235, '2024-12-30', 4, 59),
(236, '2024-12-23', 1, 58),
(237, '2024-12-23', 3, 58),
(238, '2024-12-23', 2, 58),
(239, '2024-12-23', 4, 58),
(240, '2024-12-24', 1, 58),
(241, '2024-12-24', 3, 58),
(242, '2024-12-24', 2, 58),
(243, '2024-12-24', 4, 58),
(244, '2024-12-25', 1, 58),
(245, '2024-12-25', 3, 58),
(246, '2024-12-25', 2, 58),
(247, '2024-12-25', 4, 58),
(248, '2024-12-26', 1, 58),
(249, '2024-12-26', 3, 58),
(250, '2024-12-26', 2, 58),
(251, '2024-12-26', 4, 58),
(252, '2024-12-27', 1, 58),
(253, '2024-12-27', 3, 58),
(254, '2024-12-27', 2, 58),
(255, '2024-12-27', 4, 58),
(256, '2024-12-29', 1, 58),
(257, '2024-12-29', 3, 58),
(258, '2024-12-29', 2, 58),
(259, '2024-12-29', 4, 58),
(260, '2024-12-28', 1, 58),
(261, '2024-12-28', 3, 58),
(262, '2024-12-28', 2, 58),
(263, '2024-12-28', 4, 58),
(264, '2024-12-30', 1, 58),
(265, '2024-12-30', 3, 58),
(266, '2024-12-30', 2, 58),
(267, '2024-12-30', 4, 58),
(268, '2024-12-23', 1, 57),
(269, '2024-12-23', 3, 57),
(270, '2024-12-23', 2, 57),
(271, '2024-12-23', 4, 57),
(272, '2024-12-24', 1, 57),
(273, '2024-12-24', 3, 57),
(274, '2024-12-24', 2, 57),
(275, '2024-12-24', 4, 57),
(276, '2024-12-25', 1, 57),
(277, '2024-12-25', 3, 57),
(278, '2024-12-25', 2, 57),
(279, '2024-12-25', 4, 57),
(280, '2024-12-26', 1, 57),
(281, '2024-12-26', 3, 57),
(282, '2024-12-26', 2, 57),
(283, '2024-12-26', 4, 57),
(284, '2024-12-28', 1, 57),
(285, '2024-12-28', 3, 57),
(286, '2024-12-28', 2, 57),
(287, '2024-12-28', 4, 57),
(288, '2024-12-27', 1, 57),
(289, '2024-12-27', 3, 57),
(290, '2024-12-27', 2, 57),
(291, '2024-12-27', 4, 57),
(292, '2024-12-29', 1, 57),
(293, '2024-12-29', 3, 57),
(294, '2024-12-29', 2, 57),
(295, '2024-12-29', 4, 57),
(296, '2024-12-30', 1, 57),
(297, '2024-12-30', 3, 57),
(298, '2024-12-30', 2, 57),
(299, '2024-12-30', 4, 57),
(300, '2024-12-23', 1, 56),
(301, '2024-12-23', 3, 56),
(302, '2024-12-23', 2, 56),
(303, '2024-12-23', 4, 56),
(308, '2024-12-25', 1, 56),
(309, '2024-12-25', 3, 56),
(310, '2024-12-25', 2, 56),
(311, '2024-12-25', 4, 56),
(312, '2024-12-24', 1, 56),
(313, '2024-12-24', 3, 56),
(314, '2024-12-24', 2, 56),
(315, '2024-12-24', 4, 56),
(316, '2024-12-27', 1, 56),
(317, '2024-12-27', 3, 56),
(318, '2024-12-27', 2, 56),
(319, '2024-12-27', 4, 56),
(320, '2024-12-26', 1, 56),
(321, '2024-12-26', 3, 56),
(322, '2024-12-26', 2, 56),
(323, '2024-12-26', 4, 56),
(324, '2024-12-28', 1, 56),
(325, '2024-12-28', 3, 56),
(326, '2024-12-28', 2, 56),
(327, '2024-12-28', 4, 56),
(328, '2024-12-29', 1, 56),
(329, '2024-12-29', 3, 56),
(330, '2024-12-29', 2, 56),
(331, '2024-12-29', 4, 56),
(332, '2024-12-30', 1, 56),
(333, '2024-12-30', 3, 56),
(334, '2024-12-30', 2, 56),
(335, '2024-12-30', 4, 56),
(336, '2024-12-23', 1, 55),
(337, '2024-12-23', 3, 55),
(338, '2024-12-23', 2, 55),
(339, '2024-12-23', 4, 55),
(340, '2024-12-24', 1, 55),
(341, '2024-12-24', 3, 55),
(342, '2024-12-24', 2, 55),
(343, '2024-12-24', 4, 55),
(344, '2024-12-25', 1, 55),
(345, '2024-12-25', 3, 55),
(346, '2024-12-25', 2, 55),
(347, '2024-12-25', 4, 55),
(348, '2024-12-26', 1, 55),
(349, '2024-12-26', 3, 55),
(350, '2024-12-26', 2, 55),
(351, '2024-12-26', 4, 55),
(352, '2024-12-27', 1, 55),
(353, '2024-12-27', 3, 55),
(354, '2024-12-27', 2, 55),
(355, '2024-12-27', 4, 55),
(360, '2024-12-28', 1, 55),
(361, '2024-12-28', 3, 55),
(362, '2024-12-28', 2, 55),
(363, '2024-12-28', 4, 55),
(364, '2024-12-29', 1, 55),
(365, '2024-12-29', 3, 55),
(366, '2024-12-29', 2, 55),
(367, '2024-12-29', 4, 55),
(368, '2024-12-30', 1, 55),
(369, '2024-12-30', 3, 55),
(370, '2024-12-30', 2, 55),
(371, '2024-12-30', 4, 55),
(372, '2024-12-23', 2, 54),
(373, '2024-12-23', 1, 54),
(374, '2024-12-23', 3, 54),
(375, '2024-12-23', 4, 54),
(376, '2024-12-24', 2, 54),
(377, '2024-12-24', 1, 54),
(378, '2024-12-24', 3, 54),
(379, '2024-12-24', 4, 54),
(380, '2024-12-25', 2, 54),
(381, '2024-12-25', 1, 54),
(382, '2024-12-25', 3, 54),
(383, '2024-12-25', 4, 54),
(384, '2024-12-26', 2, 54),
(385, '2024-12-26', 1, 54),
(386, '2024-12-26', 3, 54),
(387, '2024-12-26', 4, 54),
(388, '2024-12-27', 2, 54),
(389, '2024-12-27', 1, 54),
(390, '2024-12-27', 3, 54),
(391, '2024-12-27', 4, 54),
(392, '2024-12-28', 2, 54),
(393, '2024-12-28', 1, 54),
(394, '2024-12-28', 3, 54),
(395, '2024-12-28', 4, 54),
(396, '2024-12-29', 2, 54),
(397, '2024-12-29', 1, 54),
(398, '2024-12-29', 3, 54),
(399, '2024-12-29', 4, 54),
(400, '2024-12-30', 2, 54),
(401, '2024-12-30', 1, 54),
(402, '2024-12-30', 3, 54),
(403, '2024-12-30', 4, 54),
(404, '2024-12-30', 1, 53),
(405, '2024-12-30', 2, 53),
(406, '2024-12-30', 3, 53),
(407, '2024-12-30', 4, 53),
(408, '2024-12-23', 1, 53),
(409, '2024-12-23', 2, 53),
(410, '2024-12-23', 3, 53),
(411, '2024-12-23', 4, 53),
(412, '2024-12-24', 1, 53),
(413, '2024-12-24', 2, 53),
(414, '2024-12-24', 3, 53),
(415, '2024-12-24', 4, 53),
(416, '2024-12-25', 1, 53),
(417, '2024-12-25', 2, 53),
(418, '2024-12-25', 3, 53),
(419, '2024-12-25', 4, 53),
(420, '2024-12-26', 1, 53),
(421, '2024-12-26', 2, 53),
(422, '2024-12-26', 3, 53),
(423, '2024-12-26', 4, 53),
(424, '2024-12-27', 1, 53),
(425, '2024-12-27', 2, 53),
(426, '2024-12-27', 3, 53),
(427, '2024-12-27', 4, 53),
(428, '2024-12-28', 1, 53),
(429, '2024-12-28', 2, 53),
(430, '2024-12-28', 3, 53),
(431, '2024-12-28', 4, 53),
(432, '2024-12-29', 1, 53),
(433, '2024-12-29', 2, 53),
(434, '2024-12-29', 3, 53),
(435, '2024-12-29', 4, 53),
(436, '2024-12-23', 1, 52),
(437, '2024-12-23', 2, 52),
(438, '2024-12-23', 3, 52),
(439, '2024-12-23', 4, 52),
(440, '2024-12-24', 1, 52),
(441, '2024-12-24', 2, 52),
(442, '2024-12-24', 3, 52),
(443, '2024-12-24', 4, 52),
(444, '2024-12-25', 1, 52),
(445, '2024-12-25', 2, 52),
(446, '2024-12-25', 3, 52),
(447, '2024-12-25', 4, 52),
(448, '2024-12-26', 1, 52),
(449, '2024-12-26', 2, 52),
(450, '2024-12-26', 3, 52),
(451, '2024-12-26', 4, 52),
(452, '2024-12-27', 1, 52),
(453, '2024-12-27', 2, 52),
(454, '2024-12-27', 3, 52),
(455, '2024-12-27', 4, 52),
(456, '2024-12-28', 1, 52),
(457, '2024-12-28', 2, 52),
(458, '2024-12-28', 3, 52),
(459, '2024-12-28', 4, 52),
(460, '2024-12-29', 1, 52),
(461, '2024-12-29', 2, 52),
(462, '2024-12-29', 3, 52),
(463, '2024-12-29', 4, 52),
(468, '2024-12-30', 1, 52),
(469, '2024-12-30', 2, 52),
(470, '2024-12-30', 3, 52),
(471, '2024-12-30', 4, 52),
(472, '2024-12-23', 1, 61),
(473, '2024-12-23', 2, 61),
(474, '2024-12-23', 3, 61),
(475, '2024-12-23', 4, 61),
(476, '2024-12-24', 1, 61),
(477, '2024-12-24', 2, 61),
(478, '2024-12-24', 3, 61),
(479, '2024-12-24', 4, 61),
(480, '2024-12-25', 1, 61),
(481, '2024-12-25', 2, 61),
(482, '2024-12-25', 3, 61),
(483, '2024-12-25', 4, 61),
(484, '2024-12-26', 1, 61),
(485, '2024-12-26', 2, 61),
(486, '2024-12-26', 3, 61),
(487, '2024-12-26', 4, 61),
(488, '2024-12-27', 1, 61),
(489, '2024-12-27', 2, 61),
(490, '2024-12-27', 3, 61),
(491, '2024-12-27', 4, 61),
(492, '2024-12-28', 1, 61),
(493, '2024-12-28', 2, 61),
(494, '2024-12-28', 3, 61),
(495, '2024-12-28', 4, 61),
(496, '2024-12-29', 1, 61),
(497, '2024-12-29', 2, 61),
(498, '2024-12-29', 3, 61),
(499, '2024-12-29', 4, 61),
(500, '2024-12-30', 1, 61),
(501, '2024-12-30', 2, 61),
(502, '2024-12-30', 3, 61),
(503, '2024-12-30', 4, 61),
(504, '2024-12-23', 1, 51),
(505, '2024-12-23', 2, 51),
(506, '2024-12-23', 3, 51),
(507, '2024-12-23', 4, 51),
(508, '2024-12-24', 1, 51),
(509, '2024-12-24', 2, 51),
(510, '2024-12-24', 3, 51),
(511, '2024-12-24', 4, 51),
(512, '2024-12-25', 1, 51),
(513, '2024-12-25', 2, 51),
(514, '2024-12-25', 3, 51),
(515, '2024-12-25', 4, 51),
(516, '2024-12-26', 1, 51),
(517, '2024-12-26', 2, 51),
(518, '2024-12-26', 3, 51),
(519, '2024-12-26', 4, 51),
(520, '2024-12-27', 1, 51),
(521, '2024-12-27', 2, 51),
(522, '2024-12-27', 3, 51),
(523, '2024-12-27', 4, 51),
(524, '2024-12-28', 1, 51),
(525, '2024-12-28', 2, 51),
(526, '2024-12-28', 3, 51),
(527, '2024-12-28', 4, 51),
(528, '2024-12-29', 1, 51),
(529, '2024-12-29', 2, 51),
(530, '2024-12-29', 3, 51),
(531, '2024-12-29', 4, 51),
(532, '2024-12-30', 1, 51),
(533, '2024-12-30', 2, 51),
(534, '2024-12-30', 3, 51),
(535, '2024-12-30', 4, 51),
(536, '2024-12-24', 1, 68),
(537, '2024-12-25', 1, 68),
(538, '2024-12-31', 1, 69),
(539, '2024-12-31', 2, 69),
(540, '2024-12-31', 3, 69),
(541, '2024-12-31', 4, 69),
(542, '2025-01-01', 1, 69),
(543, '2025-01-01', 2, 69),
(544, '2025-01-01', 3, 69),
(545, '2025-01-01', 4, 69),
(546, '2025-01-02', 1, 69),
(547, '2025-01-02', 2, 69),
(548, '2025-01-02', 3, 69),
(549, '2025-01-02', 4, 69),
(550, '2025-01-03', 1, 69),
(551, '2025-01-03', 2, 69),
(552, '2025-01-03', 3, 69),
(553, '2025-01-03', 4, 69),
(554, '2025-01-04', 1, 69),
(555, '2025-01-04', 2, 69),
(556, '2025-01-04', 3, 69),
(557, '2025-01-04', 4, 69),
(558, '2025-01-05', 1, 69),
(559, '2025-01-05', 2, 69),
(560, '2025-01-05', 3, 69),
(561, '2025-01-05', 4, 69),
(566, '2025-02-01', 1, 71),
(567, '2025-02-01', 2, 71),
(568, '2025-02-01', 3, 71),
(569, '2025-02-01', 4, 71),
(570, '2025-02-02', 1, 71),
(571, '2025-02-02', 2, 71),
(572, '2025-02-02', 3, 71),
(573, '2025-02-02', 4, 71),
(574, '2024-12-26', 4, 72),
(575, '2024-12-26', 1, 72),
(576, '2024-12-27', 4, 72),
(577, '2024-12-27', 1, 72),
(578, '2025-01-01', 1, 73),
(579, '2025-01-01', 3, 73),
(580, '2025-01-01', 2, 73),
(581, '2025-01-01', 4, 73),
(582, '2025-01-02', 1, 73),
(583, '2025-01-02', 3, 73),
(584, '2025-01-02', 2, 73),
(585, '2025-01-02', 4, 73),
(586, '2025-03-04', 2, 76),
(587, '2025-03-04', 4, 76),
(588, '2025-03-04', 1, 76),
(589, '2025-03-05', 2, 76),
(590, '2025-03-05', 4, 76),
(591, '2025-03-05', 1, 76),
(592, '2025-03-06', 2, 76),
(593, '2025-03-06', 4, 76),
(594, '2025-03-06', 1, 76),
(595, '2025-03-07', 2, 76),
(596, '2025-03-07', 4, 76),
(597, '2025-03-07', 1, 76),
(598, '2025-03-04', 2, 77),
(599, '2025-03-04', 3, 77),
(600, '2025-03-04', 4, 77),
(601, '2025-03-05', 2, 77),
(602, '2025-03-05', 3, 77),
(603, '2025-03-05', 4, 77),
(604, '2025-03-08', 2, 77),
(605, '2025-03-08', 3, 77),
(606, '2025-03-08', 4, 77),
(607, '2025-03-06', 2, 77),
(608, '2025-03-06', 3, 77),
(609, '2025-03-06', 4, 77),
(610, '2025-03-07', 2, 77),
(611, '2025-03-07', 3, 77),
(612, '2025-03-07', 4, 77);

-- --------------------------------------------------------

--
-- Table structure for table `vaccine_schedule_nurse`
--

CREATE TABLE `vaccine_schedule_nurse` (
  `id` bigint NOT NULL,
  `inject_date` date DEFAULT NULL,
  `nurse_nurse_id` bigint DEFAULT NULL,
  `vaccine_schedule_id` bigint DEFAULT NULL
) ENGINE=InnoDB DEFAULT CHARSET=utf8mb4 COLLATE=utf8mb4_0900_ai_ci;

--
-- Dumping data for table `vaccine_schedule_nurse`
--

INSERT INTO `vaccine_schedule_nurse` (`id`, `inject_date`, `nurse_nurse_id`, `vaccine_schedule_id`) VALUES
(4, '2024-10-15', 1, 3),
(5, '2024-10-15', 2, 3),
(6, '2024-11-30', 1, 17),
(7, '2024-12-21', 1, 18),
(8, '2024-12-21', 3, 18),
(9, '2024-12-21', 2, 18),
(10, '2024-12-21', 4, 18),
(11, '2024-12-19', 1, 18),
(12, '2024-12-22', 1, 21),
(13, '2024-12-22', 3, 21),
(14, '2024-12-22', 2, 21),
(15, '2024-12-22', 4, 21),
(16, '2024-12-23', 1, 21),
(17, '2024-12-23', 3, 21),
(18, '2024-12-23', 2, 21),
(19, '2024-12-23', 4, 21),
(20, '2024-12-24', 1, 21),
(21, '2024-12-24', 3, 21),
(22, '2024-12-24', 2, 21),
(23, '2024-12-24', 4, 21),
(24, '2024-12-25', 1, 21),
(25, '2024-12-25', 3, 21),
(26, '2024-12-25', 2, 21),
(27, '2024-12-25', 4, 21),
(28, '2024-12-26', 1, 21),
(29, '2024-12-26', 3, 21),
(30, '2024-12-26', 2, 21),
(31, '2024-12-26', 4, 21),
(32, '2024-12-27', 1, 21),
(33, '2024-12-27', 3, 21),
(34, '2024-12-27', 2, 21),
(35, '2024-12-27', 4, 21),
(36, '2024-12-28', 1, 21),
(37, '2024-12-28', 3, 21),
(38, '2024-12-28', 2, 21),
(39, '2024-12-28', 4, 21),
(40, '2024-12-01', 2, 8),
(41, '2024-12-23', 1, 22),
(42, '2024-12-23', 2, 22),
(43, '2024-12-23', 3, 22),
(44, '2024-12-23', 4, 22),
(45, '2024-12-24', 1, 22),
(46, '2024-12-24', 2, 22),
(47, '2024-12-24', 3, 22),
(48, '2024-12-24', 4, 22),
(49, '2024-12-25', 1, 22),
(50, '2024-12-25', 2, 22),
(51, '2024-12-25', 3, 22),
(52, '2024-12-25', 4, 22),
(53, '2024-12-26', 1, 22),
(54, '2024-12-26', 2, 22),
(55, '2024-12-26', 3, 22),
(56, '2024-12-26', 4, 22),
(57, '2024-12-27', 1, 22),
(58, '2024-12-27', 2, 22),
(59, '2024-12-27', 3, 22),
(60, '2024-12-27', 4, 22),
(61, '2024-12-28', 1, 22),
(62, '2024-12-28', 2, 22),
(63, '2024-12-28', 3, 22),
(64, '2024-12-28', 4, 22),
(65, '2024-12-29', 1, 22),
(66, '2024-12-29', 2, 22),
(67, '2024-12-29', 3, 22),
(68, '2024-12-29', 4, 22),
(69, '2024-12-30', 1, 22),
(70, '2024-12-30', 2, 22),
(71, '2024-12-30', 3, 22),
(72, '2024-12-30', 4, 22),
(73, '2024-12-23', 1, 64),
(74, '2024-12-23', 2, 64),
(75, '2024-12-23', 3, 64),
(76, '2024-12-23', 4, 64),
(77, '2024-12-24', 1, 64),
(78, '2024-12-24', 2, 64),
(79, '2024-12-24', 3, 64),
(80, '2024-12-24', 4, 64),
(81, '2024-12-25', 1, 64),
(82, '2024-12-25', 2, 64),
(83, '2024-12-25', 3, 64),
(84, '2024-12-25', 4, 64),
(85, '2024-12-26', 1, 64),
(86, '2024-12-26', 2, 64),
(87, '2024-12-26', 3, 64),
(88, '2024-12-26', 4, 64),
(89, '2024-12-27', 1, 64),
(90, '2024-12-27', 2, 64),
(91, '2024-12-27', 3, 64),
(92, '2024-12-27', 4, 64),
(93, '2024-12-28', 1, 64),
(94, '2024-12-28', 2, 64),
(95, '2024-12-28', 3, 64),
(96, '2024-12-28', 4, 64),
(97, '2024-12-29', 1, 64),
(98, '2024-12-29', 2, 64),
(99, '2024-12-29', 3, 64),
(100, '2024-12-29', 4, 64),
(101, '2024-12-30', 1, 64),
(102, '2024-12-30', 2, 64),
(103, '2024-12-30', 3, 64),
(104, '2024-12-30', 4, 64),
(105, '2024-12-30', 1, 63),
(106, '2024-12-30', 2, 63),
(107, '2024-12-30', 3, 63),
(108, '2024-12-30', 4, 63),
(109, '2024-12-23', 1, 63),
(110, '2024-12-23', 2, 63),
(111, '2024-12-23', 3, 63),
(112, '2024-12-23', 4, 63),
(113, '2024-12-24', 1, 63),
(114, '2024-12-24', 2, 63),
(115, '2024-12-24', 3, 63),
(116, '2024-12-24', 4, 63),
(117, '2024-12-25', 1, 63),
(118, '2024-12-25', 2, 63),
(119, '2024-12-25', 3, 63),
(120, '2024-12-25', 4, 63),
(121, '2024-12-26', 1, 63),
(122, '2024-12-26', 2, 63),
(123, '2024-12-26', 3, 63),
(124, '2024-12-26', 4, 63),
(125, '2024-12-27', 1, 63),
(126, '2024-12-27', 2, 63),
(127, '2024-12-27', 3, 63),
(128, '2024-12-27', 4, 63),
(129, '2024-12-28', 1, 63),
(130, '2024-12-28', 2, 63),
(131, '2024-12-28', 3, 63),
(132, '2024-12-28', 4, 63),
(133, '2024-12-29', 1, 63),
(134, '2024-12-29', 2, 63),
(135, '2024-12-29', 3, 63),
(136, '2024-12-29', 4, 63),
(141, '2024-12-23', 1, 62),
(142, '2024-12-23', 2, 62),
(143, '2024-12-23', 3, 62),
(144, '2024-12-23', 4, 62),
(145, '2024-12-24', 1, 62),
(146, '2024-12-24', 2, 62),
(147, '2024-12-24', 3, 62),
(148, '2024-12-24', 4, 62),
(149, '2024-12-25', 1, 62),
(150, '2024-12-25', 2, 62),
(151, '2024-12-25', 3, 62),
(152, '2024-12-25', 4, 62),
(153, '2024-12-26', 1, 62),
(154, '2024-12-26', 2, 62),
(155, '2024-12-26', 3, 62),
(156, '2024-12-26', 4, 62),
(157, '2024-12-27', 1, 62),
(158, '2024-12-27', 2, 62),
(159, '2024-12-27', 3, 62),
(160, '2024-12-27', 4, 62),
(161, '2024-12-28', 1, 62),
(162, '2024-12-28', 2, 62),
(163, '2024-12-28', 3, 62),
(164, '2024-12-28', 4, 62),
(165, '2024-12-29', 1, 62),
(166, '2024-12-29', 2, 62),
(167, '2024-12-29', 3, 62),
(168, '2024-12-29', 4, 62),
(169, '2024-12-30', 1, 62),
(170, '2024-12-30', 2, 62),
(171, '2024-12-30', 3, 62),
(172, '2024-12-30', 4, 62),
(173, '2024-12-23', 1, 60),
(174, '2024-12-23', 2, 60),
(175, '2024-12-23', 3, 60),
(176, '2024-12-23', 4, 60),
(177, '2024-12-24', 1, 60),
(178, '2024-12-24', 2, 60),
(179, '2024-12-24', 3, 60),
(180, '2024-12-24', 4, 60),
(181, '2024-12-26', 1, 60),
(182, '2024-12-26', 2, 60),
(183, '2024-12-26', 3, 60),
(184, '2024-12-26', 4, 60),
(185, '2024-12-25', 1, 60),
(186, '2024-12-25', 2, 60),
(187, '2024-12-25', 3, 60),
(188, '2024-12-25', 4, 60),
(189, '2024-12-27', 1, 60),
(190, '2024-12-27', 2, 60),
(191, '2024-12-27', 3, 60),
(192, '2024-12-27', 4, 60),
(193, '2024-12-28', 1, 60),
(194, '2024-12-28', 2, 60),
(195, '2024-12-28', 3, 60),
(196, '2024-12-28', 4, 60),
(197, '2024-12-29', 1, 60),
(198, '2024-12-29', 2, 60),
(199, '2024-12-29', 3, 60),
(200, '2024-12-29', 4, 60),
(201, '2024-12-30', 1, 60),
(202, '2024-12-30', 2, 60),
(203, '2024-12-30', 3, 60),
(204, '2024-12-30', 4, 60),
(205, '2024-12-23', 1, 59),
(206, '2024-12-23', 2, 59),
(207, '2024-12-23', 3, 59),
(208, '2024-12-23', 4, 59),
(209, '2024-12-24', 1, 59),
(210, '2024-12-24', 2, 59),
(211, '2024-12-24', 3, 59),
(212, '2024-12-24', 4, 59),
(213, '2024-12-25', 1, 59),
(214, '2024-12-25', 2, 59),
(215, '2024-12-25', 3, 59),
(216, '2024-12-25', 4, 59),
(217, '2024-12-26', 1, 59),
(218, '2024-12-26', 2, 59),
(219, '2024-12-26', 3, 59),
(220, '2024-12-26', 4, 59),
(221, '2024-12-27', 1, 59),
(222, '2024-12-27', 2, 59),
(223, '2024-12-27', 3, 59),
(224, '2024-12-27', 4, 59),
(225, '2024-12-28', 1, 59),
(226, '2024-12-28', 2, 59),
(227, '2024-12-28', 3, 59),
(228, '2024-12-28', 4, 59),
(229, '2024-12-29', 1, 59),
(230, '2024-12-29', 2, 59),
(231, '2024-12-29', 3, 59),
(232, '2024-12-29', 4, 59),
(233, '2024-12-30', 1, 59),
(234, '2024-12-30', 2, 59),
(235, '2024-12-30', 3, 59),
(236, '2024-12-30', 4, 59),
(237, '2024-12-23', 1, 58),
(238, '2024-12-23', 2, 58),
(239, '2024-12-23', 3, 58),
(240, '2024-12-23', 4, 58),
(241, '2024-12-24', 1, 58),
(242, '2024-12-24', 2, 58),
(243, '2024-12-24', 3, 58),
(244, '2024-12-24', 4, 58),
(245, '2024-12-25', 1, 58),
(246, '2024-12-25', 2, 58),
(247, '2024-12-25', 3, 58),
(248, '2024-12-25', 4, 58),
(249, '2024-12-26', 1, 58),
(250, '2024-12-26', 2, 58),
(251, '2024-12-26', 3, 58),
(252, '2024-12-26', 4, 58),
(253, '2024-12-27', 1, 58),
(254, '2024-12-27', 2, 58),
(255, '2024-12-27', 3, 58),
(256, '2024-12-27', 4, 58),
(257, '2024-12-29', 1, 58),
(258, '2024-12-29', 2, 58),
(259, '2024-12-29', 3, 58),
(260, '2024-12-29', 4, 58),
(261, '2024-12-28', 1, 58),
(262, '2024-12-28', 2, 58),
(263, '2024-12-28', 3, 58),
(264, '2024-12-28', 4, 58),
(265, '2024-12-30', 1, 58),
(266, '2024-12-30', 2, 58),
(267, '2024-12-30', 3, 58),
(268, '2024-12-30', 4, 58),
(269, '2024-12-23', 1, 57),
(270, '2024-12-23', 2, 57),
(271, '2024-12-23', 3, 57),
(272, '2024-12-23', 4, 57),
(273, '2024-12-24', 1, 57),
(274, '2024-12-24', 2, 57),
(275, '2024-12-24', 3, 57),
(276, '2024-12-24', 4, 57),
(277, '2024-12-25', 1, 57),
(278, '2024-12-25', 2, 57),
(279, '2024-12-25', 3, 57),
(280, '2024-12-25', 4, 57),
(281, '2024-12-26', 1, 57),
(282, '2024-12-26', 2, 57),
(283, '2024-12-26', 3, 57),
(284, '2024-12-26', 4, 57),
(285, '2024-12-28', 1, 57),
(286, '2024-12-28', 2, 57),
(287, '2024-12-28', 3, 57),
(288, '2024-12-28', 4, 57),
(289, '2024-12-27', 1, 57),
(290, '2024-12-27', 2, 57),
(291, '2024-12-27', 3, 57),
(292, '2024-12-27', 4, 57),
(293, '2024-12-29', 1, 57),
(294, '2024-12-29', 2, 57),
(295, '2024-12-29', 3, 57),
(296, '2024-12-29', 4, 57),
(297, '2024-12-30', 1, 57),
(298, '2024-12-30', 2, 57),
(299, '2024-12-30', 3, 57),
(300, '2024-12-30', 4, 57),
(301, '2024-12-23', 1, 56),
(302, '2024-12-23', 2, 56),
(303, '2024-12-23', 3, 56),
(304, '2024-12-23', 4, 56),
(308, '2024-12-24', 4, 56),
(309, '2024-12-25', 1, 56),
(310, '2024-12-25', 2, 56),
(311, '2024-12-25', 3, 56),
(312, '2024-12-25', 4, 56),
(313, '2024-12-24', 1, 56),
(314, '2024-12-24', 2, 56),
(315, '2024-12-24', 3, 56),
(316, '2024-12-24', 4, 56),
(317, '2024-12-27', 1, 56),
(318, '2024-12-27', 2, 56),
(319, '2024-12-27', 3, 56),
(320, '2024-12-27', 4, 56),
(321, '2024-12-26', 1, 56),
(322, '2024-12-26', 2, 56),
(323, '2024-12-26', 3, 56),
(324, '2024-12-26', 4, 56),
(325, '2024-12-28', 1, 56),
(326, '2024-12-28', 2, 56),
(327, '2024-12-28', 3, 56),
(328, '2024-12-28', 4, 56),
(329, '2024-12-29', 1, 56),
(330, '2024-12-29', 2, 56),
(331, '2024-12-29', 3, 56),
(332, '2024-12-29', 4, 56),
(333, '2024-12-30', 1, 56),
(334, '2024-12-30', 2, 56),
(335, '2024-12-30', 3, 56),
(336, '2024-12-30', 4, 56),
(337, '2024-12-23', 1, 55),
(338, '2024-12-23', 2, 55),
(339, '2024-12-23', 3, 55),
(340, '2024-12-23', 4, 55),
(341, '2024-12-24', 1, 55),
(342, '2024-12-24', 2, 55),
(343, '2024-12-24', 3, 55),
(344, '2024-12-24', 4, 55),
(345, '2024-12-25', 1, 55),
(346, '2024-12-25', 2, 55),
(347, '2024-12-25', 3, 55),
(348, '2024-12-25', 4, 55),
(349, '2024-12-26', 1, 55),
(350, '2024-12-26', 2, 55),
(351, '2024-12-26', 3, 55),
(352, '2024-12-26', 4, 55),
(353, '2024-12-27', 1, 55),
(354, '2024-12-27', 2, 55),
(355, '2024-12-27', 3, 55),
(356, '2024-12-27', 4, 55),
(361, '2024-12-28', 1, 55),
(362, '2024-12-28', 2, 55),
(363, '2024-12-28', 3, 55),
(364, '2024-12-28', 4, 55),
(365, '2024-12-29', 1, 55),
(366, '2024-12-29', 2, 55),
(367, '2024-12-29', 3, 55),
(368, '2024-12-29', 4, 55),
(369, '2024-12-30', 1, 55),
(370, '2024-12-30', 2, 55),
(371, '2024-12-30', 3, 55),
(372, '2024-12-30', 4, 55),
(373, '2024-12-23', 1, 54),
(374, '2024-12-23', 3, 54),
(375, '2024-12-23', 2, 54),
(376, '2024-12-23', 4, 54),
(377, '2024-12-24', 1, 54),
(378, '2024-12-24', 3, 54),
(379, '2024-12-24', 2, 54),
(380, '2024-12-24', 4, 54),
(381, '2024-12-25', 1, 54),
(382, '2024-12-25', 3, 54),
(383, '2024-12-25', 2, 54),
(384, '2024-12-25', 4, 54),
(385, '2024-12-26', 1, 54),
(386, '2024-12-26', 3, 54),
(387, '2024-12-26', 2, 54),
(388, '2024-12-26', 4, 54),
(389, '2024-12-27', 1, 54),
(390, '2024-12-27', 3, 54),
(391, '2024-12-27', 2, 54),
(392, '2024-12-27', 4, 54),
(393, '2024-12-28', 1, 54),
(394, '2024-12-28', 3, 54),
(395, '2024-12-28', 2, 54),
(396, '2024-12-28', 4, 54),
(397, '2024-12-29', 1, 54),
(398, '2024-12-29', 3, 54),
(399, '2024-12-29', 2, 54),
(400, '2024-12-29', 4, 54),
(401, '2024-12-30', 1, 54),
(402, '2024-12-30', 3, 54),
(403, '2024-12-30', 2, 54),
(404, '2024-12-30', 4, 54),
(405, '2024-12-30', 1, 53),
(406, '2024-12-30', 3, 53),
(407, '2024-12-30', 2, 53),
(408, '2024-12-30', 4, 53),
(409, '2024-12-23', 1, 53),
(410, '2024-12-23', 3, 53),
(411, '2024-12-23', 2, 53),
(412, '2024-12-23', 4, 53),
(413, '2024-12-24', 1, 53),
(414, '2024-12-24', 3, 53),
(415, '2024-12-24', 2, 53),
(416, '2024-12-24', 4, 53),
(417, '2024-12-25', 1, 53),
(418, '2024-12-25', 3, 53),
(419, '2024-12-25', 2, 53),
(420, '2024-12-25', 4, 53),
(421, '2024-12-26', 1, 53),
(422, '2024-12-26', 3, 53),
(423, '2024-12-26', 2, 53),
(424, '2024-12-26', 4, 53),
(425, '2024-12-27', 1, 53),
(426, '2024-12-27', 3, 53),
(427, '2024-12-27', 2, 53),
(428, '2024-12-27', 4, 53),
(429, '2024-12-28', 1, 53),
(430, '2024-12-28', 3, 53),
(431, '2024-12-28', 2, 53),
(432, '2024-12-28', 4, 53),
(433, '2024-12-29', 1, 53),
(434, '2024-12-29', 3, 53),
(435, '2024-12-29', 2, 53),
(436, '2024-12-29', 4, 53),
(437, '2024-12-23', 1, 52),
(438, '2024-12-23', 3, 52),
(439, '2024-12-23', 2, 52),
(440, '2024-12-23', 4, 52),
(441, '2024-12-24', 1, 52),
(442, '2024-12-24', 3, 52),
(443, '2024-12-24', 2, 52),
(444, '2024-12-24', 4, 52),
(445, '2024-12-25', 1, 52),
(446, '2024-12-25', 3, 52),
(447, '2024-12-25', 2, 52),
(448, '2024-12-25', 4, 52),
(449, '2024-12-26', 1, 52),
(450, '2024-12-26', 3, 52),
(451, '2024-12-26', 2, 52),
(452, '2024-12-26', 4, 52),
(453, '2024-12-27', 1, 52),
(454, '2024-12-27', 3, 52),
(455, '2024-12-27', 2, 52),
(456, '2024-12-27', 4, 52),
(457, '2024-12-28', 1, 52),
(458, '2024-12-28', 3, 52),
(459, '2024-12-28', 2, 52),
(460, '2024-12-28', 4, 52),
(461, '2024-12-29', 1, 52),
(462, '2024-12-29', 3, 52),
(463, '2024-12-29', 2, 52),
(464, '2024-12-29', 4, 52),
(469, '2024-12-30', 1, 52),
(470, '2024-12-30', 3, 52),
(471, '2024-12-30', 2, 52),
(472, '2024-12-30', 4, 52),
(473, '2024-12-23', 1, 61),
(474, '2024-12-23', 2, 61),
(475, '2024-12-23', 3, 61),
(476, '2024-12-23', 4, 61),
(477, '2024-12-24', 1, 61),
(478, '2024-12-24', 2, 61),
(479, '2024-12-24', 3, 61),
(480, '2024-12-24', 4, 61),
(481, '2024-12-25', 1, 61),
(482, '2024-12-25', 2, 61),
(483, '2024-12-25', 3, 61),
(484, '2024-12-25', 4, 61),
(485, '2024-12-26', 1, 61),
(486, '2024-12-26', 2, 61),
(487, '2024-12-26', 3, 61),
(488, '2024-12-26', 4, 61),
(489, '2024-12-27', 1, 61),
(490, '2024-12-27', 2, 61),
(491, '2024-12-27', 3, 61),
(492, '2024-12-27', 4, 61),
(493, '2024-12-28', 1, 61),
(494, '2024-12-28', 2, 61),
(495, '2024-12-28', 3, 61),
(496, '2024-12-28', 4, 61),
(497, '2024-12-29', 1, 61),
(498, '2024-12-29', 2, 61),
(499, '2024-12-29', 3, 61),
(500, '2024-12-29', 4, 61),
(501, '2024-12-30', 1, 61),
(502, '2024-12-30', 2, 61),
(503, '2024-12-30', 3, 61),
(504, '2024-12-30', 4, 61),
(505, '2024-12-23', 1, 51),
(506, '2024-12-23', 2, 51),
(507, '2024-12-23', 3, 51),
(508, '2024-12-23', 4, 51),
(509, '2024-12-24', 1, 51),
(510, '2024-12-24', 2, 51),
(511, '2024-12-24', 3, 51),
(512, '2024-12-24', 4, 51),
(513, '2024-12-25', 1, 51),
(514, '2024-12-25', 2, 51),
(515, '2024-12-25', 3, 51),
(516, '2024-12-25', 4, 51),
(517, '2024-12-26', 1, 51),
(518, '2024-12-26', 2, 51),
(519, '2024-12-26', 3, 51),
(520, '2024-12-26', 4, 51),
(521, '2024-12-27', 1, 51),
(522, '2024-12-27', 2, 51),
(523, '2024-12-27', 3, 51),
(524, '2024-12-27', 4, 51),
(525, '2024-12-28', 1, 51),
(526, '2024-12-28', 2, 51),
(527, '2024-12-28', 3, 51),
(528, '2024-12-28', 4, 51),
(529, '2024-12-29', 1, 51),
(530, '2024-12-29', 2, 51),
(531, '2024-12-29', 3, 51),
(532, '2024-12-29', 4, 51),
(533, '2024-12-30', 1, 51),
(534, '2024-12-30', 2, 51),
(535, '2024-12-30', 3, 51),
(536, '2024-12-30', 4, 51),
(537, '2024-12-24', 2, 68),
(538, '2024-12-24', 1, 68),
(539, '2024-12-25', 2, 68),
(540, '2024-12-25', 1, 68),
(541, '2024-12-31', 1, 69),
(542, '2024-12-31', 2, 69),
(543, '2024-12-31', 3, 69),
(544, '2024-12-31', 4, 69),
(545, '2025-01-01', 1, 69),
(546, '2025-01-01', 2, 69),
(547, '2025-01-01', 3, 69),
(548, '2025-01-01', 4, 69),
(549, '2025-01-02', 1, 69),
(550, '2025-01-02', 2, 69),
(551, '2025-01-02', 3, 69),
(552, '2025-01-02', 4, 69),
(553, '2025-01-03', 1, 69),
(554, '2025-01-03', 2, 69),
(555, '2025-01-03', 3, 69),
(556, '2025-01-03', 4, 69),
(557, '2025-01-04', 1, 69),
(558, '2025-01-04', 2, 69),
(559, '2025-01-04', 3, 69),
(560, '2025-01-04', 4, 69),
(561, '2025-01-05', 1, 69),
(562, '2025-01-05', 2, 69),
(563, '2025-01-05', 3, 69),
(564, '2025-01-05', 4, 69),
(569, '2025-02-01', 1, 71),
(570, '2025-02-01', 3, 71),
(571, '2025-02-01', 5, 71),
(572, '2025-02-01', 7, 71),
(573, '2025-02-02', 1, 71),
(574, '2025-02-02', 3, 71),
(575, '2025-02-02', 5, 71),
(576, '2025-02-02', 7, 71),
(577, '2024-12-26', 1, 72),
(578, '2024-12-26', 6, 72),
(579, '2024-12-26', 5, 72),
(580, '2024-12-27', 1, 72),
(581, '2024-12-27', 6, 72),
(582, '2024-12-27', 5, 72),
(583, '2025-01-01', 1, 73),
(584, '2025-01-01', 3, 73),
(585, '2025-01-01', 2, 73),
(586, '2025-01-01', 4, 73),
(587, '2025-01-01', 7, 73),
(588, '2025-01-01', 6, 73),
(589, '2025-01-01', 5, 73),
(590, '2025-01-02', 1, 73),
(591, '2025-01-02', 3, 73),
(592, '2025-01-02', 2, 73),
(593, '2025-01-02', 4, 73),
(594, '2025-01-02', 7, 73),
(595, '2025-01-02', 6, 73),
(596, '2025-01-02', 5, 73),
(597, '2025-03-04', 2, 76),
(598, '2025-03-04', 3, 76),
(599, '2025-03-04', 5, 76),
(600, '2025-03-04', 4, 76),
(601, '2025-03-04', 6, 76),
(602, '2025-03-04', 7, 76),
(603, '2025-03-05', 2, 76),
(604, '2025-03-05', 3, 76),
(605, '2025-03-05', 5, 76),
(606, '2025-03-05', 4, 76),
(607, '2025-03-05', 6, 76),
(608, '2025-03-05', 7, 76),
(609, '2025-03-06', 2, 76),
(610, '2025-03-06', 3, 76),
(611, '2025-03-06', 5, 76),
(612, '2025-03-06', 4, 76),
(613, '2025-03-06', 6, 76),
(614, '2025-03-06', 7, 76),
(615, '2025-03-07', 2, 76),
(616, '2025-03-07', 3, 76),
(617, '2025-03-07', 5, 76),
(618, '2025-03-07', 4, 76),
(619, '2025-03-07', 6, 76),
(620, '2025-03-07', 7, 76),
(621, '2025-03-04', 4, 77),
(622, '2025-03-04', 5, 77),
(623, '2025-03-04', 6, 77),
(624, '2025-03-04', 7, 77),
(625, '2025-03-04', 9, 77),
(626, '2025-03-05', 4, 77),
(627, '2025-03-05', 5, 77),
(628, '2025-03-05', 6, 77),
(629, '2025-03-05', 7, 77),
(630, '2025-03-05', 9, 77),
(631, '2025-03-08', 4, 77),
(632, '2025-03-08', 5, 77),
(633, '2025-03-08', 6, 77),
(634, '2025-03-08', 7, 77),
(635, '2025-03-08', 9, 77),
(636, '2025-03-06', 4, 77),
(637, '2025-03-06', 5, 77),
(638, '2025-03-06', 6, 77),
(639, '2025-03-06', 7, 77),
(640, '2025-03-06', 9, 77),
(641, '2025-03-07', 4, 77),
(642, '2025-03-07', 5, 77),
(643, '2025-03-07', 6, 77),
(644, '2025-03-07', 7, 77),
(645, '2025-03-07', 9, 77);

-- --------------------------------------------------------

--
-- Table structure for table `vaccine_schedule_time`
--

CREATE TABLE `vaccine_schedule_time` (
  `id` bigint NOT NULL,
  `end` time DEFAULT NULL,
  `inject_date` date DEFAULT NULL,
  `limit_people` int DEFAULT NULL,
  `start` time DEFAULT NULL,
  `vaccine_schedule_id` bigint DEFAULT NULL
) ENGINE=InnoDB DEFAULT CHARSET=utf8mb4 COLLATE=utf8mb4_0900_ai_ci;

--
-- Dumping data for table `vaccine_schedule_time`
--

INSERT INTO `vaccine_schedule_time` (`id`, `end`, `inject_date`, `limit_people`, `start`, `vaccine_schedule_id`) VALUES
(1, '10:00:00', '2024-10-15', 70, '08:00:00', 3),
(2, '12:00:00', '2024-10-15', 66, '10:00:00', 3),
(3, '14:00:00', '2024-10-15', 66, '12:00:00', 3),
(4, '16:00:00', '2024-10-15', 66, '14:00:00', 3),
(5, '18:00:00', '2024-10-15', 65, '16:00:00', 3),
(6, '10:00:00', '2024-10-17', 69, '08:00:00', 3),
(7, '12:00:00', '2024-10-17', 66, '10:00:00', 3),
(8, '14:00:00', '2024-10-17', 66, '12:00:00', 3),
(9, '16:00:00', '2024-10-17', 66, '14:00:00', 3),
(10, '17:00:00', '2024-10-17', 66, '16:00:00', 3),
(12, '16:00:00', '2024-10-15', 10, '14:00:00', 3),
(13, '10:00:00', '2024-11-01', 5, '08:00:00', 5),
(14, '12:00:00', '2024-11-01', 3, '10:00:00', 5),
(15, '14:00:00', '2024-11-01', 3, '12:00:00', 5),
(16, '16:00:00', '2024-11-01', 3, '14:00:00', 5),
(17, '18:00:00', '2024-11-01', 3, '16:00:00', 5),
(18, '10:00:00', '2024-11-02', 5, '08:00:00', 5),
(19, '12:00:00', '2024-11-02', 3, '10:00:00', 5),
(20, '14:00:00', '2024-11-02', 3, '12:00:00', 5),
(21, '16:00:00', '2024-11-02', 3, '14:00:00', 5),
(22, '18:00:00', '2024-11-02', 3, '16:00:00', 5),
(23, '10:00:00', '2024-11-03', 4, '08:00:00', 5),
(24, '12:00:00', '2024-11-03', 3, '10:00:00', 5),
(25, '14:00:00', '2024-11-03', 3, '12:00:00', 5),
(26, '16:00:00', '2024-11-03', 3, '14:00:00', 5),
(27, '18:00:00', '2024-11-03', 3, '16:00:00', 5),
(28, '10:00:00', '2024-11-01', 9, '08:00:00', 6),
(29, '12:00:00', '2024-11-01', 5, '10:00:00', 6),
(30, '14:00:00', '2024-11-01', 5, '12:00:00', 6),
(31, '16:00:00', '2024-11-01', 5, '14:00:00', 6),
(32, '18:00:00', '2024-11-01', 5, '16:00:00', 6),
(33, '10:00:00', '2024-11-02', 9, '08:00:00', 6),
(34, '12:00:00', '2024-11-02', 5, '10:00:00', 6),
(35, '14:00:00', '2024-11-02', 5, '12:00:00', 6),
(36, '16:00:00', '2024-11-02', 5, '14:00:00', 6),
(37, '18:00:00', '2024-11-02', 5, '16:00:00', 6),
(38, '10:00:00', '2024-11-03', 8, '08:00:00', 6),
(39, '12:00:00', '2024-11-03', 5, '10:00:00', 6),
(40, '14:00:00', '2024-11-03', 5, '12:00:00', 6),
(41, '16:00:00', '2024-11-03', 5, '14:00:00', 6),
(42, '18:00:00', '2024-11-03', 5, '16:00:00', 6),
(43, '10:00:00', '2024-11-04', 8, '08:00:00', 6),
(44, '12:00:00', '2024-11-04', 5, '10:00:00', 6),
(45, '14:00:00', '2024-11-04', 5, '12:00:00', 6),
(46, '16:00:00', '2024-11-04', 5, '14:00:00', 6),
(47, '18:00:00', '2024-11-04', 5, '16:00:00', 6),
(48, '10:00:00', '2024-11-05', 9, '08:00:00', 6),
(49, '12:00:00', '2024-11-05', 5, '10:00:00', 6),
(50, '14:00:00', '2024-11-05', 5, '12:00:00', 6),
(51, '16:00:00', '2024-11-05', 5, '14:00:00', 6),
(52, '18:00:00', '2024-11-05', 5, '16:00:00', 6),
(53, '10:00:00', '2024-11-06', 7, '08:00:00', 6),
(54, '12:00:00', '2024-11-06', 5, '10:00:00', 6),
(55, '14:00:00', '2024-11-06', 5, '12:00:00', 6),
(56, '16:00:00', '2024-11-06', 5, '14:00:00', 6),
(57, '18:00:00', '2024-11-06', 5, '16:00:00', 6),
(58, '09:00:00', '2024-11-14', 18, '08:00:00', 9),
(59, '10:00:00', '2024-11-14', 18, '09:00:00', 9),
(60, '11:00:00', '2024-11-14', 18, '10:00:00', 9),
(61, '12:00:00', '2024-11-14', 18, '11:00:00', 9),
(62, '13:00:00', '2024-11-14', 18, '12:00:00', 9),
(63, '14:00:00', '2024-11-14', 18, '13:00:00', 9),
(64, '15:00:00', '2024-11-14', 18, '14:00:00', 9),
(65, '16:00:00', '2024-11-14', 18, '15:00:00', 9),
(66, '17:00:00', '2024-11-14', 18, '16:00:00', 9),
(67, '18:00:00', '2024-11-14', 18, '17:00:00', 9),
(68, '09:00:00', '2024-11-15', 18, '08:00:00', 9),
(69, '10:00:00', '2024-11-15', 18, '09:00:00', 9),
(70, '11:00:00', '2024-11-15', 18, '10:00:00', 9),
(71, '12:00:00', '2024-11-15', 18, '11:00:00', 9),
(72, '13:00:00', '2024-11-15', 18, '12:00:00', 9),
(73, '14:00:00', '2024-11-15', 18, '13:00:00', 9),
(74, '15:00:00', '2024-11-15', 18, '14:00:00', 9),
(75, '16:00:00', '2024-11-15', 18, '15:00:00', 9),
(76, '17:00:00', '2024-11-15', 18, '16:00:00', 9),
(77, '18:00:00', '2024-11-15', 18, '17:00:00', 9),
(85, '14:00:00', '2024-11-14', 10, '00:00:00', 10),
(86, '09:00:00', '2024-11-18', 1, '08:00:00', 15),
(96, '12:00:00', '2024-11-24', 8, '08:00:00', 16),
(97, '16:00:00', '2024-11-24', 6, '12:00:00', 16),
(98, '18:00:00', '2024-11-24', 6, '16:00:00', 16),
(99, '09:00:00', '2024-11-30', 4, '08:00:00', 17),
(101, '11:00:00', '2024-11-30', 0, '10:00:00', 17),
(102, '12:00:00', '2024-11-30', 0, '11:00:00', 17),
(103, '13:00:00', '2024-11-30', 0, '12:00:00', 17),
(104, '14:00:00', '2024-11-30', 0, '13:00:00', 17),
(105, '15:00:00', '2024-11-30', 0, '14:00:00', 17),
(106, '16:00:00', '2024-11-30', 0, '15:00:00', 17),
(107, '17:00:00', '2024-11-30', 0, '16:00:00', 17),
(108, '18:00:00', '2024-11-30', 0, '17:00:00', 17),
(109, '09:00:00', '2024-12-21', 3, '08:00:00', 18),
(110, '10:00:00', '2024-12-21', 3, '09:00:00', 18),
(111, '11:00:00', '2024-12-21', 3, '10:00:00', 18),
(112, '12:00:00', '2024-12-21', 3, '11:00:00', 18),
(113, '13:00:00', '2024-12-21', 3, '12:00:00', 18),
(114, '14:00:00', '2024-12-21', 3, '13:00:00', 18),
(115, '15:00:00', '2024-12-21', 3, '14:00:00', 18),
(116, '16:00:00', '2024-12-21', 3, '15:00:00', 18),
(117, '17:00:00', '2024-12-21', 3, '16:00:00', 18),
(118, '18:00:00', '2024-12-21', 3, '17:00:00', 18),
(119, '09:00:00', '2024-12-22', 10, '08:00:00', 21),
(120, '10:00:00', '2024-12-22', 10, '09:00:00', 21),
(121, '11:00:00', '2024-12-22', 10, '10:00:00', 21),
(122, '12:00:00', '2024-12-22', 10, '11:00:00', 21),
(123, '13:00:00', '2024-12-22', 10, '12:00:00', 21),
(124, '14:00:00', '2024-12-22', 10, '13:00:00', 21),
(125, '15:00:00', '2024-12-22', 10, '14:00:00', 21),
(126, '16:00:00', '2024-12-22', 10, '15:00:00', 21),
(127, '17:00:00', '2024-12-22', 10, '16:00:00', 21),
(128, '18:00:00', '2024-12-22', 10, '17:00:00', 21),
(129, '09:00:00', '2024-12-23', 8, '08:00:00', 21),
(130, '10:00:00', '2024-12-23', 8, '09:00:00', 21),
(131, '11:00:00', '2024-12-23', 8, '10:00:00', 21),
(132, '12:00:00', '2024-12-23', 8, '11:00:00', 21),
(133, '13:00:00', '2024-12-23', 8, '12:00:00', 21),
(134, '14:00:00', '2024-12-23', 8, '13:00:00', 21),
(135, '15:00:00', '2024-12-23', 8, '14:00:00', 21),
(136, '16:00:00', '2024-12-23', 8, '15:00:00', 21),
(137, '17:00:00', '2024-12-23', 8, '16:00:00', 21),
(138, '18:00:00', '2024-12-23', 8, '17:00:00', 21),
(139, '09:00:00', '2024-12-24', 8, '08:00:00', 21),
(140, '10:00:00', '2024-12-24', 8, '09:00:00', 21),
(141, '11:00:00', '2024-12-24', 8, '10:00:00', 21),
(142, '12:00:00', '2024-12-24', 8, '11:00:00', 21),
(143, '13:00:00', '2024-12-24', 8, '12:00:00', 21),
(144, '14:00:00', '2024-12-24', 8, '13:00:00', 21),
(145, '15:00:00', '2024-12-24', 8, '14:00:00', 21),
(146, '16:00:00', '2024-12-24', 8, '15:00:00', 21),
(147, '17:00:00', '2024-12-24', 8, '16:00:00', 21),
(148, '18:00:00', '2024-12-24', 8, '17:00:00', 21),
(149, '09:00:00', '2024-12-25', 8, '08:00:00', 21),
(150, '10:00:00', '2024-12-25', 8, '09:00:00', 21),
(151, '11:00:00', '2024-12-25', 8, '10:00:00', 21),
(152, '12:00:00', '2024-12-25', 8, '11:00:00', 21),
(153, '13:00:00', '2024-12-25', 8, '12:00:00', 21),
(154, '14:00:00', '2024-12-25', 8, '13:00:00', 21),
(155, '15:00:00', '2024-12-25', 8, '14:00:00', 21),
(156, '16:00:00', '2024-12-25', 8, '15:00:00', 21),
(157, '17:00:00', '2024-12-25', 8, '16:00:00', 21),
(158, '18:00:00', '2024-12-25', 8, '17:00:00', 21),
(159, '09:00:00', '2024-12-26', 8, '08:00:00', 21),
(160, '10:00:00', '2024-12-26', 8, '09:00:00', 21),
(161, '11:00:00', '2024-12-26', 8, '10:00:00', 21),
(162, '12:00:00', '2024-12-26', 8, '11:00:00', 21),
(163, '13:00:00', '2024-12-26', 8, '12:00:00', 21),
(164, '14:00:00', '2024-12-26', 8, '13:00:00', 21),
(165, '15:00:00', '2024-12-26', 8, '14:00:00', 21),
(166, '16:00:00', '2024-12-26', 8, '15:00:00', 21),
(167, '17:00:00', '2024-12-26', 8, '16:00:00', 21),
(168, '18:00:00', '2024-12-26', 8, '17:00:00', 21),
(169, '09:00:00', '2024-12-27', 8, '08:00:00', 21),
(170, '10:00:00', '2024-12-27', 8, '09:00:00', 21),
(171, '11:00:00', '2024-12-27', 8, '10:00:00', 21),
(172, '12:00:00', '2024-12-27', 8, '11:00:00', 21),
(173, '13:00:00', '2024-12-27', 8, '12:00:00', 21),
(174, '14:00:00', '2024-12-27', 8, '13:00:00', 21),
(175, '15:00:00', '2024-12-27', 8, '14:00:00', 21),
(176, '16:00:00', '2024-12-27', 8, '15:00:00', 21),
(177, '17:00:00', '2024-12-27', 8, '16:00:00', 21),
(178, '18:00:00', '2024-12-27', 8, '17:00:00', 21),
(179, '09:00:00', '2024-12-23', 8, '08:00:00', 22),
(180, '10:00:00', '2024-12-23', 8, '09:00:00', 22),
(181, '11:00:00', '2024-12-23', 8, '10:00:00', 22),
(182, '12:00:00', '2024-12-23', 8, '11:00:00', 22),
(183, '13:00:00', '2024-12-23', 8, '12:00:00', 22),
(184, '14:00:00', '2024-12-23', 8, '13:00:00', 22),
(185, '15:00:00', '2024-12-23', 8, '14:00:00', 22),
(186, '16:00:00', '2024-12-23', 8, '15:00:00', 22),
(187, '17:00:00', '2024-12-23', 8, '16:00:00', 22),
(188, '18:00:00', '2024-12-23', 8, '17:00:00', 22),
(189, '09:00:00', '2024-12-24', 8, '08:00:00', 22),
(190, '10:00:00', '2024-12-24', 8, '09:00:00', 22),
(191, '11:00:00', '2024-12-24', 8, '10:00:00', 22),
(192, '12:00:00', '2024-12-24', 8, '11:00:00', 22),
(193, '13:00:00', '2024-12-24', 8, '12:00:00', 22),
(194, '14:00:00', '2024-12-24', 8, '13:00:00', 22),
(195, '15:00:00', '2024-12-24', 8, '14:00:00', 22),
(196, '16:00:00', '2024-12-24', 8, '15:00:00', 22),
(197, '17:00:00', '2024-12-24', 8, '16:00:00', 22),
(198, '18:00:00', '2024-12-24', 8, '17:00:00', 22),
(199, '09:00:00', '2024-12-25', 8, '08:00:00', 22),
(200, '10:00:00', '2024-12-25', 8, '09:00:00', 22),
(201, '11:00:00', '2024-12-25', 8, '10:00:00', 22),
(202, '12:00:00', '2024-12-25', 8, '11:00:00', 22),
(203, '13:00:00', '2024-12-25', 8, '12:00:00', 22),
(204, '14:00:00', '2024-12-25', 8, '13:00:00', 22),
(205, '15:00:00', '2024-12-25', 8, '14:00:00', 22),
(206, '16:00:00', '2024-12-25', 8, '15:00:00', 22),
(207, '17:00:00', '2024-12-25', 8, '16:00:00', 22),
(208, '18:00:00', '2024-12-25', 8, '17:00:00', 22),
(209, '09:00:00', '2024-12-26', 8, '08:00:00', 22),
(210, '10:00:00', '2024-12-26', 8, '09:00:00', 22),
(211, '11:00:00', '2024-12-26', 8, '10:00:00', 22),
(212, '12:00:00', '2024-12-26', 8, '11:00:00', 22),
(213, '13:00:00', '2024-12-26', 8, '12:00:00', 22),
(214, '14:00:00', '2024-12-26', 8, '13:00:00', 22),
(215, '15:00:00', '2024-12-26', 8, '14:00:00', 22),
(216, '16:00:00', '2024-12-26', 8, '15:00:00', 22),
(217, '17:00:00', '2024-12-26', 8, '16:00:00', 22),
(218, '18:00:00', '2024-12-26', 8, '17:00:00', 22),
(219, '09:00:00', '2024-12-27', 8, '08:00:00', 22),
(220, '10:00:00', '2024-12-27', 8, '09:00:00', 22),
(221, '11:00:00', '2024-12-27', 8, '10:00:00', 22),
(222, '12:00:00', '2024-12-27', 8, '11:00:00', 22),
(223, '13:00:00', '2024-12-27', 8, '12:00:00', 22),
(224, '14:00:00', '2024-12-27', 8, '13:00:00', 22),
(225, '15:00:00', '2024-12-27', 8, '14:00:00', 22),
(226, '16:00:00', '2024-12-27', 8, '15:00:00', 22),
(227, '17:00:00', '2024-12-27', 8, '16:00:00', 22),
(228, '18:00:00', '2024-12-27', 8, '17:00:00', 22),
(229, '09:00:00', '2024-12-28', 8, '08:00:00', 22),
(230, '10:00:00', '2024-12-28', 8, '09:00:00', 22),
(231, '11:00:00', '2024-12-28', 8, '10:00:00', 22),
(232, '12:00:00', '2024-12-28', 8, '11:00:00', 22),
(233, '13:00:00', '2024-12-28', 8, '12:00:00', 22),
(234, '14:00:00', '2024-12-28', 8, '13:00:00', 22),
(235, '15:00:00', '2024-12-28', 8, '14:00:00', 22),
(236, '16:00:00', '2024-12-28', 8, '15:00:00', 22),
(237, '17:00:00', '2024-12-28', 8, '16:00:00', 22),
(238, '18:00:00', '2024-12-28', 8, '17:00:00', 22),
(239, '09:00:00', '2024-12-29', 8, '08:00:00', 22),
(240, '10:00:00', '2024-12-29', 8, '09:00:00', 22),
(241, '11:00:00', '2024-12-29', 8, '10:00:00', 22),
(242, '12:00:00', '2024-12-29', 8, '11:00:00', 22),
(243, '13:00:00', '2024-12-29', 8, '12:00:00', 22),
(244, '14:00:00', '2024-12-29', 8, '13:00:00', 22),
(245, '15:00:00', '2024-12-29', 8, '14:00:00', 22),
(246, '16:00:00', '2024-12-29', 8, '15:00:00', 22),
(247, '17:00:00', '2024-12-29', 8, '16:00:00', 22),
(248, '18:00:00', '2024-12-29', 8, '17:00:00', 22),
(249, '09:00:00', '2024-12-30', 8, '08:00:00', 22),
(250, '10:00:00', '2024-12-30', 8, '09:00:00', 22),
(251, '11:00:00', '2024-12-30', 8, '10:00:00', 22),
(252, '12:00:00', '2024-12-30', 8, '11:00:00', 22),
(253, '13:00:00', '2024-12-30', 8, '12:00:00', 22),
(254, '14:00:00', '2024-12-30', 8, '13:00:00', 22),
(255, '15:00:00', '2024-12-30', 8, '14:00:00', 22),
(256, '16:00:00', '2024-12-30', 8, '15:00:00', 22),
(257, '17:00:00', '2024-12-30', 8, '16:00:00', 22),
(258, '18:00:00', '2024-12-30', 8, '17:00:00', 22),
(259, '09:00:00', '2024-12-23', 8, '08:00:00', 64),
(260, '10:00:00', '2024-12-23', 8, '09:00:00', 64),
(261, '11:00:00', '2024-12-23', 8, '10:00:00', 64),
(262, '12:00:00', '2024-12-23', 8, '11:00:00', 64),
(263, '13:00:00', '2024-12-23', 8, '12:00:00', 64),
(264, '14:00:00', '2024-12-23', 8, '13:00:00', 64),
(265, '15:00:00', '2024-12-23', 8, '14:00:00', 64),
(266, '16:00:00', '2024-12-23', 8, '15:00:00', 64),
(267, '17:00:00', '2024-12-23', 8, '16:00:00', 64),
(268, '18:00:00', '2024-12-23', 8, '17:00:00', 64),
(269, '09:00:00', '2024-12-24', 8, '08:00:00', 64),
(270, '10:00:00', '2024-12-24', 8, '09:00:00', 64),
(271, '11:00:00', '2024-12-24', 8, '10:00:00', 64),
(272, '12:00:00', '2024-12-24', 8, '11:00:00', 64),
(273, '13:00:00', '2024-12-24', 8, '12:00:00', 64),
(274, '14:00:00', '2024-12-24', 8, '13:00:00', 64),
(275, '15:00:00', '2024-12-24', 8, '14:00:00', 64),
(276, '16:00:00', '2024-12-24', 8, '15:00:00', 64),
(277, '17:00:00', '2024-12-24', 8, '16:00:00', 64),
(278, '18:00:00', '2024-12-24', 8, '17:00:00', 64),
(279, '09:00:00', '2024-12-25', 8, '08:00:00', 64),
(280, '10:00:00', '2024-12-25', 8, '09:00:00', 64),
(281, '11:00:00', '2024-12-25', 8, '10:00:00', 64),
(282, '12:00:00', '2024-12-25', 8, '11:00:00', 64),
(283, '13:00:00', '2024-12-25', 8, '12:00:00', 64),
(284, '14:00:00', '2024-12-25', 8, '13:00:00', 64),
(285, '15:00:00', '2024-12-25', 8, '14:00:00', 64),
(286, '16:00:00', '2024-12-25', 8, '15:00:00', 64),
(287, '17:00:00', '2024-12-25', 8, '16:00:00', 64),
(288, '18:00:00', '2024-12-25', 8, '17:00:00', 64),
(289, '09:00:00', '2024-12-26', 8, '08:00:00', 64),
(290, '10:00:00', '2024-12-26', 8, '09:00:00', 64),
(291, '11:00:00', '2024-12-26', 8, '10:00:00', 64),
(292, '12:00:00', '2024-12-26', 8, '11:00:00', 64),
(293, '13:00:00', '2024-12-26', 8, '12:00:00', 64),
(294, '14:00:00', '2024-12-26', 8, '13:00:00', 64),
(295, '15:00:00', '2024-12-26', 8, '14:00:00', 64),
(296, '16:00:00', '2024-12-26', 8, '15:00:00', 64),
(297, '17:00:00', '2024-12-26', 8, '16:00:00', 64),
(298, '18:00:00', '2024-12-26', 8, '17:00:00', 64),
(299, '09:00:00', '2024-12-27', 8, '08:00:00', 64),
(300, '10:00:00', '2024-12-27', 8, '09:00:00', 64),
(301, '11:00:00', '2024-12-27', 8, '10:00:00', 64),
(302, '12:00:00', '2024-12-27', 8, '11:00:00', 64),
(303, '13:00:00', '2024-12-27', 8, '12:00:00', 64),
(304, '14:00:00', '2024-12-27', 8, '13:00:00', 64),
(305, '15:00:00', '2024-12-27', 8, '14:00:00', 64),
(306, '16:00:00', '2024-12-27', 8, '15:00:00', 64),
(307, '17:00:00', '2024-12-27', 8, '16:00:00', 64),
(308, '18:00:00', '2024-12-27', 8, '17:00:00', 64),
(309, '09:00:00', '2024-12-28', 8, '08:00:00', 64),
(310, '10:00:00', '2024-12-28', 8, '09:00:00', 64),
(311, '11:00:00', '2024-12-28', 8, '10:00:00', 64),
(312, '12:00:00', '2024-12-28', 8, '11:00:00', 64),
(313, '13:00:00', '2024-12-28', 8, '12:00:00', 64),
(314, '14:00:00', '2024-12-28', 8, '13:00:00', 64),
(315, '15:00:00', '2024-12-28', 8, '14:00:00', 64),
(316, '16:00:00', '2024-12-28', 8, '15:00:00', 64),
(317, '17:00:00', '2024-12-28', 8, '16:00:00', 64),
(318, '18:00:00', '2024-12-28', 8, '17:00:00', 64),
(319, '09:00:00', '2024-12-29', 8, '08:00:00', 64),
(320, '10:00:00', '2024-12-29', 8, '09:00:00', 64),
(321, '11:00:00', '2024-12-29', 8, '10:00:00', 64),
(322, '12:00:00', '2024-12-29', 8, '11:00:00', 64),
(323, '13:00:00', '2024-12-29', 8, '12:00:00', 64),
(324, '14:00:00', '2024-12-29', 8, '13:00:00', 64),
(325, '15:00:00', '2024-12-29', 8, '14:00:00', 64),
(326, '16:00:00', '2024-12-29', 8, '15:00:00', 64),
(327, '17:00:00', '2024-12-29', 8, '16:00:00', 64),
(328, '18:00:00', '2024-12-29', 8, '17:00:00', 64),
(329, '09:00:00', '2024-12-30', 8, '08:00:00', 64),
(330, '10:00:00', '2024-12-30', 8, '09:00:00', 64),
(331, '11:00:00', '2024-12-30', 8, '10:00:00', 64),
(332, '12:00:00', '2024-12-30', 8, '11:00:00', 64),
(333, '13:00:00', '2024-12-30', 8, '12:00:00', 64),
(334, '14:00:00', '2024-12-30', 8, '13:00:00', 64),
(335, '15:00:00', '2024-12-30', 8, '14:00:00', 64),
(336, '16:00:00', '2024-12-30', 8, '15:00:00', 64),
(337, '17:00:00', '2024-12-30', 8, '16:00:00', 64),
(338, '18:00:00', '2024-12-30', 8, '17:00:00', 64),
(339, '09:00:00', '2024-12-23', 8, '08:00:00', 63),
(340, '10:00:00', '2024-12-23', 8, '09:00:00', 63),
(341, '11:00:00', '2024-12-23', 8, '10:00:00', 63),
(342, '12:00:00', '2024-12-23', 8, '11:00:00', 63),
(343, '13:00:00', '2024-12-23', 8, '12:00:00', 63),
(344, '14:00:00', '2024-12-23', 8, '13:00:00', 63),
(345, '15:00:00', '2024-12-23', 8, '14:00:00', 63),
(346, '16:00:00', '2024-12-23', 8, '15:00:00', 63),
(347, '17:00:00', '2024-12-23', 8, '16:00:00', 63),
(348, '18:00:00', '2024-12-23', 8, '17:00:00', 63),
(349, '09:00:00', '2024-12-24', 8, '08:00:00', 63),
(350, '10:00:00', '2024-12-24', 8, '09:00:00', 63),
(351, '11:00:00', '2024-12-24', 8, '10:00:00', 63),
(352, '12:00:00', '2024-12-24', 8, '11:00:00', 63),
(353, '13:00:00', '2024-12-24', 8, '12:00:00', 63),
(354, '14:00:00', '2024-12-24', 8, '13:00:00', 63),
(355, '15:00:00', '2024-12-24', 8, '14:00:00', 63),
(356, '16:00:00', '2024-12-24', 8, '15:00:00', 63),
(357, '17:00:00', '2024-12-24', 8, '16:00:00', 63),
(358, '18:00:00', '2024-12-24', 8, '17:00:00', 63),
(359, '09:00:00', '2024-12-25', 8, '08:00:00', 63),
(360, '10:00:00', '2024-12-25', 8, '09:00:00', 63),
(361, '11:00:00', '2024-12-25', 8, '10:00:00', 63),
(362, '12:00:00', '2024-12-25', 8, '11:00:00', 63),
(363, '13:00:00', '2024-12-25', 8, '12:00:00', 63),
(364, '14:00:00', '2024-12-25', 8, '13:00:00', 63),
(365, '15:00:00', '2024-12-25', 8, '14:00:00', 63),
(366, '16:00:00', '2024-12-25', 8, '15:00:00', 63),
(367, '17:00:00', '2024-12-25', 8, '16:00:00', 63),
(368, '18:00:00', '2024-12-25', 8, '17:00:00', 63),
(369, '09:00:00', '2024-12-26', 8, '08:00:00', 63),
(370, '10:00:00', '2024-12-26', 8, '09:00:00', 63),
(371, '11:00:00', '2024-12-26', 8, '10:00:00', 63),
(372, '12:00:00', '2024-12-26', 8, '11:00:00', 63),
(373, '13:00:00', '2024-12-26', 8, '12:00:00', 63),
(374, '14:00:00', '2024-12-26', 8, '13:00:00', 63),
(375, '15:00:00', '2024-12-26', 8, '14:00:00', 63),
(376, '16:00:00', '2024-12-26', 8, '15:00:00', 63),
(377, '17:00:00', '2024-12-26', 8, '16:00:00', 63),
(378, '18:00:00', '2024-12-26', 8, '17:00:00', 63),
(379, '09:00:00', '2024-12-27', 8, '08:00:00', 63),
(380, '10:00:00', '2024-12-27', 8, '09:00:00', 63),
(381, '11:00:00', '2024-12-27', 8, '10:00:00', 63),
(382, '12:00:00', '2024-12-27', 8, '11:00:00', 63),
(383, '13:00:00', '2024-12-27', 8, '12:00:00', 63),
(384, '14:00:00', '2024-12-27', 8, '13:00:00', 63),
(385, '15:00:00', '2024-12-27', 8, '14:00:00', 63),
(386, '16:00:00', '2024-12-27', 8, '15:00:00', 63),
(387, '17:00:00', '2024-12-27', 8, '16:00:00', 63),
(388, '18:00:00', '2024-12-27', 8, '17:00:00', 63),
(389, '09:00:00', '2024-12-28', 8, '08:00:00', 63),
(390, '10:00:00', '2024-12-28', 8, '09:00:00', 63),
(391, '11:00:00', '2024-12-28', 8, '10:00:00', 63),
(392, '12:00:00', '2024-12-28', 8, '11:00:00', 63),
(393, '13:00:00', '2024-12-28', 8, '12:00:00', 63),
(394, '14:00:00', '2024-12-28', 8, '13:00:00', 63),
(395, '15:00:00', '2024-12-28', 8, '14:00:00', 63),
(396, '16:00:00', '2024-12-28', 8, '15:00:00', 63),
(397, '17:00:00', '2024-12-28', 8, '16:00:00', 63),
(398, '18:00:00', '2024-12-28', 8, '17:00:00', 63),
(399, '09:00:00', '2024-12-29', 8, '08:00:00', 63),
(400, '10:00:00', '2024-12-29', 8, '09:00:00', 63),
(401, '11:00:00', '2024-12-29', 8, '10:00:00', 63),
(402, '12:00:00', '2024-12-29', 8, '11:00:00', 63),
(403, '13:00:00', '2024-12-29', 8, '12:00:00', 63),
(404, '14:00:00', '2024-12-29', 8, '13:00:00', 63),
(405, '15:00:00', '2024-12-29', 8, '14:00:00', 63),
(406, '16:00:00', '2024-12-29', 8, '15:00:00', 63),
(407, '17:00:00', '2024-12-29', 8, '16:00:00', 63),
(408, '18:00:00', '2024-12-29', 8, '17:00:00', 63),
(409, '09:00:00', '2024-12-30', 8, '08:00:00', 63),
(410, '10:00:00', '2024-12-30', 8, '09:00:00', 63),
(411, '11:00:00', '2024-12-30', 8, '10:00:00', 63),
(412, '12:00:00', '2024-12-30', 8, '11:00:00', 63),
(413, '13:00:00', '2024-12-30', 8, '12:00:00', 63),
(414, '14:00:00', '2024-12-30', 8, '13:00:00', 63),
(415, '15:00:00', '2024-12-30', 8, '14:00:00', 63),
(416, '16:00:00', '2024-12-30', 8, '15:00:00', 63),
(417, '17:00:00', '2024-12-30', 8, '16:00:00', 63),
(418, '18:00:00', '2024-12-30', 8, '17:00:00', 63),
(419, '09:00:00', '2024-12-23', 8, '08:00:00', 62),
(420, '10:00:00', '2024-12-23', 8, '09:00:00', 62),
(421, '11:00:00', '2024-12-23', 8, '10:00:00', 62),
(422, '12:00:00', '2024-12-23', 8, '11:00:00', 62),
(423, '13:00:00', '2024-12-23', 8, '12:00:00', 62),
(424, '14:00:00', '2024-12-23', 8, '13:00:00', 62),
(425, '15:00:00', '2024-12-23', 8, '14:00:00', 62),
(426, '16:00:00', '2024-12-23', 8, '15:00:00', 62),
(427, '17:00:00', '2024-12-23', 8, '16:00:00', 62),
(428, '18:00:00', '2024-12-23', 8, '17:00:00', 62),
(429, '09:00:00', '2024-12-24', 8, '08:00:00', 62),
(430, '10:00:00', '2024-12-24', 8, '09:00:00', 62),
(431, '11:00:00', '2024-12-24', 8, '10:00:00', 62),
(432, '12:00:00', '2024-12-24', 8, '11:00:00', 62),
(433, '13:00:00', '2024-12-24', 8, '12:00:00', 62),
(434, '14:00:00', '2024-12-24', 8, '13:00:00', 62),
(435, '15:00:00', '2024-12-24', 8, '14:00:00', 62),
(436, '16:00:00', '2024-12-24', 8, '15:00:00', 62),
(437, '17:00:00', '2024-12-24', 8, '16:00:00', 62),
(438, '18:00:00', '2024-12-24', 8, '17:00:00', 62),
(439, '09:00:00', '2024-12-25', 8, '08:00:00', 62),
(440, '10:00:00', '2024-12-25', 8, '09:00:00', 62),
(441, '11:00:00', '2024-12-25', 8, '10:00:00', 62),
(442, '12:00:00', '2024-12-25', 8, '11:00:00', 62),
(443, '13:00:00', '2024-12-25', 8, '12:00:00', 62),
(444, '14:00:00', '2024-12-25', 8, '13:00:00', 62),
(445, '15:00:00', '2024-12-25', 8, '14:00:00', 62),
(446, '16:00:00', '2024-12-25', 8, '15:00:00', 62),
(447, '17:00:00', '2024-12-25', 8, '16:00:00', 62),
(448, '18:00:00', '2024-12-25', 8, '17:00:00', 62),
(449, '09:00:00', '2024-12-26', 8, '08:00:00', 62),
(450, '10:00:00', '2024-12-26', 8, '09:00:00', 62),
(451, '11:00:00', '2024-12-26', 8, '10:00:00', 62),
(452, '12:00:00', '2024-12-26', 8, '11:00:00', 62),
(453, '13:00:00', '2024-12-26', 8, '12:00:00', 62),
(454, '14:00:00', '2024-12-26', 8, '13:00:00', 62),
(455, '15:00:00', '2024-12-26', 8, '14:00:00', 62),
(456, '16:00:00', '2024-12-26', 8, '15:00:00', 62),
(457, '17:00:00', '2024-12-26', 8, '16:00:00', 62),
(458, '18:00:00', '2024-12-26', 8, '17:00:00', 62),
(459, '09:00:00', '2024-12-27', 8, '08:00:00', 62),
(460, '10:00:00', '2024-12-27', 8, '09:00:00', 62),
(461, '11:00:00', '2024-12-27', 8, '10:00:00', 62),
(462, '12:00:00', '2024-12-27', 8, '11:00:00', 62),
(463, '13:00:00', '2024-12-27', 8, '12:00:00', 62),
(464, '14:00:00', '2024-12-27', 8, '13:00:00', 62),
(465, '15:00:00', '2024-12-27', 8, '14:00:00', 62),
(466, '16:00:00', '2024-12-27', 8, '15:00:00', 62),
(467, '17:00:00', '2024-12-27', 8, '16:00:00', 62),
(468, '18:00:00', '2024-12-27', 8, '17:00:00', 62),
(469, '09:00:00', '2024-12-28', 8, '08:00:00', 62),
(470, '10:00:00', '2024-12-28', 8, '09:00:00', 62),
(471, '11:00:00', '2024-12-28', 8, '10:00:00', 62),
(472, '12:00:00', '2024-12-28', 8, '11:00:00', 62),
(473, '13:00:00', '2024-12-28', 8, '12:00:00', 62),
(474, '14:00:00', '2024-12-28', 8, '13:00:00', 62),
(475, '15:00:00', '2024-12-28', 8, '14:00:00', 62),
(476, '16:00:00', '2024-12-28', 8, '15:00:00', 62),
(477, '17:00:00', '2024-12-28', 8, '16:00:00', 62),
(478, '18:00:00', '2024-12-28', 8, '17:00:00', 62),
(479, '09:00:00', '2024-12-29', 8, '08:00:00', 62),
(480, '10:00:00', '2024-12-29', 8, '09:00:00', 62),
(481, '11:00:00', '2024-12-29', 8, '10:00:00', 62),
(482, '12:00:00', '2024-12-29', 8, '11:00:00', 62),
(483, '13:00:00', '2024-12-29', 8, '12:00:00', 62),
(484, '14:00:00', '2024-12-29', 8, '13:00:00', 62),
(485, '15:00:00', '2024-12-29', 8, '14:00:00', 62),
(486, '16:00:00', '2024-12-29', 8, '15:00:00', 62),
(487, '17:00:00', '2024-12-29', 8, '16:00:00', 62),
(488, '18:00:00', '2024-12-29', 8, '17:00:00', 62),
(489, '09:00:00', '2024-12-30', 8, '08:00:00', 62),
(490, '10:00:00', '2024-12-30', 8, '09:00:00', 62),
(491, '11:00:00', '2024-12-30', 8, '10:00:00', 62),
(492, '12:00:00', '2024-12-30', 8, '11:00:00', 62),
(493, '13:00:00', '2024-12-30', 8, '12:00:00', 62),
(494, '14:00:00', '2024-12-30', 8, '13:00:00', 62),
(495, '15:00:00', '2024-12-30', 8, '14:00:00', 62),
(496, '16:00:00', '2024-12-30', 8, '15:00:00', 62),
(497, '17:00:00', '2024-12-30', 8, '16:00:00', 62),
(498, '18:00:00', '2024-12-30', 8, '17:00:00', 62),
(499, '09:00:00', '2024-12-23', 8, '08:00:00', 60),
(500, '10:00:00', '2024-12-23', 8, '09:00:00', 60),
(501, '11:00:00', '2024-12-23', 8, '10:00:00', 60),
(502, '12:00:00', '2024-12-23', 8, '11:00:00', 60),
(503, '13:00:00', '2024-12-23', 8, '12:00:00', 60),
(504, '14:00:00', '2024-12-23', 8, '13:00:00', 60),
(505, '15:00:00', '2024-12-23', 8, '14:00:00', 60),
(506, '16:00:00', '2024-12-23', 8, '15:00:00', 60),
(507, '17:00:00', '2024-12-23', 8, '16:00:00', 60),
(508, '18:00:00', '2024-12-23', 8, '17:00:00', 60),
(509, '09:00:00', '2024-12-24', 8, '08:00:00', 60),
(510, '10:00:00', '2024-12-24', 8, '09:00:00', 60),
(511, '11:00:00', '2024-12-24', 8, '10:00:00', 60),
(512, '12:00:00', '2024-12-24', 8, '11:00:00', 60),
(513, '13:00:00', '2024-12-24', 8, '12:00:00', 60),
(514, '14:00:00', '2024-12-24', 8, '13:00:00', 60),
(515, '15:00:00', '2024-12-24', 8, '14:00:00', 60),
(516, '16:00:00', '2024-12-24', 8, '15:00:00', 60),
(517, '17:00:00', '2024-12-24', 8, '16:00:00', 60),
(518, '18:00:00', '2024-12-24', 8, '17:00:00', 60),
(519, '09:00:00', '2024-12-25', 8, '08:00:00', 60),
(520, '10:00:00', '2024-12-25', 8, '09:00:00', 60),
(521, '11:00:00', '2024-12-25', 8, '10:00:00', 60),
(522, '12:00:00', '2024-12-25', 8, '11:00:00', 60),
(523, '13:00:00', '2024-12-25', 8, '12:00:00', 60),
(524, '14:00:00', '2024-12-25', 8, '13:00:00', 60),
(525, '15:00:00', '2024-12-25', 8, '14:00:00', 60),
(526, '16:00:00', '2024-12-25', 8, '15:00:00', 60),
(527, '17:00:00', '2024-12-25', 8, '16:00:00', 60),
(528, '18:00:00', '2024-12-25', 8, '17:00:00', 60),
(529, '09:00:00', '2024-12-26', 8, '08:00:00', 60),
(530, '10:00:00', '2024-12-26', 8, '09:00:00', 60),
(531, '11:00:00', '2024-12-26', 8, '10:00:00', 60),
(532, '12:00:00', '2024-12-26', 8, '11:00:00', 60),
(533, '13:00:00', '2024-12-26', 8, '12:00:00', 60),
(534, '14:00:00', '2024-12-26', 8, '13:00:00', 60),
(535, '15:00:00', '2024-12-26', 8, '14:00:00', 60),
(536, '16:00:00', '2024-12-26', 8, '15:00:00', 60),
(537, '17:00:00', '2024-12-26', 8, '16:00:00', 60),
(538, '18:00:00', '2024-12-26', 8, '17:00:00', 60),
(539, '09:00:00', '2024-12-27', 8, '08:00:00', 60),
(540, '10:00:00', '2024-12-27', 8, '09:00:00', 60),
(541, '11:00:00', '2024-12-27', 8, '10:00:00', 60),
(542, '12:00:00', '2024-12-27', 8, '11:00:00', 60),
(543, '13:00:00', '2024-12-27', 8, '12:00:00', 60),
(544, '14:00:00', '2024-12-27', 8, '13:00:00', 60),
(545, '15:00:00', '2024-12-27', 8, '14:00:00', 60),
(546, '16:00:00', '2024-12-27', 8, '15:00:00', 60),
(547, '17:00:00', '2024-12-27', 8, '16:00:00', 60),
(548, '18:00:00', '2024-12-27', 8, '17:00:00', 60),
(549, '09:00:00', '2024-12-28', 8, '08:00:00', 60),
(550, '10:00:00', '2024-12-28', 8, '09:00:00', 60),
(551, '11:00:00', '2024-12-28', 8, '10:00:00', 60),
(552, '12:00:00', '2024-12-28', 8, '11:00:00', 60),
(553, '13:00:00', '2024-12-28', 8, '12:00:00', 60),
(554, '14:00:00', '2024-12-28', 8, '13:00:00', 60),
(555, '15:00:00', '2024-12-28', 8, '14:00:00', 60),
(556, '16:00:00', '2024-12-28', 8, '15:00:00', 60),
(557, '17:00:00', '2024-12-28', 8, '16:00:00', 60),
(558, '18:00:00', '2024-12-28', 8, '17:00:00', 60),
(559, '09:00:00', '2024-12-29', 8, '08:00:00', 60),
(560, '10:00:00', '2024-12-29', 8, '09:00:00', 60),
(561, '11:00:00', '2024-12-29', 8, '10:00:00', 60),
(562, '12:00:00', '2024-12-29', 8, '11:00:00', 60),
(563, '13:00:00', '2024-12-29', 8, '12:00:00', 60),
(564, '14:00:00', '2024-12-29', 8, '13:00:00', 60),
(565, '15:00:00', '2024-12-29', 8, '14:00:00', 60),
(566, '16:00:00', '2024-12-29', 8, '15:00:00', 60),
(567, '17:00:00', '2024-12-29', 8, '16:00:00', 60),
(568, '18:00:00', '2024-12-29', 8, '17:00:00', 60),
(569, '09:00:00', '2024-12-30', 8, '08:00:00', 60),
(570, '10:00:00', '2024-12-30', 8, '09:00:00', 60),
(571, '11:00:00', '2024-12-30', 8, '10:00:00', 60),
(572, '12:00:00', '2024-12-30', 8, '11:00:00', 60),
(573, '13:00:00', '2024-12-30', 8, '12:00:00', 60),
(574, '14:00:00', '2024-12-30', 8, '13:00:00', 60),
(575, '15:00:00', '2024-12-30', 8, '14:00:00', 60),
(576, '16:00:00', '2024-12-30', 8, '15:00:00', 60),
(577, '17:00:00', '2024-12-30', 8, '16:00:00', 60),
(578, '18:00:00', '2024-12-30', 8, '17:00:00', 60),
(579, '09:00:00', '2024-12-23', 8, '08:00:00', 59),
(580, '10:00:00', '2024-12-23', 8, '09:00:00', 59),
(581, '11:00:00', '2024-12-23', 8, '10:00:00', 59),
(582, '12:00:00', '2024-12-23', 8, '11:00:00', 59),
(583, '13:00:00', '2024-12-23', 8, '12:00:00', 59),
(584, '14:00:00', '2024-12-23', 8, '13:00:00', 59),
(585, '15:00:00', '2024-12-23', 8, '14:00:00', 59),
(586, '16:00:00', '2024-12-23', 8, '15:00:00', 59),
(587, '17:00:00', '2024-12-23', 8, '16:00:00', 59),
(588, '18:00:00', '2024-12-23', 8, '17:00:00', 59),
(589, '09:00:00', '2024-12-24', 8, '08:00:00', 59),
(590, '10:00:00', '2024-12-24', 8, '09:00:00', 59),
(591, '11:00:00', '2024-12-24', 8, '10:00:00', 59),
(592, '12:00:00', '2024-12-24', 8, '11:00:00', 59),
(593, '13:00:00', '2024-12-24', 8, '12:00:00', 59),
(594, '14:00:00', '2024-12-24', 8, '13:00:00', 59),
(595, '15:00:00', '2024-12-24', 8, '14:00:00', 59),
(596, '16:00:00', '2024-12-24', 8, '15:00:00', 59),
(597, '17:00:00', '2024-12-24', 8, '16:00:00', 59),
(598, '18:00:00', '2024-12-24', 8, '17:00:00', 59),
(599, '09:00:00', '2024-12-25', 8, '08:00:00', 59),
(600, '10:00:00', '2024-12-25', 8, '09:00:00', 59),
(601, '11:00:00', '2024-12-25', 8, '10:00:00', 59),
(602, '12:00:00', '2024-12-25', 8, '11:00:00', 59),
(603, '13:00:00', '2024-12-25', 8, '12:00:00', 59),
(604, '14:00:00', '2024-12-25', 8, '13:00:00', 59),
(605, '15:00:00', '2024-12-25', 8, '14:00:00', 59),
(606, '16:00:00', '2024-12-25', 8, '15:00:00', 59),
(607, '17:00:00', '2024-12-25', 8, '16:00:00', 59),
(608, '18:00:00', '2024-12-25', 8, '17:00:00', 59),
(609, '09:00:00', '2024-12-26', 8, '08:00:00', 59),
(610, '10:00:00', '2024-12-26', 8, '09:00:00', 59),
(611, '11:00:00', '2024-12-26', 8, '10:00:00', 59),
(612, '12:00:00', '2024-12-26', 8, '11:00:00', 59),
(613, '13:00:00', '2024-12-26', 8, '12:00:00', 59),
(614, '14:00:00', '2024-12-26', 8, '13:00:00', 59),
(615, '15:00:00', '2024-12-26', 8, '14:00:00', 59),
(616, '16:00:00', '2024-12-26', 8, '15:00:00', 59),
(617, '17:00:00', '2024-12-26', 8, '16:00:00', 59),
(618, '18:00:00', '2024-12-26', 8, '17:00:00', 59),
(619, '09:00:00', '2024-12-27', 8, '08:00:00', 59),
(620, '10:00:00', '2024-12-27', 8, '09:00:00', 59),
(621, '11:00:00', '2024-12-27', 8, '10:00:00', 59),
(622, '12:00:00', '2024-12-27', 8, '11:00:00', 59),
(623, '13:00:00', '2024-12-27', 8, '12:00:00', 59),
(624, '14:00:00', '2024-12-27', 8, '13:00:00', 59),
(625, '15:00:00', '2024-12-27', 8, '14:00:00', 59),
(626, '16:00:00', '2024-12-27', 8, '15:00:00', 59),
(627, '17:00:00', '2024-12-27', 8, '16:00:00', 59),
(628, '18:00:00', '2024-12-27', 8, '17:00:00', 59),
(629, '09:00:00', '2024-12-28', 8, '08:00:00', 59),
(630, '10:00:00', '2024-12-28', 8, '09:00:00', 59),
(631, '11:00:00', '2024-12-28', 8, '10:00:00', 59),
(632, '12:00:00', '2024-12-28', 8, '11:00:00', 59),
(633, '13:00:00', '2024-12-28', 8, '12:00:00', 59),
(634, '14:00:00', '2024-12-28', 8, '13:00:00', 59),
(635, '15:00:00', '2024-12-28', 8, '14:00:00', 59),
(636, '16:00:00', '2024-12-28', 8, '15:00:00', 59),
(637, '17:00:00', '2024-12-28', 8, '16:00:00', 59),
(638, '18:00:00', '2024-12-28', 8, '17:00:00', 59),
(639, '09:00:00', '2024-12-29', 8, '08:00:00', 59),
(640, '10:00:00', '2024-12-29', 8, '09:00:00', 59),
(641, '11:00:00', '2024-12-29', 8, '10:00:00', 59),
(642, '12:00:00', '2024-12-29', 8, '11:00:00', 59),
(643, '13:00:00', '2024-12-29', 8, '12:00:00', 59),
(644, '14:00:00', '2024-12-29', 8, '13:00:00', 59),
(645, '15:00:00', '2024-12-29', 8, '14:00:00', 59),
(646, '16:00:00', '2024-12-29', 8, '15:00:00', 59),
(647, '17:00:00', '2024-12-29', 8, '16:00:00', 59),
(648, '18:00:00', '2024-12-29', 8, '17:00:00', 59),
(649, '09:00:00', '2024-12-30', 8, '08:00:00', 59),
(650, '10:00:00', '2024-12-30', 8, '09:00:00', 59),
(651, '11:00:00', '2024-12-30', 8, '10:00:00', 59),
(652, '12:00:00', '2024-12-30', 8, '11:00:00', 59),
(653, '13:00:00', '2024-12-30', 8, '12:00:00', 59),
(654, '14:00:00', '2024-12-30', 8, '13:00:00', 59),
(655, '15:00:00', '2024-12-30', 8, '14:00:00', 59),
(656, '16:00:00', '2024-12-30', 8, '15:00:00', 59),
(657, '17:00:00', '2024-12-30', 8, '16:00:00', 59),
(658, '18:00:00', '2024-12-30', 8, '17:00:00', 59),
(659, '09:00:00', '2024-12-23', 8, '08:00:00', 58),
(660, '10:00:00', '2024-12-23', 8, '09:00:00', 58),
(661, '11:00:00', '2024-12-23', 8, '10:00:00', 58),
(662, '12:00:00', '2024-12-23', 8, '11:00:00', 58),
(663, '13:00:00', '2024-12-23', 8, '12:00:00', 58),
(664, '14:00:00', '2024-12-23', 8, '13:00:00', 58),
(665, '15:00:00', '2024-12-23', 8, '14:00:00', 58),
(666, '16:00:00', '2024-12-23', 8, '15:00:00', 58),
(667, '17:00:00', '2024-12-23', 8, '16:00:00', 58),
(668, '18:00:00', '2024-12-23', 8, '17:00:00', 58),
(669, '09:00:00', '2024-12-24', 8, '08:00:00', 58),
(670, '10:00:00', '2024-12-24', 8, '09:00:00', 58),
(671, '11:00:00', '2024-12-24', 8, '10:00:00', 58),
(672, '12:00:00', '2024-12-24', 8, '11:00:00', 58),
(673, '13:00:00', '2024-12-24', 8, '12:00:00', 58),
(674, '14:00:00', '2024-12-24', 8, '13:00:00', 58),
(675, '15:00:00', '2024-12-24', 8, '14:00:00', 58),
(676, '16:00:00', '2024-12-24', 8, '15:00:00', 58),
(677, '17:00:00', '2024-12-24', 8, '16:00:00', 58),
(678, '18:00:00', '2024-12-24', 8, '17:00:00', 58),
(679, '09:00:00', '2024-12-25', 8, '08:00:00', 58),
(680, '10:00:00', '2024-12-25', 8, '09:00:00', 58),
(681, '11:00:00', '2024-12-25', 8, '10:00:00', 58),
(682, '12:00:00', '2024-12-25', 8, '11:00:00', 58),
(683, '13:00:00', '2024-12-25', 8, '12:00:00', 58),
(684, '14:00:00', '2024-12-25', 8, '13:00:00', 58),
(685, '15:00:00', '2024-12-25', 8, '14:00:00', 58),
(686, '16:00:00', '2024-12-25', 8, '15:00:00', 58),
(687, '17:00:00', '2024-12-25', 8, '16:00:00', 58),
(688, '18:00:00', '2024-12-25', 8, '17:00:00', 58),
(689, '09:00:00', '2024-12-26', 8, '08:00:00', 58),
(690, '10:00:00', '2024-12-26', 8, '09:00:00', 58),
(691, '11:00:00', '2024-12-26', 8, '10:00:00', 58),
(692, '12:00:00', '2024-12-26', 8, '11:00:00', 58),
(693, '13:00:00', '2024-12-26', 8, '12:00:00', 58),
(694, '14:00:00', '2024-12-26', 8, '13:00:00', 58),
(695, '15:00:00', '2024-12-26', 8, '14:00:00', 58),
(696, '16:00:00', '2024-12-26', 8, '15:00:00', 58),
(697, '17:00:00', '2024-12-26', 8, '16:00:00', 58),
(698, '18:00:00', '2024-12-26', 8, '17:00:00', 58),
(699, '09:00:00', '2024-12-27', 8, '08:00:00', 58),
(700, '10:00:00', '2024-12-27', 8, '09:00:00', 58),
(701, '11:00:00', '2024-12-27', 8, '10:00:00', 58),
(702, '12:00:00', '2024-12-27', 8, '11:00:00', 58),
(703, '13:00:00', '2024-12-27', 8, '12:00:00', 58),
(704, '14:00:00', '2024-12-27', 8, '13:00:00', 58),
(705, '15:00:00', '2024-12-27', 8, '14:00:00', 58),
(706, '16:00:00', '2024-12-27', 8, '15:00:00', 58),
(707, '17:00:00', '2024-12-27', 8, '16:00:00', 58),
(708, '18:00:00', '2024-12-27', 8, '17:00:00', 58),
(709, '09:00:00', '2024-12-28', 8, '08:00:00', 58),
(710, '10:00:00', '2024-12-28', 8, '09:00:00', 58),
(711, '11:00:00', '2024-12-28', 8, '10:00:00', 58),
(712, '12:00:00', '2024-12-28', 8, '11:00:00', 58),
(713, '13:00:00', '2024-12-28', 8, '12:00:00', 58),
(714, '14:00:00', '2024-12-28', 8, '13:00:00', 58),
(715, '15:00:00', '2024-12-28', 8, '14:00:00', 58),
(716, '16:00:00', '2024-12-28', 8, '15:00:00', 58),
(717, '17:00:00', '2024-12-28', 8, '16:00:00', 58),
(718, '18:00:00', '2024-12-28', 8, '17:00:00', 58),
(719, '09:00:00', '2024-12-30', 8, '08:00:00', 58),
(720, '10:00:00', '2024-12-30', 8, '09:00:00', 58),
(721, '11:00:00', '2024-12-30', 8, '10:00:00', 58),
(722, '12:00:00', '2024-12-30', 8, '11:00:00', 58),
(723, '13:00:00', '2024-12-30', 8, '12:00:00', 58),
(724, '14:00:00', '2024-12-30', 8, '13:00:00', 58),
(725, '15:00:00', '2024-12-30', 8, '14:00:00', 58),
(726, '16:00:00', '2024-12-30', 8, '15:00:00', 58),
(727, '17:00:00', '2024-12-30', 8, '16:00:00', 58),
(728, '18:00:00', '2024-12-30', 8, '17:00:00', 58),
(729, '09:00:00', '2024-12-29', 8, '08:00:00', 58),
(730, '10:00:00', '2024-12-29', 8, '09:00:00', 58),
(731, '11:00:00', '2024-12-29', 8, '10:00:00', 58),
(732, '12:00:00', '2024-12-29', 8, '11:00:00', 58),
(733, '13:00:00', '2024-12-29', 8, '12:00:00', 58),
(734, '14:00:00', '2024-12-29', 8, '13:00:00', 58),
(735, '15:00:00', '2024-12-29', 8, '14:00:00', 58),
(736, '16:00:00', '2024-12-29', 8, '15:00:00', 58),
(737, '17:00:00', '2024-12-29', 8, '16:00:00', 58),
(738, '18:00:00', '2024-12-29', 8, '17:00:00', 58),
(739, '09:00:00', '2024-12-23', 8, '08:00:00', 57),
(740, '10:00:00', '2024-12-23', 8, '09:00:00', 57),
(741, '11:00:00', '2024-12-23', 8, '10:00:00', 57),
(742, '12:00:00', '2024-12-23', 8, '11:00:00', 57),
(743, '13:00:00', '2024-12-23', 8, '12:00:00', 57),
(744, '14:00:00', '2024-12-23', 8, '13:00:00', 57),
(745, '15:00:00', '2024-12-23', 8, '14:00:00', 57),
(746, '16:00:00', '2024-12-23', 8, '15:00:00', 57),
(747, '17:00:00', '2024-12-23', 8, '16:00:00', 57),
(748, '18:00:00', '2024-12-23', 8, '17:00:00', 57),
(749, '09:00:00', '2024-12-24', 8, '08:00:00', 57),
(750, '10:00:00', '2024-12-24', 8, '09:00:00', 57),
(751, '11:00:00', '2024-12-24', 8, '10:00:00', 57),
(752, '12:00:00', '2024-12-24', 8, '11:00:00', 57),
(753, '13:00:00', '2024-12-24', 8, '12:00:00', 57),
(754, '14:00:00', '2024-12-24', 8, '13:00:00', 57),
(755, '15:00:00', '2024-12-24', 8, '14:00:00', 57),
(756, '16:00:00', '2024-12-24', 8, '15:00:00', 57),
(757, '17:00:00', '2024-12-24', 8, '16:00:00', 57),
(758, '18:00:00', '2024-12-24', 8, '17:00:00', 57),
(759, '09:00:00', '2024-12-25', 8, '08:00:00', 57),
(760, '10:00:00', '2024-12-25', 8, '09:00:00', 57),
(761, '11:00:00', '2024-12-25', 8, '10:00:00', 57),
(762, '12:00:00', '2024-12-25', 8, '11:00:00', 57),
(763, '13:00:00', '2024-12-25', 8, '12:00:00', 57),
(764, '14:00:00', '2024-12-25', 8, '13:00:00', 57),
(765, '15:00:00', '2024-12-25', 8, '14:00:00', 57),
(766, '16:00:00', '2024-12-25', 8, '15:00:00', 57),
(767, '17:00:00', '2024-12-25', 8, '16:00:00', 57),
(768, '18:00:00', '2024-12-25', 8, '17:00:00', 57),
(769, '09:00:00', '2024-12-26', 8, '08:00:00', 57),
(770, '10:00:00', '2024-12-26', 8, '09:00:00', 57),
(771, '11:00:00', '2024-12-26', 8, '10:00:00', 57),
(772, '12:00:00', '2024-12-26', 8, '11:00:00', 57),
(773, '13:00:00', '2024-12-26', 8, '12:00:00', 57),
(774, '14:00:00', '2024-12-26', 8, '13:00:00', 57),
(775, '15:00:00', '2024-12-26', 8, '14:00:00', 57),
(776, '16:00:00', '2024-12-26', 8, '15:00:00', 57),
(777, '17:00:00', '2024-12-26', 8, '16:00:00', 57),
(778, '18:00:00', '2024-12-26', 8, '17:00:00', 57),
(779, '09:00:00', '2024-12-27', 8, '08:00:00', 57),
(780, '10:00:00', '2024-12-27', 8, '09:00:00', 57),
(781, '11:00:00', '2024-12-27', 8, '10:00:00', 57),
(782, '12:00:00', '2024-12-27', 8, '11:00:00', 57),
(783, '13:00:00', '2024-12-27', 8, '12:00:00', 57),
(784, '14:00:00', '2024-12-27', 8, '13:00:00', 57),
(785, '15:00:00', '2024-12-27', 8, '14:00:00', 57),
(786, '16:00:00', '2024-12-27', 8, '15:00:00', 57),
(787, '17:00:00', '2024-12-27', 8, '16:00:00', 57),
(788, '18:00:00', '2024-12-27', 8, '17:00:00', 57),
(789, '09:00:00', '2024-12-28', 8, '08:00:00', 57),
(790, '10:00:00', '2024-12-28', 8, '09:00:00', 57),
(791, '11:00:00', '2024-12-28', 8, '10:00:00', 57),
(792, '12:00:00', '2024-12-28', 8, '11:00:00', 57),
(793, '13:00:00', '2024-12-28', 8, '12:00:00', 57),
(794, '14:00:00', '2024-12-28', 8, '13:00:00', 57),
(795, '15:00:00', '2024-12-28', 8, '14:00:00', 57),
(796, '16:00:00', '2024-12-28', 8, '15:00:00', 57),
(797, '17:00:00', '2024-12-28', 8, '16:00:00', 57),
(798, '18:00:00', '2024-12-28', 8, '17:00:00', 57),
(799, '09:00:00', '2024-12-29', 8, '08:00:00', 57),
(800, '10:00:00', '2024-12-29', 8, '09:00:00', 57),
(801, '11:00:00', '2024-12-29', 8, '10:00:00', 57),
(802, '12:00:00', '2024-12-29', 8, '11:00:00', 57),
(803, '13:00:00', '2024-12-29', 8, '12:00:00', 57),
(804, '14:00:00', '2024-12-29', 8, '13:00:00', 57),
(805, '15:00:00', '2024-12-29', 8, '14:00:00', 57),
(806, '16:00:00', '2024-12-29', 8, '15:00:00', 57),
(807, '17:00:00', '2024-12-29', 8, '16:00:00', 57),
(808, '18:00:00', '2024-12-29', 8, '17:00:00', 57),
(809, '09:00:00', '2024-12-30', 8, '08:00:00', 57),
(810, '10:00:00', '2024-12-30', 8, '09:00:00', 57),
(811, '11:00:00', '2024-12-30', 8, '10:00:00', 57),
(812, '12:00:00', '2024-12-30', 8, '11:00:00', 57),
(813, '13:00:00', '2024-12-30', 8, '12:00:00', 57),
(814, '14:00:00', '2024-12-30', 8, '13:00:00', 57),
(815, '15:00:00', '2024-12-30', 8, '14:00:00', 57),
(816, '16:00:00', '2024-12-30', 8, '15:00:00', 57),
(817, '17:00:00', '2024-12-30', 8, '16:00:00', 57),
(818, '18:00:00', '2024-12-30', 8, '17:00:00', 57),
(819, '09:00:00', '2024-12-23', 8, '08:00:00', 56),
(820, '10:00:00', '2024-12-23', 8, '09:00:00', 56),
(821, '11:00:00', '2024-12-23', 8, '10:00:00', 56),
(822, '12:00:00', '2024-12-23', 8, '11:00:00', 56),
(823, '13:00:00', '2024-12-23', 8, '12:00:00', 56),
(824, '14:00:00', '2024-12-23', 8, '13:00:00', 56),
(825, '15:00:00', '2024-12-23', 8, '14:00:00', 56),
(826, '16:00:00', '2024-12-23', 8, '15:00:00', 56),
(827, '17:00:00', '2024-12-23', 8, '16:00:00', 56),
(828, '18:00:00', '2024-12-23', 8, '17:00:00', 56),
(829, '09:00:00', '2024-12-24', 8, '08:00:00', 56),
(830, '10:00:00', '2024-12-24', 8, '09:00:00', 56),
(831, '11:00:00', '2024-12-24', 8, '10:00:00', 56),
(832, '12:00:00', '2024-12-24', 8, '11:00:00', 56),
(833, '13:00:00', '2024-12-24', 8, '12:00:00', 56),
(834, '14:00:00', '2024-12-24', 8, '13:00:00', 56),
(835, '15:00:00', '2024-12-24', 8, '14:00:00', 56),
(836, '16:00:00', '2024-12-24', 8, '15:00:00', 56),
(837, '17:00:00', '2024-12-24', 8, '16:00:00', 56),
(838, '18:00:00', '2024-12-24', 8, '17:00:00', 56),
(839, '09:00:00', '2024-12-25', 8, '08:00:00', 56),
(840, '10:00:00', '2024-12-25', 8, '09:00:00', 56),
(841, '11:00:00', '2024-12-25', 8, '10:00:00', 56),
(842, '12:00:00', '2024-12-25', 8, '11:00:00', 56),
(843, '13:00:00', '2024-12-25', 8, '12:00:00', 56),
(844, '14:00:00', '2024-12-25', 8, '13:00:00', 56),
(845, '15:00:00', '2024-12-25', 8, '14:00:00', 56),
(846, '16:00:00', '2024-12-25', 8, '15:00:00', 56),
(847, '17:00:00', '2024-12-25', 8, '16:00:00', 56),
(848, '18:00:00', '2024-12-25', 8, '17:00:00', 56),
(849, '09:00:00', '2024-12-26', 8, '08:00:00', 56),
(850, '10:00:00', '2024-12-26', 8, '09:00:00', 56),
(851, '11:00:00', '2024-12-26', 8, '10:00:00', 56),
(852, '12:00:00', '2024-12-26', 8, '11:00:00', 56),
(853, '13:00:00', '2024-12-26', 8, '12:00:00', 56),
(854, '14:00:00', '2024-12-26', 8, '13:00:00', 56),
(855, '15:00:00', '2024-12-26', 8, '14:00:00', 56),
(856, '16:00:00', '2024-12-26', 8, '15:00:00', 56),
(857, '17:00:00', '2024-12-26', 8, '16:00:00', 56),
(858, '18:00:00', '2024-12-26', 8, '17:00:00', 56),
(859, '09:00:00', '2024-12-27', 8, '08:00:00', 56),
(860, '10:00:00', '2024-12-27', 8, '09:00:00', 56),
(861, '11:00:00', '2024-12-27', 8, '10:00:00', 56),
(862, '12:00:00', '2024-12-27', 8, '11:00:00', 56),
(863, '13:00:00', '2024-12-27', 8, '12:00:00', 56),
(864, '14:00:00', '2024-12-27', 8, '13:00:00', 56),
(865, '15:00:00', '2024-12-27', 8, '14:00:00', 56),
(866, '16:00:00', '2024-12-27', 8, '15:00:00', 56),
(867, '17:00:00', '2024-12-27', 8, '16:00:00', 56),
(868, '18:00:00', '2024-12-27', 8, '17:00:00', 56),
(869, '09:00:00', '2024-12-28', 8, '08:00:00', 56),
(870, '10:00:00', '2024-12-28', 8, '09:00:00', 56),
(871, '11:00:00', '2024-12-28', 8, '10:00:00', 56),
(872, '12:00:00', '2024-12-28', 8, '11:00:00', 56),
(873, '13:00:00', '2024-12-28', 8, '12:00:00', 56),
(874, '14:00:00', '2024-12-28', 8, '13:00:00', 56),
(875, '15:00:00', '2024-12-28', 8, '14:00:00', 56),
(876, '16:00:00', '2024-12-28', 8, '15:00:00', 56),
(877, '17:00:00', '2024-12-28', 8, '16:00:00', 56),
(878, '18:00:00', '2024-12-28', 8, '17:00:00', 56),
(879, '09:00:00', '2024-12-29', 8, '08:00:00', 56),
(880, '10:00:00', '2024-12-29', 8, '09:00:00', 56),
(881, '11:00:00', '2024-12-29', 8, '10:00:00', 56),
(882, '12:00:00', '2024-12-29', 8, '11:00:00', 56),
(883, '13:00:00', '2024-12-29', 8, '12:00:00', 56),
(884, '14:00:00', '2024-12-29', 8, '13:00:00', 56),
(885, '15:00:00', '2024-12-29', 8, '14:00:00', 56),
(886, '16:00:00', '2024-12-29', 8, '15:00:00', 56),
(887, '17:00:00', '2024-12-29', 8, '16:00:00', 56),
(888, '18:00:00', '2024-12-29', 8, '17:00:00', 56),
(889, '09:00:00', '2024-12-30', 8, '08:00:00', 56),
(890, '10:00:00', '2024-12-30', 8, '09:00:00', 56),
(891, '11:00:00', '2024-12-30', 8, '10:00:00', 56),
(892, '12:00:00', '2024-12-30', 8, '11:00:00', 56),
(893, '13:00:00', '2024-12-30', 8, '12:00:00', 56),
(894, '14:00:00', '2024-12-30', 8, '13:00:00', 56),
(895, '15:00:00', '2024-12-30', 8, '14:00:00', 56),
(896, '16:00:00', '2024-12-30', 8, '15:00:00', 56),
(897, '17:00:00', '2024-12-30', 8, '16:00:00', 56),
(898, '18:00:00', '2024-12-30', 8, '17:00:00', 56),
(899, '09:00:00', '2024-12-23', 8, '08:00:00', 55),
(900, '10:00:00', '2024-12-23', 8, '09:00:00', 55),
(901, '11:00:00', '2024-12-23', 8, '10:00:00', 55),
(902, '12:00:00', '2024-12-23', 8, '11:00:00', 55),
(903, '13:00:00', '2024-12-23', 8, '12:00:00', 55),
(904, '14:00:00', '2024-12-23', 8, '13:00:00', 55),
(905, '15:00:00', '2024-12-23', 8, '14:00:00', 55),
(906, '16:00:00', '2024-12-23', 8, '15:00:00', 55),
(907, '17:00:00', '2024-12-23', 8, '16:00:00', 55),
(908, '18:00:00', '2024-12-23', 8, '17:00:00', 55),
(909, '09:00:00', '2024-12-24', 8, '08:00:00', 55),
(910, '10:00:00', '2024-12-24', 8, '09:00:00', 55),
(911, '11:00:00', '2024-12-24', 8, '10:00:00', 55),
(912, '12:00:00', '2024-12-24', 8, '11:00:00', 55),
(913, '13:00:00', '2024-12-24', 8, '12:00:00', 55),
(914, '14:00:00', '2024-12-24', 8, '13:00:00', 55),
(915, '15:00:00', '2024-12-24', 8, '14:00:00', 55),
(916, '16:00:00', '2024-12-24', 8, '15:00:00', 55),
(917, '17:00:00', '2024-12-24', 8, '16:00:00', 55),
(918, '18:00:00', '2024-12-24', 8, '17:00:00', 55),
(919, '09:00:00', '2024-12-25', 8, '08:00:00', 55),
(920, '10:00:00', '2024-12-25', 8, '09:00:00', 55),
(921, '11:00:00', '2024-12-25', 8, '10:00:00', 55),
(922, '12:00:00', '2024-12-25', 8, '11:00:00', 55),
(923, '13:00:00', '2024-12-25', 8, '12:00:00', 55),
(924, '14:00:00', '2024-12-25', 8, '13:00:00', 55),
(925, '15:00:00', '2024-12-25', 8, '14:00:00', 55),
(926, '16:00:00', '2024-12-25', 8, '15:00:00', 55),
(927, '17:00:00', '2024-12-25', 8, '16:00:00', 55),
(928, '18:00:00', '2024-12-25', 8, '17:00:00', 55),
(929, '09:00:00', '2024-12-26', 8, '08:00:00', 55),
(930, '10:00:00', '2024-12-26', 8, '09:00:00', 55),
(931, '11:00:00', '2024-12-26', 8, '10:00:00', 55),
(932, '12:00:00', '2024-12-26', 8, '11:00:00', 55),
(933, '13:00:00', '2024-12-26', 8, '12:00:00', 55),
(934, '14:00:00', '2024-12-26', 8, '13:00:00', 55),
(935, '15:00:00', '2024-12-26', 8, '14:00:00', 55),
(936, '16:00:00', '2024-12-26', 8, '15:00:00', 55),
(937, '17:00:00', '2024-12-26', 8, '16:00:00', 55),
(938, '18:00:00', '2024-12-26', 8, '17:00:00', 55),
(939, '09:00:00', '2024-12-27', 8, '08:00:00', 55),
(940, '10:00:00', '2024-12-27', 8, '09:00:00', 55),
(941, '11:00:00', '2024-12-27', 8, '10:00:00', 55),
(942, '12:00:00', '2024-12-27', 8, '11:00:00', 55),
(943, '13:00:00', '2024-12-27', 8, '12:00:00', 55),
(944, '14:00:00', '2024-12-27', 8, '13:00:00', 55),
(945, '15:00:00', '2024-12-27', 8, '14:00:00', 55),
(946, '16:00:00', '2024-12-27', 8, '15:00:00', 55),
(947, '17:00:00', '2024-12-27', 8, '16:00:00', 55),
(948, '18:00:00', '2024-12-27', 8, '17:00:00', 55),
(949, '09:00:00', '2024-12-28', 8, '08:00:00', 55),
(950, '10:00:00', '2024-12-28', 8, '09:00:00', 55),
(951, '11:00:00', '2024-12-28', 8, '10:00:00', 55),
(952, '12:00:00', '2024-12-28', 8, '11:00:00', 55),
(953, '13:00:00', '2024-12-28', 8, '12:00:00', 55),
(954, '14:00:00', '2024-12-28', 8, '13:00:00', 55),
(955, '15:00:00', '2024-12-28', 8, '14:00:00', 55),
(956, '16:00:00', '2024-12-28', 8, '15:00:00', 55),
(957, '17:00:00', '2024-12-28', 8, '16:00:00', 55),
(958, '18:00:00', '2024-12-28', 8, '17:00:00', 55),
(959, '09:00:00', '2024-12-29', 8, '08:00:00', 55),
(960, '10:00:00', '2024-12-29', 8, '09:00:00', 55),
(961, '11:00:00', '2024-12-29', 8, '10:00:00', 55),
(962, '12:00:00', '2024-12-29', 8, '11:00:00', 55),
(963, '13:00:00', '2024-12-29', 8, '12:00:00', 55),
(964, '14:00:00', '2024-12-29', 8, '13:00:00', 55),
(965, '15:00:00', '2024-12-29', 8, '14:00:00', 55),
(966, '16:00:00', '2024-12-29', 8, '15:00:00', 55),
(967, '17:00:00', '2024-12-29', 8, '16:00:00', 55),
(968, '18:00:00', '2024-12-29', 8, '17:00:00', 55),
(969, '09:00:00', '2024-12-30', 8, '08:00:00', 55),
(970, '10:00:00', '2024-12-30', 8, '09:00:00', 55),
(971, '11:00:00', '2024-12-30', 8, '10:00:00', 55),
(972, '12:00:00', '2024-12-30', 8, '11:00:00', 55),
(973, '13:00:00', '2024-12-30', 8, '12:00:00', 55),
(974, '14:00:00', '2024-12-30', 8, '13:00:00', 55),
(975, '15:00:00', '2024-12-30', 8, '14:00:00', 55),
(976, '16:00:00', '2024-12-30', 8, '15:00:00', 55),
(977, '17:00:00', '2024-12-30', 8, '16:00:00', 55),
(978, '18:00:00', '2024-12-30', 8, '17:00:00', 55),
(979, '09:00:00', '2024-12-23', 8, '08:00:00', 54),
(980, '10:00:00', '2024-12-23', 8, '09:00:00', 54),
(981, '11:00:00', '2024-12-23', 8, '10:00:00', 54),
(982, '12:00:00', '2024-12-23', 8, '11:00:00', 54),
(983, '13:00:00', '2024-12-23', 8, '12:00:00', 54),
(984, '14:00:00', '2024-12-23', 8, '13:00:00', 54),
(985, '15:00:00', '2024-12-23', 8, '14:00:00', 54),
(986, '16:00:00', '2024-12-23', 8, '15:00:00', 54),
(987, '17:00:00', '2024-12-23', 8, '16:00:00', 54),
(988, '18:00:00', '2024-12-23', 8, '17:00:00', 54),
(989, '09:00:00', '2024-12-24', 8, '08:00:00', 54),
(990, '10:00:00', '2024-12-24', 8, '09:00:00', 54),
(991, '11:00:00', '2024-12-24', 8, '10:00:00', 54),
(992, '12:00:00', '2024-12-24', 8, '11:00:00', 54),
(993, '13:00:00', '2024-12-24', 8, '12:00:00', 54),
(994, '14:00:00', '2024-12-24', 8, '13:00:00', 54),
(995, '15:00:00', '2024-12-24', 8, '14:00:00', 54),
(996, '16:00:00', '2024-12-24', 8, '15:00:00', 54),
(997, '17:00:00', '2024-12-24', 8, '16:00:00', 54),
(998, '18:00:00', '2024-12-24', 8, '17:00:00', 54),
(999, '09:00:00', '2024-12-25', 8, '08:00:00', 54),
(1000, '10:00:00', '2024-12-25', 8, '09:00:00', 54),
(1001, '11:00:00', '2024-12-25', 8, '10:00:00', 54),
(1002, '12:00:00', '2024-12-25', 8, '11:00:00', 54),
(1003, '13:00:00', '2024-12-25', 8, '12:00:00', 54),
(1004, '14:00:00', '2024-12-25', 8, '13:00:00', 54),
(1005, '15:00:00', '2024-12-25', 8, '14:00:00', 54),
(1006, '16:00:00', '2024-12-25', 8, '15:00:00', 54),
(1007, '17:00:00', '2024-12-25', 8, '16:00:00', 54),
(1008, '18:00:00', '2024-12-25', 8, '17:00:00', 54),
(1009, '09:00:00', '2024-12-26', 8, '08:00:00', 54),
(1010, '10:00:00', '2024-12-26', 8, '09:00:00', 54),
(1011, '11:00:00', '2024-12-26', 8, '10:00:00', 54),
(1012, '12:00:00', '2024-12-26', 8, '11:00:00', 54),
(1013, '13:00:00', '2024-12-26', 8, '12:00:00', 54),
(1014, '14:00:00', '2024-12-26', 8, '13:00:00', 54),
(1015, '15:00:00', '2024-12-26', 8, '14:00:00', 54),
(1016, '16:00:00', '2024-12-26', 8, '15:00:00', 54),
(1017, '17:00:00', '2024-12-26', 8, '16:00:00', 54);
INSERT INTO `vaccine_schedule_time` (`id`, `end`, `inject_date`, `limit_people`, `start`, `vaccine_schedule_id`) VALUES
(1018, '18:00:00', '2024-12-26', 8, '17:00:00', 54),
(1019, '09:00:00', '2024-12-27', 8, '08:00:00', 54),
(1020, '10:00:00', '2024-12-27', 8, '09:00:00', 54),
(1021, '11:00:00', '2024-12-27', 8, '10:00:00', 54),
(1022, '12:00:00', '2024-12-27', 8, '11:00:00', 54),
(1023, '13:00:00', '2024-12-27', 8, '12:00:00', 54),
(1024, '14:00:00', '2024-12-27', 8, '13:00:00', 54),
(1025, '15:00:00', '2024-12-27', 8, '14:00:00', 54),
(1026, '16:00:00', '2024-12-27', 8, '15:00:00', 54),
(1027, '17:00:00', '2024-12-27', 8, '16:00:00', 54),
(1028, '18:00:00', '2024-12-27', 8, '17:00:00', 54),
(1029, '09:00:00', '2024-12-28', 8, '08:00:00', 54),
(1030, '10:00:00', '2024-12-28', 8, '09:00:00', 54),
(1031, '11:00:00', '2024-12-28', 8, '10:00:00', 54),
(1032, '12:00:00', '2024-12-28', 8, '11:00:00', 54),
(1033, '13:00:00', '2024-12-28', 8, '12:00:00', 54),
(1034, '14:00:00', '2024-12-28', 8, '13:00:00', 54),
(1035, '15:00:00', '2024-12-28', 8, '14:00:00', 54),
(1036, '16:00:00', '2024-12-28', 8, '15:00:00', 54),
(1037, '17:00:00', '2024-12-28', 8, '16:00:00', 54),
(1038, '18:00:00', '2024-12-28', 8, '17:00:00', 54),
(1039, '09:00:00', '2024-12-29', 8, '08:00:00', 54),
(1040, '10:00:00', '2024-12-29', 8, '09:00:00', 54),
(1041, '11:00:00', '2024-12-29', 8, '10:00:00', 54),
(1042, '12:00:00', '2024-12-29', 8, '11:00:00', 54),
(1043, '13:00:00', '2024-12-29', 8, '12:00:00', 54),
(1044, '14:00:00', '2024-12-29', 8, '13:00:00', 54),
(1045, '15:00:00', '2024-12-29', 8, '14:00:00', 54),
(1046, '16:00:00', '2024-12-29', 8, '15:00:00', 54),
(1047, '17:00:00', '2024-12-29', 8, '16:00:00', 54),
(1048, '18:00:00', '2024-12-29', 8, '17:00:00', 54),
(1049, '09:00:00', '2024-12-30', 8, '08:00:00', 54),
(1050, '10:00:00', '2024-12-30', 8, '09:00:00', 54),
(1051, '11:00:00', '2024-12-30', 8, '10:00:00', 54),
(1052, '12:00:00', '2024-12-30', 8, '11:00:00', 54),
(1053, '13:00:00', '2024-12-30', 8, '12:00:00', 54),
(1054, '14:00:00', '2024-12-30', 8, '13:00:00', 54),
(1055, '15:00:00', '2024-12-30', 8, '14:00:00', 54),
(1056, '16:00:00', '2024-12-30', 8, '15:00:00', 54),
(1057, '17:00:00', '2024-12-30', 8, '16:00:00', 54),
(1058, '18:00:00', '2024-12-30', 8, '17:00:00', 54),
(1059, '09:00:00', '2024-12-23', 8, '08:00:00', 53),
(1060, '10:00:00', '2024-12-23', 8, '09:00:00', 53),
(1061, '11:00:00', '2024-12-23', 8, '10:00:00', 53),
(1062, '12:00:00', '2024-12-23', 8, '11:00:00', 53),
(1063, '13:00:00', '2024-12-23', 8, '12:00:00', 53),
(1064, '14:00:00', '2024-12-23', 8, '13:00:00', 53),
(1065, '15:00:00', '2024-12-23', 8, '14:00:00', 53),
(1066, '16:00:00', '2024-12-23', 8, '15:00:00', 53),
(1067, '17:00:00', '2024-12-23', 8, '16:00:00', 53),
(1068, '18:00:00', '2024-12-23', 8, '17:00:00', 53),
(1069, '09:00:00', '2024-12-24', 8, '08:00:00', 53),
(1070, '10:00:00', '2024-12-24', 8, '09:00:00', 53),
(1071, '11:00:00', '2024-12-24', 8, '10:00:00', 53),
(1072, '12:00:00', '2024-12-24', 8, '11:00:00', 53),
(1073, '13:00:00', '2024-12-24', 8, '12:00:00', 53),
(1074, '14:00:00', '2024-12-24', 8, '13:00:00', 53),
(1075, '15:00:00', '2024-12-24', 8, '14:00:00', 53),
(1076, '16:00:00', '2024-12-24', 8, '15:00:00', 53),
(1077, '17:00:00', '2024-12-24', 8, '16:00:00', 53),
(1078, '18:00:00', '2024-12-24', 8, '17:00:00', 53),
(1079, '09:00:00', '2024-12-25', 8, '08:00:00', 53),
(1080, '10:00:00', '2024-12-25', 8, '09:00:00', 53),
(1081, '11:00:00', '2024-12-25', 8, '10:00:00', 53),
(1082, '12:00:00', '2024-12-25', 8, '11:00:00', 53),
(1083, '13:00:00', '2024-12-25', 8, '12:00:00', 53),
(1084, '14:00:00', '2024-12-25', 8, '13:00:00', 53),
(1085, '15:00:00', '2024-12-25', 8, '14:00:00', 53),
(1086, '16:00:00', '2024-12-25', 8, '15:00:00', 53),
(1087, '17:00:00', '2024-12-25', 8, '16:00:00', 53),
(1088, '18:00:00', '2024-12-25', 8, '17:00:00', 53),
(1089, '09:00:00', '2024-12-27', 8, '08:00:00', 53),
(1090, '10:00:00', '2024-12-27', 8, '09:00:00', 53),
(1091, '11:00:00', '2024-12-27', 8, '10:00:00', 53),
(1092, '12:00:00', '2024-12-27', 8, '11:00:00', 53),
(1093, '13:00:00', '2024-12-27', 8, '12:00:00', 53),
(1094, '14:00:00', '2024-12-27', 8, '13:00:00', 53),
(1095, '15:00:00', '2024-12-27', 8, '14:00:00', 53),
(1096, '16:00:00', '2024-12-27', 8, '15:00:00', 53),
(1097, '17:00:00', '2024-12-27', 8, '16:00:00', 53),
(1098, '18:00:00', '2024-12-27', 8, '17:00:00', 53),
(1099, '09:00:00', '2024-12-26', 8, '08:00:00', 53),
(1100, '10:00:00', '2024-12-26', 8, '09:00:00', 53),
(1101, '11:00:00', '2024-12-26', 8, '10:00:00', 53),
(1102, '12:00:00', '2024-12-26', 8, '11:00:00', 53),
(1103, '13:00:00', '2024-12-26', 8, '12:00:00', 53),
(1104, '14:00:00', '2024-12-26', 8, '13:00:00', 53),
(1105, '15:00:00', '2024-12-26', 8, '14:00:00', 53),
(1106, '16:00:00', '2024-12-26', 8, '15:00:00', 53),
(1107, '17:00:00', '2024-12-26', 8, '16:00:00', 53),
(1108, '18:00:00', '2024-12-26', 8, '17:00:00', 53),
(1109, '09:00:00', '2024-12-28', 8, '08:00:00', 53),
(1110, '10:00:00', '2024-12-28', 8, '09:00:00', 53),
(1111, '11:00:00', '2024-12-28', 8, '10:00:00', 53),
(1112, '12:00:00', '2024-12-28', 8, '11:00:00', 53),
(1113, '13:00:00', '2024-12-28', 8, '12:00:00', 53),
(1114, '14:00:00', '2024-12-28', 8, '13:00:00', 53),
(1115, '15:00:00', '2024-12-28', 8, '14:00:00', 53),
(1116, '16:00:00', '2024-12-28', 8, '15:00:00', 53),
(1117, '17:00:00', '2024-12-28', 8, '16:00:00', 53),
(1118, '18:00:00', '2024-12-28', 8, '17:00:00', 53),
(1119, '09:00:00', '2024-12-29', 8, '08:00:00', 53),
(1120, '10:00:00', '2024-12-29', 8, '09:00:00', 53),
(1121, '11:00:00', '2024-12-29', 8, '10:00:00', 53),
(1122, '12:00:00', '2024-12-29', 8, '11:00:00', 53),
(1123, '13:00:00', '2024-12-29', 8, '12:00:00', 53),
(1124, '14:00:00', '2024-12-29', 8, '13:00:00', 53),
(1125, '15:00:00', '2024-12-29', 8, '14:00:00', 53),
(1126, '16:00:00', '2024-12-29', 8, '15:00:00', 53),
(1127, '17:00:00', '2024-12-29', 8, '16:00:00', 53),
(1128, '18:00:00', '2024-12-29', 8, '17:00:00', 53),
(1129, '09:00:00', '2024-12-30', 8, '08:00:00', 53),
(1130, '10:00:00', '2024-12-30', 8, '09:00:00', 53),
(1131, '11:00:00', '2024-12-30', 8, '10:00:00', 53),
(1132, '12:00:00', '2024-12-30', 8, '11:00:00', 53),
(1133, '13:00:00', '2024-12-30', 8, '12:00:00', 53),
(1134, '14:00:00', '2024-12-30', 8, '13:00:00', 53),
(1135, '15:00:00', '2024-12-30', 8, '14:00:00', 53),
(1136, '16:00:00', '2024-12-30', 8, '15:00:00', 53),
(1137, '17:00:00', '2024-12-30', 8, '16:00:00', 53),
(1138, '18:00:00', '2024-12-30', 8, '17:00:00', 53),
(1139, '09:00:00', '2024-12-23', 8, '08:00:00', 52),
(1140, '10:00:00', '2024-12-23', 8, '09:00:00', 52),
(1141, '11:00:00', '2024-12-23', 8, '10:00:00', 52),
(1142, '12:00:00', '2024-12-23', 8, '11:00:00', 52),
(1143, '13:00:00', '2024-12-23', 8, '12:00:00', 52),
(1144, '14:00:00', '2024-12-23', 8, '13:00:00', 52),
(1145, '15:00:00', '2024-12-23', 8, '14:00:00', 52),
(1146, '16:00:00', '2024-12-23', 8, '15:00:00', 52),
(1147, '17:00:00', '2024-12-23', 8, '16:00:00', 52),
(1148, '18:00:00', '2024-12-23', 8, '17:00:00', 52),
(1149, '09:00:00', '2024-12-24', 8, '08:00:00', 52),
(1150, '10:00:00', '2024-12-24', 8, '09:00:00', 52),
(1151, '11:00:00', '2024-12-24', 8, '10:00:00', 52),
(1152, '12:00:00', '2024-12-24', 8, '11:00:00', 52),
(1153, '13:00:00', '2024-12-24', 8, '12:00:00', 52),
(1154, '14:00:00', '2024-12-24', 8, '13:00:00', 52),
(1155, '15:00:00', '2024-12-24', 8, '14:00:00', 52),
(1156, '16:00:00', '2024-12-24', 8, '15:00:00', 52),
(1157, '17:00:00', '2024-12-24', 8, '16:00:00', 52),
(1158, '18:00:00', '2024-12-24', 8, '17:00:00', 52),
(1159, '09:00:00', '2024-12-25', 8, '08:00:00', 52),
(1160, '10:00:00', '2024-12-25', 8, '09:00:00', 52),
(1161, '11:00:00', '2024-12-25', 8, '10:00:00', 52),
(1162, '12:00:00', '2024-12-25', 8, '11:00:00', 52),
(1163, '13:00:00', '2024-12-25', 8, '12:00:00', 52),
(1164, '14:00:00', '2024-12-25', 8, '13:00:00', 52),
(1165, '15:00:00', '2024-12-25', 8, '14:00:00', 52),
(1166, '16:00:00', '2024-12-25', 8, '15:00:00', 52),
(1167, '17:00:00', '2024-12-25', 8, '16:00:00', 52),
(1168, '18:00:00', '2024-12-25', 8, '17:00:00', 52),
(1169, '09:00:00', '2024-12-26', 8, '08:00:00', 52),
(1170, '10:00:00', '2024-12-26', 8, '09:00:00', 52),
(1171, '11:00:00', '2024-12-26', 8, '10:00:00', 52),
(1172, '12:00:00', '2024-12-26', 8, '11:00:00', 52),
(1173, '13:00:00', '2024-12-26', 8, '12:00:00', 52),
(1174, '14:00:00', '2024-12-26', 8, '13:00:00', 52),
(1175, '15:00:00', '2024-12-26', 8, '14:00:00', 52),
(1176, '16:00:00', '2024-12-26', 8, '15:00:00', 52),
(1177, '17:00:00', '2024-12-26', 8, '16:00:00', 52),
(1178, '18:00:00', '2024-12-26', 8, '17:00:00', 52),
(1179, '09:00:00', '2024-12-27', 8, '08:00:00', 52),
(1180, '10:00:00', '2024-12-27', 8, '09:00:00', 52),
(1181, '11:00:00', '2024-12-27', 8, '10:00:00', 52),
(1182, '12:00:00', '2024-12-27', 8, '11:00:00', 52),
(1183, '13:00:00', '2024-12-27', 8, '12:00:00', 52),
(1184, '14:00:00', '2024-12-27', 8, '13:00:00', 52),
(1185, '15:00:00', '2024-12-27', 8, '14:00:00', 52),
(1186, '16:00:00', '2024-12-27', 8, '15:00:00', 52),
(1187, '17:00:00', '2024-12-27', 8, '16:00:00', 52),
(1188, '18:00:00', '2024-12-27', 8, '17:00:00', 52),
(1189, '09:00:00', '2024-12-28', 8, '08:00:00', 52),
(1190, '10:00:00', '2024-12-28', 8, '09:00:00', 52),
(1191, '11:00:00', '2024-12-28', 8, '10:00:00', 52),
(1192, '12:00:00', '2024-12-28', 8, '11:00:00', 52),
(1193, '13:00:00', '2024-12-28', 8, '12:00:00', 52),
(1194, '14:00:00', '2024-12-28', 8, '13:00:00', 52),
(1195, '15:00:00', '2024-12-28', 8, '14:00:00', 52),
(1196, '16:00:00', '2024-12-28', 8, '15:00:00', 52),
(1197, '17:00:00', '2024-12-28', 8, '16:00:00', 52),
(1198, '18:00:00', '2024-12-28', 8, '17:00:00', 52),
(1199, '09:00:00', '2024-12-29', 8, '08:00:00', 52),
(1200, '10:00:00', '2024-12-29', 8, '09:00:00', 52),
(1201, '11:00:00', '2024-12-29', 8, '10:00:00', 52),
(1202, '12:00:00', '2024-12-29', 8, '11:00:00', 52),
(1203, '13:00:00', '2024-12-29', 8, '12:00:00', 52),
(1204, '14:00:00', '2024-12-29', 8, '13:00:00', 52),
(1205, '15:00:00', '2024-12-29', 8, '14:00:00', 52),
(1206, '16:00:00', '2024-12-29', 8, '15:00:00', 52),
(1207, '17:00:00', '2024-12-29', 8, '16:00:00', 52),
(1208, '18:00:00', '2024-12-29', 8, '17:00:00', 52),
(1209, '09:00:00', '2024-12-30', 8, '08:00:00', 52),
(1210, '10:00:00', '2024-12-30', 8, '09:00:00', 52),
(1211, '11:00:00', '2024-12-30', 8, '10:00:00', 52),
(1212, '12:00:00', '2024-12-30', 8, '11:00:00', 52),
(1213, '13:00:00', '2024-12-30', 8, '12:00:00', 52),
(1214, '14:00:00', '2024-12-30', 8, '13:00:00', 52),
(1215, '15:00:00', '2024-12-30', 8, '14:00:00', 52),
(1216, '16:00:00', '2024-12-30', 8, '15:00:00', 52),
(1217, '17:00:00', '2024-12-30', 8, '16:00:00', 52),
(1218, '18:00:00', '2024-12-30', 8, '17:00:00', 52),
(1219, '09:00:00', '2024-12-23', 8, '08:00:00', 51),
(1220, '10:00:00', '2024-12-23', 8, '09:00:00', 51),
(1221, '11:00:00', '2024-12-23', 8, '10:00:00', 51),
(1222, '12:00:00', '2024-12-23', 8, '11:00:00', 51),
(1223, '13:00:00', '2024-12-23', 8, '12:00:00', 51),
(1224, '14:00:00', '2024-12-23', 8, '13:00:00', 51),
(1225, '15:00:00', '2024-12-23', 8, '14:00:00', 51),
(1226, '16:00:00', '2024-12-23', 8, '15:00:00', 51),
(1227, '17:00:00', '2024-12-23', 8, '16:00:00', 51),
(1228, '18:00:00', '2024-12-23', 8, '17:00:00', 51),
(1229, '09:00:00', '2024-12-24', 8, '08:00:00', 51),
(1230, '10:00:00', '2024-12-24', 8, '09:00:00', 51),
(1231, '11:00:00', '2024-12-24', 8, '10:00:00', 51),
(1232, '12:00:00', '2024-12-24', 8, '11:00:00', 51),
(1233, '13:00:00', '2024-12-24', 8, '12:00:00', 51),
(1234, '14:00:00', '2024-12-24', 8, '13:00:00', 51),
(1235, '15:00:00', '2024-12-24', 8, '14:00:00', 51),
(1236, '16:00:00', '2024-12-24', 8, '15:00:00', 51),
(1237, '17:00:00', '2024-12-24', 8, '16:00:00', 51),
(1238, '18:00:00', '2024-12-24', 8, '17:00:00', 51),
(1239, '09:00:00', '2024-12-25', 8, '08:00:00', 51),
(1240, '10:00:00', '2024-12-25', 8, '09:00:00', 51),
(1241, '11:00:00', '2024-12-25', 8, '10:00:00', 51),
(1242, '12:00:00', '2024-12-25', 8, '11:00:00', 51),
(1243, '13:00:00', '2024-12-25', 8, '12:00:00', 51),
(1244, '14:00:00', '2024-12-25', 8, '13:00:00', 51),
(1245, '15:00:00', '2024-12-25', 8, '14:00:00', 51),
(1246, '16:00:00', '2024-12-25', 8, '15:00:00', 51),
(1247, '17:00:00', '2024-12-25', 8, '16:00:00', 51),
(1248, '18:00:00', '2024-12-25', 8, '17:00:00', 51),
(1249, '09:00:00', '2024-12-26', 8, '08:00:00', 51),
(1250, '10:00:00', '2024-12-26', 8, '09:00:00', 51),
(1251, '11:00:00', '2024-12-26', 8, '10:00:00', 51),
(1252, '12:00:00', '2024-12-26', 8, '11:00:00', 51),
(1253, '13:00:00', '2024-12-26', 8, '12:00:00', 51),
(1254, '14:00:00', '2024-12-26', 8, '13:00:00', 51),
(1255, '15:00:00', '2024-12-26', 8, '14:00:00', 51),
(1256, '16:00:00', '2024-12-26', 8, '15:00:00', 51),
(1257, '17:00:00', '2024-12-26', 8, '16:00:00', 51),
(1258, '18:00:00', '2024-12-26', 8, '17:00:00', 51),
(1259, '09:00:00', '2024-12-27', 8, '08:00:00', 51),
(1260, '10:00:00', '2024-12-27', 8, '09:00:00', 51),
(1261, '11:00:00', '2024-12-27', 8, '10:00:00', 51),
(1262, '12:00:00', '2024-12-27', 8, '11:00:00', 51),
(1263, '13:00:00', '2024-12-27', 8, '12:00:00', 51),
(1264, '14:00:00', '2024-12-27', 8, '13:00:00', 51),
(1265, '15:00:00', '2024-12-27', 8, '14:00:00', 51),
(1266, '16:00:00', '2024-12-27', 8, '15:00:00', 51),
(1267, '17:00:00', '2024-12-27', 8, '16:00:00', 51),
(1268, '18:00:00', '2024-12-27', 8, '17:00:00', 51),
(1269, '09:00:00', '2024-12-28', 8, '08:00:00', 51),
(1270, '10:00:00', '2024-12-28', 8, '09:00:00', 51),
(1271, '11:00:00', '2024-12-28', 8, '10:00:00', 51),
(1272, '12:00:00', '2024-12-28', 8, '11:00:00', 51),
(1273, '13:00:00', '2024-12-28', 8, '12:00:00', 51),
(1274, '14:00:00', '2024-12-28', 8, '13:00:00', 51),
(1275, '15:00:00', '2024-12-28', 8, '14:00:00', 51),
(1276, '16:00:00', '2024-12-28', 8, '15:00:00', 51),
(1277, '17:00:00', '2024-12-28', 8, '16:00:00', 51),
(1278, '18:00:00', '2024-12-28', 8, '17:00:00', 51),
(1279, '09:00:00', '2024-12-29', 8, '08:00:00', 51),
(1280, '10:00:00', '2024-12-29', 8, '09:00:00', 51),
(1281, '11:00:00', '2024-12-29', 8, '10:00:00', 51),
(1282, '12:00:00', '2024-12-29', 8, '11:00:00', 51),
(1283, '13:00:00', '2024-12-29', 8, '12:00:00', 51),
(1284, '14:00:00', '2024-12-29', 8, '13:00:00', 51),
(1285, '15:00:00', '2024-12-29', 8, '14:00:00', 51),
(1286, '16:00:00', '2024-12-29', 8, '15:00:00', 51),
(1287, '17:00:00', '2024-12-29', 8, '16:00:00', 51),
(1288, '18:00:00', '2024-12-29', 8, '17:00:00', 51),
(1289, '09:00:00', '2024-12-30', 8, '08:00:00', 51),
(1290, '10:00:00', '2024-12-30', 8, '09:00:00', 51),
(1291, '11:00:00', '2024-12-30', 8, '10:00:00', 51),
(1292, '12:00:00', '2024-12-30', 8, '11:00:00', 51),
(1293, '13:00:00', '2024-12-30', 8, '12:00:00', 51),
(1294, '14:00:00', '2024-12-30', 8, '13:00:00', 51),
(1295, '15:00:00', '2024-12-30', 8, '14:00:00', 51),
(1296, '16:00:00', '2024-12-30', 8, '15:00:00', 51),
(1297, '17:00:00', '2024-12-30', 8, '16:00:00', 51),
(1298, '18:00:00', '2024-12-30', 8, '17:00:00', 51),
(1379, '09:00:00', '2024-12-23', 8, '08:00:00', 49),
(1380, '10:00:00', '2024-12-23', 8, '09:00:00', 49),
(1381, '11:00:00', '2024-12-23', 8, '10:00:00', 49),
(1382, '12:00:00', '2024-12-23', 8, '11:00:00', 49),
(1383, '13:00:00', '2024-12-23', 8, '12:00:00', 49),
(1384, '14:00:00', '2024-12-23', 8, '13:00:00', 49),
(1385, '15:00:00', '2024-12-23', 8, '14:00:00', 49),
(1386, '16:00:00', '2024-12-23', 8, '15:00:00', 49),
(1387, '17:00:00', '2024-12-23', 8, '16:00:00', 49),
(1388, '18:00:00', '2024-12-23', 8, '17:00:00', 49),
(1389, '09:00:00', '2024-12-24', 8, '08:00:00', 49),
(1390, '10:00:00', '2024-12-24', 8, '09:00:00', 49),
(1391, '11:00:00', '2024-12-24', 8, '10:00:00', 49),
(1392, '12:00:00', '2024-12-24', 8, '11:00:00', 49),
(1393, '13:00:00', '2024-12-24', 8, '12:00:00', 49),
(1394, '14:00:00', '2024-12-24', 8, '13:00:00', 49),
(1395, '15:00:00', '2024-12-24', 8, '14:00:00', 49),
(1396, '16:00:00', '2024-12-24', 8, '15:00:00', 49),
(1397, '17:00:00', '2024-12-24', 8, '16:00:00', 49),
(1398, '18:00:00', '2024-12-24', 8, '17:00:00', 49),
(1399, '09:00:00', '2024-12-25', 8, '08:00:00', 49),
(1400, '10:00:00', '2024-12-25', 8, '09:00:00', 49),
(1401, '11:00:00', '2024-12-25', 8, '10:00:00', 49),
(1402, '12:00:00', '2024-12-25', 8, '11:00:00', 49),
(1403, '13:00:00', '2024-12-25', 8, '12:00:00', 49),
(1404, '14:00:00', '2024-12-25', 8, '13:00:00', 49),
(1405, '15:00:00', '2024-12-25', 8, '14:00:00', 49),
(1406, '16:00:00', '2024-12-25', 8, '15:00:00', 49),
(1407, '17:00:00', '2024-12-25', 8, '16:00:00', 49),
(1408, '18:00:00', '2024-12-25', 8, '17:00:00', 49),
(1409, '09:00:00', '2024-12-26', 8, '08:00:00', 49),
(1410, '10:00:00', '2024-12-26', 8, '09:00:00', 49),
(1411, '11:00:00', '2024-12-26', 8, '10:00:00', 49),
(1412, '12:00:00', '2024-12-26', 8, '11:00:00', 49),
(1413, '13:00:00', '2024-12-26', 8, '12:00:00', 49),
(1414, '14:00:00', '2024-12-26', 8, '13:00:00', 49),
(1415, '15:00:00', '2024-12-26', 8, '14:00:00', 49),
(1416, '16:00:00', '2024-12-26', 8, '15:00:00', 49),
(1417, '17:00:00', '2024-12-26', 8, '16:00:00', 49),
(1418, '18:00:00', '2024-12-26', 8, '17:00:00', 49),
(1419, '09:00:00', '2024-12-27', 8, '08:00:00', 49),
(1420, '10:00:00', '2024-12-27', 8, '09:00:00', 49),
(1421, '11:00:00', '2024-12-27', 8, '10:00:00', 49),
(1422, '12:00:00', '2024-12-27', 8, '11:00:00', 49),
(1423, '13:00:00', '2024-12-27', 8, '12:00:00', 49),
(1424, '14:00:00', '2024-12-27', 8, '13:00:00', 49),
(1425, '15:00:00', '2024-12-27', 8, '14:00:00', 49),
(1426, '16:00:00', '2024-12-27', 8, '15:00:00', 49),
(1427, '17:00:00', '2024-12-27', 8, '16:00:00', 49),
(1428, '18:00:00', '2024-12-27', 8, '17:00:00', 49),
(1429, '09:00:00', '2024-12-28', 8, '08:00:00', 49),
(1430, '10:00:00', '2024-12-28', 8, '09:00:00', 49),
(1431, '11:00:00', '2024-12-28', 8, '10:00:00', 49),
(1432, '12:00:00', '2024-12-28', 8, '11:00:00', 49),
(1433, '13:00:00', '2024-12-28', 8, '12:00:00', 49),
(1434, '14:00:00', '2024-12-28', 8, '13:00:00', 49),
(1435, '15:00:00', '2024-12-28', 8, '14:00:00', 49),
(1436, '16:00:00', '2024-12-28', 8, '15:00:00', 49),
(1437, '17:00:00', '2024-12-28', 8, '16:00:00', 49),
(1438, '18:00:00', '2024-12-28', 8, '17:00:00', 49),
(1439, '09:00:00', '2024-12-29', 8, '08:00:00', 49),
(1440, '10:00:00', '2024-12-29', 8, '09:00:00', 49),
(1441, '11:00:00', '2024-12-29', 8, '10:00:00', 49),
(1442, '12:00:00', '2024-12-29', 8, '11:00:00', 49),
(1443, '13:00:00', '2024-12-29', 8, '12:00:00', 49),
(1444, '14:00:00', '2024-12-29', 8, '13:00:00', 49),
(1445, '15:00:00', '2024-12-29', 8, '14:00:00', 49),
(1446, '16:00:00', '2024-12-29', 8, '15:00:00', 49),
(1447, '17:00:00', '2024-12-29', 8, '16:00:00', 49),
(1448, '18:00:00', '2024-12-29', 8, '17:00:00', 49),
(1449, '09:00:00', '2024-12-30', 8, '08:00:00', 49),
(1450, '10:00:00', '2024-12-30', 8, '09:00:00', 49),
(1451, '11:00:00', '2024-12-30', 8, '10:00:00', 49),
(1452, '12:00:00', '2024-12-30', 8, '11:00:00', 49),
(1453, '13:00:00', '2024-12-30', 8, '12:00:00', 49),
(1454, '14:00:00', '2024-12-30', 8, '13:00:00', 49),
(1455, '15:00:00', '2024-12-30', 8, '14:00:00', 49),
(1456, '16:00:00', '2024-12-30', 8, '15:00:00', 49),
(1457, '17:00:00', '2024-12-30', 8, '16:00:00', 49),
(1458, '18:00:00', '2024-12-30', 8, '17:00:00', 49),
(1459, '09:00:00', '2024-12-23', 8, '08:00:00', 48),
(1460, '10:00:00', '2024-12-23', 8, '09:00:00', 48),
(1461, '11:00:00', '2024-12-23', 8, '10:00:00', 48),
(1462, '12:00:00', '2024-12-23', 8, '11:00:00', 48),
(1463, '13:00:00', '2024-12-23', 8, '12:00:00', 48),
(1464, '14:00:00', '2024-12-23', 8, '13:00:00', 48),
(1465, '15:00:00', '2024-12-23', 8, '14:00:00', 48),
(1466, '16:00:00', '2024-12-23', 8, '15:00:00', 48),
(1467, '17:00:00', '2024-12-23', 8, '16:00:00', 48),
(1468, '18:00:00', '2024-12-23', 8, '17:00:00', 48),
(1469, '09:00:00', '2024-12-24', 8, '08:00:00', 48),
(1470, '10:00:00', '2024-12-24', 8, '09:00:00', 48),
(1471, '11:00:00', '2024-12-24', 8, '10:00:00', 48),
(1472, '12:00:00', '2024-12-24', 8, '11:00:00', 48),
(1473, '13:00:00', '2024-12-24', 8, '12:00:00', 48),
(1474, '14:00:00', '2024-12-24', 8, '13:00:00', 48),
(1475, '15:00:00', '2024-12-24', 8, '14:00:00', 48),
(1476, '16:00:00', '2024-12-24', 8, '15:00:00', 48),
(1477, '17:00:00', '2024-12-24', 8, '16:00:00', 48),
(1478, '18:00:00', '2024-12-24', 8, '17:00:00', 48),
(1479, '09:00:00', '2024-12-25', 8, '08:00:00', 48),
(1480, '10:00:00', '2024-12-25', 8, '09:00:00', 48),
(1481, '11:00:00', '2024-12-25', 8, '10:00:00', 48),
(1482, '12:00:00', '2024-12-25', 8, '11:00:00', 48),
(1483, '13:00:00', '2024-12-25', 8, '12:00:00', 48),
(1484, '14:00:00', '2024-12-25', 8, '13:00:00', 48),
(1485, '15:00:00', '2024-12-25', 8, '14:00:00', 48),
(1486, '16:00:00', '2024-12-25', 8, '15:00:00', 48),
(1487, '17:00:00', '2024-12-25', 8, '16:00:00', 48),
(1488, '18:00:00', '2024-12-25', 8, '17:00:00', 48),
(1489, '09:00:00', '2024-12-26', 8, '08:00:00', 48),
(1490, '10:00:00', '2024-12-26', 8, '09:00:00', 48),
(1491, '11:00:00', '2024-12-26', 8, '10:00:00', 48),
(1492, '12:00:00', '2024-12-26', 8, '11:00:00', 48),
(1493, '13:00:00', '2024-12-26', 8, '12:00:00', 48),
(1494, '14:00:00', '2024-12-26', 8, '13:00:00', 48),
(1495, '15:00:00', '2024-12-26', 8, '14:00:00', 48),
(1496, '16:00:00', '2024-12-26', 8, '15:00:00', 48),
(1497, '17:00:00', '2024-12-26', 8, '16:00:00', 48),
(1498, '18:00:00', '2024-12-26', 8, '17:00:00', 48),
(1499, '09:00:00', '2024-12-27', 8, '08:00:00', 48),
(1500, '10:00:00', '2024-12-27', 8, '09:00:00', 48),
(1501, '11:00:00', '2024-12-27', 8, '10:00:00', 48),
(1502, '12:00:00', '2024-12-27', 8, '11:00:00', 48),
(1503, '13:00:00', '2024-12-27', 8, '12:00:00', 48),
(1504, '14:00:00', '2024-12-27', 8, '13:00:00', 48),
(1505, '15:00:00', '2024-12-27', 8, '14:00:00', 48),
(1506, '16:00:00', '2024-12-27', 8, '15:00:00', 48),
(1507, '17:00:00', '2024-12-27', 8, '16:00:00', 48),
(1508, '18:00:00', '2024-12-27', 8, '17:00:00', 48),
(1509, '09:00:00', '2024-12-28', 8, '08:00:00', 48),
(1510, '10:00:00', '2024-12-28', 8, '09:00:00', 48),
(1511, '11:00:00', '2024-12-28', 8, '10:00:00', 48),
(1512, '12:00:00', '2024-12-28', 8, '11:00:00', 48),
(1513, '13:00:00', '2024-12-28', 8, '12:00:00', 48),
(1514, '14:00:00', '2024-12-28', 8, '13:00:00', 48),
(1515, '15:00:00', '2024-12-28', 8, '14:00:00', 48),
(1516, '16:00:00', '2024-12-28', 8, '15:00:00', 48),
(1517, '17:00:00', '2024-12-28', 8, '16:00:00', 48),
(1518, '18:00:00', '2024-12-28', 8, '17:00:00', 48),
(1519, '09:00:00', '2024-12-29', 8, '08:00:00', 48),
(1520, '10:00:00', '2024-12-29', 8, '09:00:00', 48),
(1521, '11:00:00', '2024-12-29', 8, '10:00:00', 48),
(1522, '12:00:00', '2024-12-29', 8, '11:00:00', 48),
(1523, '13:00:00', '2024-12-29', 8, '12:00:00', 48),
(1524, '14:00:00', '2024-12-29', 8, '13:00:00', 48),
(1525, '15:00:00', '2024-12-29', 8, '14:00:00', 48),
(1526, '16:00:00', '2024-12-29', 8, '15:00:00', 48),
(1527, '17:00:00', '2024-12-29', 8, '16:00:00', 48),
(1528, '18:00:00', '2024-12-29', 8, '17:00:00', 48),
(1529, '09:00:00', '2024-12-30', 8, '08:00:00', 48),
(1530, '10:00:00', '2024-12-30', 8, '09:00:00', 48),
(1531, '11:00:00', '2024-12-30', 8, '10:00:00', 48),
(1532, '12:00:00', '2024-12-30', 8, '11:00:00', 48),
(1533, '13:00:00', '2024-12-30', 8, '12:00:00', 48),
(1534, '14:00:00', '2024-12-30', 8, '13:00:00', 48),
(1535, '15:00:00', '2024-12-30', 8, '14:00:00', 48),
(1536, '16:00:00', '2024-12-30', 8, '15:00:00', 48),
(1537, '17:00:00', '2024-12-30', 8, '16:00:00', 48),
(1538, '18:00:00', '2024-12-30', 8, '17:00:00', 48),
(1539, '09:00:00', '2024-12-23', 8, '08:00:00', 47),
(1540, '10:00:00', '2024-12-23', 8, '09:00:00', 47),
(1541, '11:00:00', '2024-12-23', 8, '10:00:00', 47),
(1542, '12:00:00', '2024-12-23', 8, '11:00:00', 47),
(1543, '13:00:00', '2024-12-23', 8, '12:00:00', 47),
(1544, '14:00:00', '2024-12-23', 8, '13:00:00', 47),
(1545, '15:00:00', '2024-12-23', 8, '14:00:00', 47),
(1546, '16:00:00', '2024-12-23', 8, '15:00:00', 47),
(1547, '17:00:00', '2024-12-23', 8, '16:00:00', 47),
(1548, '18:00:00', '2024-12-23', 8, '17:00:00', 47),
(1549, '09:00:00', '2024-12-24', 8, '08:00:00', 47),
(1550, '10:00:00', '2024-12-24', 8, '09:00:00', 47),
(1551, '11:00:00', '2024-12-24', 8, '10:00:00', 47),
(1552, '12:00:00', '2024-12-24', 8, '11:00:00', 47),
(1553, '13:00:00', '2024-12-24', 8, '12:00:00', 47),
(1554, '14:00:00', '2024-12-24', 8, '13:00:00', 47),
(1555, '15:00:00', '2024-12-24', 8, '14:00:00', 47),
(1556, '16:00:00', '2024-12-24', 8, '15:00:00', 47),
(1557, '17:00:00', '2024-12-24', 8, '16:00:00', 47),
(1558, '18:00:00', '2024-12-24', 8, '17:00:00', 47),
(1559, '09:00:00', '2024-12-25', 8, '08:00:00', 47),
(1560, '10:00:00', '2024-12-25', 8, '09:00:00', 47),
(1561, '11:00:00', '2024-12-25', 8, '10:00:00', 47),
(1562, '12:00:00', '2024-12-25', 8, '11:00:00', 47),
(1563, '13:00:00', '2024-12-25', 8, '12:00:00', 47),
(1564, '14:00:00', '2024-12-25', 8, '13:00:00', 47),
(1565, '15:00:00', '2024-12-25', 8, '14:00:00', 47),
(1566, '16:00:00', '2024-12-25', 8, '15:00:00', 47),
(1567, '17:00:00', '2024-12-25', 8, '16:00:00', 47),
(1568, '18:00:00', '2024-12-25', 8, '17:00:00', 47),
(1569, '09:00:00', '2024-12-26', 8, '08:00:00', 47),
(1570, '10:00:00', '2024-12-26', 8, '09:00:00', 47),
(1571, '11:00:00', '2024-12-26', 8, '10:00:00', 47),
(1572, '12:00:00', '2024-12-26', 8, '11:00:00', 47),
(1573, '13:00:00', '2024-12-26', 8, '12:00:00', 47),
(1574, '14:00:00', '2024-12-26', 8, '13:00:00', 47),
(1575, '15:00:00', '2024-12-26', 8, '14:00:00', 47),
(1576, '16:00:00', '2024-12-26', 8, '15:00:00', 47),
(1577, '17:00:00', '2024-12-26', 8, '16:00:00', 47),
(1578, '18:00:00', '2024-12-26', 8, '17:00:00', 47),
(1579, '09:00:00', '2024-12-27', 8, '08:00:00', 47),
(1580, '10:00:00', '2024-12-27', 8, '09:00:00', 47),
(1581, '11:00:00', '2024-12-27', 8, '10:00:00', 47),
(1582, '12:00:00', '2024-12-27', 8, '11:00:00', 47),
(1583, '13:00:00', '2024-12-27', 8, '12:00:00', 47),
(1584, '14:00:00', '2024-12-27', 8, '13:00:00', 47),
(1585, '15:00:00', '2024-12-27', 8, '14:00:00', 47),
(1586, '16:00:00', '2024-12-27', 8, '15:00:00', 47),
(1587, '17:00:00', '2024-12-27', 8, '16:00:00', 47),
(1588, '18:00:00', '2024-12-27', 8, '17:00:00', 47),
(1589, '09:00:00', '2024-12-28', 8, '08:00:00', 47),
(1590, '10:00:00', '2024-12-28', 8, '09:00:00', 47),
(1591, '11:00:00', '2024-12-28', 8, '10:00:00', 47),
(1592, '12:00:00', '2024-12-28', 8, '11:00:00', 47),
(1593, '13:00:00', '2024-12-28', 8, '12:00:00', 47),
(1594, '14:00:00', '2024-12-28', 8, '13:00:00', 47),
(1595, '15:00:00', '2024-12-28', 8, '14:00:00', 47),
(1596, '16:00:00', '2024-12-28', 8, '15:00:00', 47),
(1597, '17:00:00', '2024-12-28', 8, '16:00:00', 47),
(1598, '18:00:00', '2024-12-28', 8, '17:00:00', 47),
(1599, '09:00:00', '2024-12-29', 8, '08:00:00', 47),
(1600, '10:00:00', '2024-12-29', 8, '09:00:00', 47),
(1601, '11:00:00', '2024-12-29', 8, '10:00:00', 47),
(1602, '12:00:00', '2024-12-29', 8, '11:00:00', 47),
(1603, '13:00:00', '2024-12-29', 8, '12:00:00', 47),
(1604, '14:00:00', '2024-12-29', 8, '13:00:00', 47),
(1605, '15:00:00', '2024-12-29', 8, '14:00:00', 47),
(1606, '16:00:00', '2024-12-29', 8, '15:00:00', 47),
(1607, '17:00:00', '2024-12-29', 8, '16:00:00', 47),
(1608, '18:00:00', '2024-12-29', 8, '17:00:00', 47),
(1609, '09:00:00', '2024-12-30', 8, '08:00:00', 47),
(1610, '10:00:00', '2024-12-30', 8, '09:00:00', 47),
(1611, '11:00:00', '2024-12-30', 8, '10:00:00', 47),
(1612, '12:00:00', '2024-12-30', 8, '11:00:00', 47),
(1613, '13:00:00', '2024-12-30', 8, '12:00:00', 47),
(1614, '14:00:00', '2024-12-30', 8, '13:00:00', 47),
(1615, '15:00:00', '2024-12-30', 8, '14:00:00', 47),
(1616, '16:00:00', '2024-12-30', 8, '15:00:00', 47),
(1617, '17:00:00', '2024-12-30', 8, '16:00:00', 47),
(1618, '18:00:00', '2024-12-30', 8, '17:00:00', 47),
(1619, '09:00:00', '2024-12-23', 8, '08:00:00', 46),
(1620, '10:00:00', '2024-12-23', 8, '09:00:00', 46),
(1621, '11:00:00', '2024-12-23', 8, '10:00:00', 46),
(1622, '12:00:00', '2024-12-23', 8, '11:00:00', 46),
(1623, '13:00:00', '2024-12-23', 8, '12:00:00', 46),
(1624, '14:00:00', '2024-12-23', 8, '13:00:00', 46),
(1625, '15:00:00', '2024-12-23', 8, '14:00:00', 46),
(1626, '16:00:00', '2024-12-23', 8, '15:00:00', 46),
(1627, '17:00:00', '2024-12-23', 8, '16:00:00', 46),
(1628, '18:00:00', '2024-12-23', 8, '17:00:00', 46),
(1629, '09:00:00', '2024-12-24', 8, '08:00:00', 46),
(1630, '10:00:00', '2024-12-24', 8, '09:00:00', 46),
(1631, '11:00:00', '2024-12-24', 8, '10:00:00', 46),
(1632, '12:00:00', '2024-12-24', 8, '11:00:00', 46),
(1633, '13:00:00', '2024-12-24', 8, '12:00:00', 46),
(1634, '14:00:00', '2024-12-24', 8, '13:00:00', 46),
(1635, '15:00:00', '2024-12-24', 8, '14:00:00', 46),
(1636, '16:00:00', '2024-12-24', 8, '15:00:00', 46),
(1637, '17:00:00', '2024-12-24', 8, '16:00:00', 46),
(1638, '18:00:00', '2024-12-24', 8, '17:00:00', 46),
(1639, '09:00:00', '2024-12-25', 8, '08:00:00', 46),
(1640, '10:00:00', '2024-12-25', 8, '09:00:00', 46),
(1641, '11:00:00', '2024-12-25', 8, '10:00:00', 46),
(1642, '12:00:00', '2024-12-25', 8, '11:00:00', 46),
(1643, '13:00:00', '2024-12-25', 8, '12:00:00', 46),
(1644, '14:00:00', '2024-12-25', 8, '13:00:00', 46),
(1645, '15:00:00', '2024-12-25', 8, '14:00:00', 46),
(1646, '16:00:00', '2024-12-25', 8, '15:00:00', 46),
(1647, '17:00:00', '2024-12-25', 8, '16:00:00', 46),
(1648, '18:00:00', '2024-12-25', 8, '17:00:00', 46),
(1649, '09:00:00', '2024-12-26', 8, '08:00:00', 46),
(1650, '10:00:00', '2024-12-26', 8, '09:00:00', 46),
(1651, '11:00:00', '2024-12-26', 8, '10:00:00', 46),
(1652, '12:00:00', '2024-12-26', 8, '11:00:00', 46),
(1653, '13:00:00', '2024-12-26', 8, '12:00:00', 46),
(1654, '14:00:00', '2024-12-26', 8, '13:00:00', 46),
(1655, '15:00:00', '2024-12-26', 8, '14:00:00', 46),
(1656, '16:00:00', '2024-12-26', 8, '15:00:00', 46),
(1657, '17:00:00', '2024-12-26', 8, '16:00:00', 46),
(1658, '18:00:00', '2024-12-26', 8, '17:00:00', 46),
(1659, '09:00:00', '2024-12-27', 8, '08:00:00', 46),
(1660, '10:00:00', '2024-12-27', 8, '09:00:00', 46),
(1661, '11:00:00', '2024-12-27', 8, '10:00:00', 46),
(1662, '12:00:00', '2024-12-27', 8, '11:00:00', 46),
(1663, '13:00:00', '2024-12-27', 8, '12:00:00', 46),
(1664, '14:00:00', '2024-12-27', 8, '13:00:00', 46),
(1665, '15:00:00', '2024-12-27', 8, '14:00:00', 46),
(1666, '16:00:00', '2024-12-27', 8, '15:00:00', 46),
(1667, '17:00:00', '2024-12-27', 8, '16:00:00', 46),
(1668, '18:00:00', '2024-12-27', 8, '17:00:00', 46),
(1669, '09:00:00', '2024-12-28', 8, '08:00:00', 46),
(1670, '10:00:00', '2024-12-28', 8, '09:00:00', 46),
(1671, '11:00:00', '2024-12-28', 8, '10:00:00', 46),
(1672, '12:00:00', '2024-12-28', 8, '11:00:00', 46),
(1673, '13:00:00', '2024-12-28', 8, '12:00:00', 46),
(1674, '14:00:00', '2024-12-28', 8, '13:00:00', 46),
(1675, '15:00:00', '2024-12-28', 8, '14:00:00', 46),
(1676, '16:00:00', '2024-12-28', 8, '15:00:00', 46),
(1677, '17:00:00', '2024-12-28', 8, '16:00:00', 46),
(1678, '18:00:00', '2024-12-28', 8, '17:00:00', 46),
(1679, '09:00:00', '2024-12-29', 8, '08:00:00', 46),
(1680, '10:00:00', '2024-12-29', 8, '09:00:00', 46),
(1681, '11:00:00', '2024-12-29', 8, '10:00:00', 46),
(1682, '12:00:00', '2024-12-29', 8, '11:00:00', 46),
(1683, '13:00:00', '2024-12-29', 8, '12:00:00', 46),
(1684, '14:00:00', '2024-12-29', 8, '13:00:00', 46),
(1685, '15:00:00', '2024-12-29', 8, '14:00:00', 46),
(1686, '16:00:00', '2024-12-29', 8, '15:00:00', 46),
(1687, '17:00:00', '2024-12-29', 8, '16:00:00', 46),
(1688, '18:00:00', '2024-12-29', 8, '17:00:00', 46),
(1689, '09:00:00', '2024-12-30', 8, '08:00:00', 46),
(1690, '10:00:00', '2024-12-30', 8, '09:00:00', 46),
(1691, '11:00:00', '2024-12-30', 8, '10:00:00', 46),
(1692, '12:00:00', '2024-12-30', 8, '11:00:00', 46),
(1693, '13:00:00', '2024-12-30', 8, '12:00:00', 46),
(1694, '14:00:00', '2024-12-30', 8, '13:00:00', 46),
(1695, '15:00:00', '2024-12-30', 8, '14:00:00', 46),
(1696, '16:00:00', '2024-12-30', 8, '15:00:00', 46),
(1697, '17:00:00', '2024-12-30', 8, '16:00:00', 46),
(1698, '18:00:00', '2024-12-30', 8, '17:00:00', 46),
(1699, '09:00:00', '2024-12-23', 8, '08:00:00', 45),
(1700, '10:00:00', '2024-12-23', 8, '09:00:00', 45),
(1701, '11:00:00', '2024-12-23', 8, '10:00:00', 45),
(1702, '12:00:00', '2024-12-23', 8, '11:00:00', 45),
(1703, '13:00:00', '2024-12-23', 8, '12:00:00', 45),
(1704, '14:00:00', '2024-12-23', 8, '13:00:00', 45),
(1705, '15:00:00', '2024-12-23', 8, '14:00:00', 45),
(1706, '16:00:00', '2024-12-23', 8, '15:00:00', 45),
(1707, '17:00:00', '2024-12-23', 8, '16:00:00', 45),
(1708, '18:00:00', '2024-12-23', 8, '17:00:00', 45),
(1709, '09:00:00', '2024-12-24', 8, '08:00:00', 45),
(1710, '10:00:00', '2024-12-24', 8, '09:00:00', 45),
(1711, '11:00:00', '2024-12-24', 8, '10:00:00', 45),
(1712, '12:00:00', '2024-12-24', 8, '11:00:00', 45),
(1713, '13:00:00', '2024-12-24', 8, '12:00:00', 45),
(1714, '14:00:00', '2024-12-24', 8, '13:00:00', 45),
(1715, '15:00:00', '2024-12-24', 8, '14:00:00', 45),
(1716, '16:00:00', '2024-12-24', 8, '15:00:00', 45),
(1717, '17:00:00', '2024-12-24', 8, '16:00:00', 45),
(1718, '18:00:00', '2024-12-24', 8, '17:00:00', 45),
(1719, '09:00:00', '2024-12-25', 8, '08:00:00', 45),
(1720, '10:00:00', '2024-12-25', 8, '09:00:00', 45),
(1721, '11:00:00', '2024-12-25', 8, '10:00:00', 45),
(1722, '12:00:00', '2024-12-25', 8, '11:00:00', 45),
(1723, '13:00:00', '2024-12-25', 8, '12:00:00', 45),
(1724, '14:00:00', '2024-12-25', 8, '13:00:00', 45),
(1725, '15:00:00', '2024-12-25', 8, '14:00:00', 45),
(1726, '16:00:00', '2024-12-25', 8, '15:00:00', 45),
(1727, '17:00:00', '2024-12-25', 8, '16:00:00', 45),
(1728, '18:00:00', '2024-12-25', 8, '17:00:00', 45),
(1729, '09:00:00', '2024-12-26', 8, '08:00:00', 45),
(1730, '10:00:00', '2024-12-26', 8, '09:00:00', 45),
(1731, '11:00:00', '2024-12-26', 8, '10:00:00', 45),
(1732, '12:00:00', '2024-12-26', 8, '11:00:00', 45),
(1733, '13:00:00', '2024-12-26', 8, '12:00:00', 45),
(1734, '14:00:00', '2024-12-26', 8, '13:00:00', 45),
(1735, '15:00:00', '2024-12-26', 8, '14:00:00', 45),
(1736, '16:00:00', '2024-12-26', 8, '15:00:00', 45),
(1737, '17:00:00', '2024-12-26', 8, '16:00:00', 45),
(1738, '18:00:00', '2024-12-26', 8, '17:00:00', 45),
(1739, '09:00:00', '2024-12-27', 8, '08:00:00', 45),
(1740, '10:00:00', '2024-12-27', 8, '09:00:00', 45),
(1741, '11:00:00', '2024-12-27', 8, '10:00:00', 45),
(1742, '12:00:00', '2024-12-27', 8, '11:00:00', 45),
(1743, '13:00:00', '2024-12-27', 8, '12:00:00', 45),
(1744, '14:00:00', '2024-12-27', 8, '13:00:00', 45),
(1745, '15:00:00', '2024-12-27', 8, '14:00:00', 45),
(1746, '16:00:00', '2024-12-27', 8, '15:00:00', 45),
(1747, '17:00:00', '2024-12-27', 8, '16:00:00', 45),
(1748, '18:00:00', '2024-12-27', 8, '17:00:00', 45),
(1749, '09:00:00', '2024-12-28', 8, '08:00:00', 45),
(1750, '10:00:00', '2024-12-28', 8, '09:00:00', 45),
(1751, '11:00:00', '2024-12-28', 8, '10:00:00', 45),
(1752, '12:00:00', '2024-12-28', 8, '11:00:00', 45),
(1753, '13:00:00', '2024-12-28', 8, '12:00:00', 45),
(1754, '14:00:00', '2024-12-28', 8, '13:00:00', 45),
(1755, '15:00:00', '2024-12-28', 8, '14:00:00', 45),
(1756, '16:00:00', '2024-12-28', 8, '15:00:00', 45),
(1757, '17:00:00', '2024-12-28', 8, '16:00:00', 45),
(1758, '18:00:00', '2024-12-28', 8, '17:00:00', 45),
(1759, '09:00:00', '2024-12-29', 8, '08:00:00', 45),
(1760, '10:00:00', '2024-12-29', 8, '09:00:00', 45),
(1761, '11:00:00', '2024-12-29', 8, '10:00:00', 45),
(1762, '12:00:00', '2024-12-29', 8, '11:00:00', 45),
(1763, '13:00:00', '2024-12-29', 8, '12:00:00', 45),
(1764, '14:00:00', '2024-12-29', 8, '13:00:00', 45),
(1765, '15:00:00', '2024-12-29', 8, '14:00:00', 45),
(1766, '16:00:00', '2024-12-29', 8, '15:00:00', 45),
(1767, '17:00:00', '2024-12-29', 8, '16:00:00', 45),
(1768, '18:00:00', '2024-12-29', 8, '17:00:00', 45),
(1769, '09:00:00', '2024-12-30', 8, '08:00:00', 45),
(1770, '10:00:00', '2024-12-30', 8, '09:00:00', 45),
(1771, '11:00:00', '2024-12-30', 8, '10:00:00', 45),
(1772, '12:00:00', '2024-12-30', 8, '11:00:00', 45),
(1773, '13:00:00', '2024-12-30', 8, '12:00:00', 45),
(1774, '14:00:00', '2024-12-30', 8, '13:00:00', 45),
(1775, '15:00:00', '2024-12-30', 8, '14:00:00', 45),
(1776, '16:00:00', '2024-12-30', 8, '15:00:00', 45),
(1777, '17:00:00', '2024-12-30', 8, '16:00:00', 45),
(1778, '18:00:00', '2024-12-30', 8, '17:00:00', 45),
(1779, '09:00:00', '2024-12-23', 8, '08:00:00', 44),
(1780, '10:00:00', '2024-12-23', 8, '09:00:00', 44),
(1781, '11:00:00', '2024-12-23', 8, '10:00:00', 44),
(1782, '12:00:00', '2024-12-23', 8, '11:00:00', 44),
(1783, '13:00:00', '2024-12-23', 8, '12:00:00', 44),
(1784, '14:00:00', '2024-12-23', 8, '13:00:00', 44),
(1785, '15:00:00', '2024-12-23', 8, '14:00:00', 44),
(1786, '16:00:00', '2024-12-23', 8, '15:00:00', 44),
(1787, '17:00:00', '2024-12-23', 8, '16:00:00', 44),
(1788, '18:00:00', '2024-12-23', 8, '17:00:00', 44),
(1789, '09:00:00', '2024-12-24', 8, '08:00:00', 44),
(1790, '10:00:00', '2024-12-24', 8, '09:00:00', 44),
(1791, '11:00:00', '2024-12-24', 8, '10:00:00', 44),
(1792, '12:00:00', '2024-12-24', 8, '11:00:00', 44),
(1793, '13:00:00', '2024-12-24', 8, '12:00:00', 44),
(1794, '14:00:00', '2024-12-24', 8, '13:00:00', 44),
(1795, '15:00:00', '2024-12-24', 8, '14:00:00', 44),
(1796, '16:00:00', '2024-12-24', 8, '15:00:00', 44),
(1797, '17:00:00', '2024-12-24', 8, '16:00:00', 44),
(1798, '18:00:00', '2024-12-24', 8, '17:00:00', 44),
(1799, '09:00:00', '2024-12-25', 8, '08:00:00', 44),
(1800, '10:00:00', '2024-12-25', 8, '09:00:00', 44),
(1801, '11:00:00', '2024-12-25', 8, '10:00:00', 44),
(1802, '12:00:00', '2024-12-25', 8, '11:00:00', 44),
(1803, '13:00:00', '2024-12-25', 8, '12:00:00', 44),
(1804, '14:00:00', '2024-12-25', 8, '13:00:00', 44),
(1805, '15:00:00', '2024-12-25', 8, '14:00:00', 44),
(1806, '16:00:00', '2024-12-25', 8, '15:00:00', 44),
(1807, '17:00:00', '2024-12-25', 8, '16:00:00', 44),
(1808, '18:00:00', '2024-12-25', 8, '17:00:00', 44),
(1809, '09:00:00', '2024-12-26', 8, '08:00:00', 44),
(1810, '10:00:00', '2024-12-26', 8, '09:00:00', 44),
(1811, '11:00:00', '2024-12-26', 8, '10:00:00', 44),
(1812, '12:00:00', '2024-12-26', 8, '11:00:00', 44),
(1813, '13:00:00', '2024-12-26', 8, '12:00:00', 44),
(1814, '14:00:00', '2024-12-26', 8, '13:00:00', 44),
(1815, '15:00:00', '2024-12-26', 8, '14:00:00', 44),
(1816, '16:00:00', '2024-12-26', 8, '15:00:00', 44),
(1817, '17:00:00', '2024-12-26', 8, '16:00:00', 44),
(1818, '18:00:00', '2024-12-26', 8, '17:00:00', 44),
(1819, '09:00:00', '2024-12-27', 8, '08:00:00', 44),
(1820, '10:00:00', '2024-12-27', 8, '09:00:00', 44),
(1821, '11:00:00', '2024-12-27', 8, '10:00:00', 44),
(1822, '12:00:00', '2024-12-27', 8, '11:00:00', 44),
(1823, '13:00:00', '2024-12-27', 8, '12:00:00', 44),
(1824, '14:00:00', '2024-12-27', 8, '13:00:00', 44),
(1825, '15:00:00', '2024-12-27', 8, '14:00:00', 44),
(1826, '16:00:00', '2024-12-27', 8, '15:00:00', 44),
(1827, '17:00:00', '2024-12-27', 8, '16:00:00', 44),
(1828, '18:00:00', '2024-12-27', 8, '17:00:00', 44),
(1829, '09:00:00', '2024-12-28', 8, '08:00:00', 44),
(1830, '10:00:00', '2024-12-28', 8, '09:00:00', 44),
(1831, '11:00:00', '2024-12-28', 8, '10:00:00', 44),
(1832, '12:00:00', '2024-12-28', 8, '11:00:00', 44),
(1833, '13:00:00', '2024-12-28', 8, '12:00:00', 44),
(1834, '14:00:00', '2024-12-28', 8, '13:00:00', 44),
(1835, '15:00:00', '2024-12-28', 8, '14:00:00', 44),
(1836, '16:00:00', '2024-12-28', 8, '15:00:00', 44),
(1837, '17:00:00', '2024-12-28', 8, '16:00:00', 44),
(1838, '18:00:00', '2024-12-28', 8, '17:00:00', 44),
(1839, '09:00:00', '2024-12-29', 8, '08:00:00', 44),
(1840, '10:00:00', '2024-12-29', 8, '09:00:00', 44),
(1841, '11:00:00', '2024-12-29', 8, '10:00:00', 44),
(1842, '12:00:00', '2024-12-29', 8, '11:00:00', 44),
(1843, '13:00:00', '2024-12-29', 8, '12:00:00', 44),
(1844, '14:00:00', '2024-12-29', 8, '13:00:00', 44),
(1845, '15:00:00', '2024-12-29', 8, '14:00:00', 44),
(1846, '16:00:00', '2024-12-29', 8, '15:00:00', 44),
(1847, '17:00:00', '2024-12-29', 8, '16:00:00', 44),
(1848, '18:00:00', '2024-12-29', 8, '17:00:00', 44),
(1849, '09:00:00', '2024-12-30', 8, '08:00:00', 44),
(1850, '10:00:00', '2024-12-30', 8, '09:00:00', 44),
(1851, '11:00:00', '2024-12-30', 8, '10:00:00', 44),
(1852, '12:00:00', '2024-12-30', 8, '11:00:00', 44),
(1853, '13:00:00', '2024-12-30', 8, '12:00:00', 44),
(1854, '14:00:00', '2024-12-30', 8, '13:00:00', 44),
(1855, '15:00:00', '2024-12-30', 8, '14:00:00', 44),
(1856, '16:00:00', '2024-12-30', 8, '15:00:00', 44),
(1857, '17:00:00', '2024-12-30', 8, '16:00:00', 44),
(1858, '18:00:00', '2024-12-30', 8, '17:00:00', 44),
(1859, '09:00:00', '2024-12-23', 8, '08:00:00', 42),
(1860, '10:00:00', '2024-12-23', 8, '09:00:00', 42),
(1861, '11:00:00', '2024-12-23', 8, '10:00:00', 42),
(1862, '12:00:00', '2024-12-23', 8, '11:00:00', 42),
(1863, '13:00:00', '2024-12-23', 8, '12:00:00', 42),
(1864, '14:00:00', '2024-12-23', 8, '13:00:00', 42),
(1865, '15:00:00', '2024-12-23', 8, '14:00:00', 42),
(1866, '16:00:00', '2024-12-23', 8, '15:00:00', 42),
(1867, '17:00:00', '2024-12-23', 8, '16:00:00', 42),
(1868, '18:00:00', '2024-12-23', 8, '17:00:00', 42),
(1869, '09:00:00', '2024-12-24', 8, '08:00:00', 42),
(1870, '10:00:00', '2024-12-24', 8, '09:00:00', 42),
(1871, '11:00:00', '2024-12-24', 8, '10:00:00', 42),
(1872, '12:00:00', '2024-12-24', 8, '11:00:00', 42),
(1873, '13:00:00', '2024-12-24', 8, '12:00:00', 42),
(1874, '14:00:00', '2024-12-24', 8, '13:00:00', 42),
(1875, '15:00:00', '2024-12-24', 8, '14:00:00', 42),
(1876, '16:00:00', '2024-12-24', 8, '15:00:00', 42),
(1877, '17:00:00', '2024-12-24', 8, '16:00:00', 42),
(1878, '18:00:00', '2024-12-24', 8, '17:00:00', 42),
(1879, '09:00:00', '2024-12-25', 8, '08:00:00', 42),
(1880, '10:00:00', '2024-12-25', 8, '09:00:00', 42),
(1881, '11:00:00', '2024-12-25', 8, '10:00:00', 42),
(1882, '12:00:00', '2024-12-25', 8, '11:00:00', 42),
(1883, '13:00:00', '2024-12-25', 8, '12:00:00', 42),
(1884, '14:00:00', '2024-12-25', 8, '13:00:00', 42),
(1885, '15:00:00', '2024-12-25', 8, '14:00:00', 42),
(1886, '16:00:00', '2024-12-25', 8, '15:00:00', 42),
(1887, '17:00:00', '2024-12-25', 8, '16:00:00', 42),
(1888, '18:00:00', '2024-12-25', 8, '17:00:00', 42),
(1889, '09:00:00', '2024-12-26', 8, '08:00:00', 42),
(1890, '10:00:00', '2024-12-26', 8, '09:00:00', 42),
(1891, '11:00:00', '2024-12-26', 8, '10:00:00', 42),
(1892, '12:00:00', '2024-12-26', 8, '11:00:00', 42),
(1893, '13:00:00', '2024-12-26', 8, '12:00:00', 42),
(1894, '14:00:00', '2024-12-26', 8, '13:00:00', 42),
(1895, '15:00:00', '2024-12-26', 8, '14:00:00', 42),
(1896, '16:00:00', '2024-12-26', 8, '15:00:00', 42),
(1897, '17:00:00', '2024-12-26', 8, '16:00:00', 42),
(1898, '18:00:00', '2024-12-26', 8, '17:00:00', 42),
(1899, '09:00:00', '2024-12-27', 8, '08:00:00', 42),
(1900, '10:00:00', '2024-12-27', 8, '09:00:00', 42),
(1901, '11:00:00', '2024-12-27', 8, '10:00:00', 42),
(1902, '12:00:00', '2024-12-27', 8, '11:00:00', 42),
(1903, '13:00:00', '2024-12-27', 8, '12:00:00', 42),
(1904, '14:00:00', '2024-12-27', 8, '13:00:00', 42),
(1905, '15:00:00', '2024-12-27', 8, '14:00:00', 42),
(1906, '16:00:00', '2024-12-27', 8, '15:00:00', 42),
(1907, '17:00:00', '2024-12-27', 8, '16:00:00', 42),
(1908, '18:00:00', '2024-12-27', 8, '17:00:00', 42),
(1909, '09:00:00', '2024-12-28', 8, '08:00:00', 42),
(1910, '10:00:00', '2024-12-28', 8, '09:00:00', 42),
(1911, '11:00:00', '2024-12-28', 8, '10:00:00', 42),
(1912, '12:00:00', '2024-12-28', 8, '11:00:00', 42),
(1913, '13:00:00', '2024-12-28', 8, '12:00:00', 42),
(1914, '14:00:00', '2024-12-28', 8, '13:00:00', 42),
(1915, '15:00:00', '2024-12-28', 8, '14:00:00', 42),
(1916, '16:00:00', '2024-12-28', 8, '15:00:00', 42),
(1917, '17:00:00', '2024-12-28', 8, '16:00:00', 42),
(1918, '18:00:00', '2024-12-28', 8, '17:00:00', 42),
(1919, '09:00:00', '2024-12-29', 8, '08:00:00', 42),
(1920, '10:00:00', '2024-12-29', 8, '09:00:00', 42),
(1921, '11:00:00', '2024-12-29', 8, '10:00:00', 42),
(1922, '12:00:00', '2024-12-29', 8, '11:00:00', 42),
(1923, '13:00:00', '2024-12-29', 8, '12:00:00', 42),
(1924, '14:00:00', '2024-12-29', 8, '13:00:00', 42),
(1925, '15:00:00', '2024-12-29', 8, '14:00:00', 42),
(1926, '16:00:00', '2024-12-29', 8, '15:00:00', 42),
(1927, '17:00:00', '2024-12-29', 8, '16:00:00', 42),
(1928, '18:00:00', '2024-12-29', 8, '17:00:00', 42),
(1929, '09:00:00', '2024-12-30', 8, '08:00:00', 42),
(1930, '10:00:00', '2024-12-30', 8, '09:00:00', 42),
(1931, '11:00:00', '2024-12-30', 8, '10:00:00', 42),
(1932, '12:00:00', '2024-12-30', 8, '11:00:00', 42),
(1933, '13:00:00', '2024-12-30', 8, '12:00:00', 42),
(1934, '14:00:00', '2024-12-30', 8, '13:00:00', 42),
(1935, '15:00:00', '2024-12-30', 8, '14:00:00', 42),
(1936, '16:00:00', '2024-12-30', 8, '15:00:00', 42),
(1937, '17:00:00', '2024-12-30', 8, '16:00:00', 42),
(1938, '18:00:00', '2024-12-30', 8, '17:00:00', 42),
(1939, '09:00:00', '2024-12-23', 8, '08:00:00', 41),
(1940, '10:00:00', '2024-12-23', 8, '09:00:00', 41),
(1941, '11:00:00', '2024-12-23', 8, '10:00:00', 41),
(1942, '12:00:00', '2024-12-23', 8, '11:00:00', 41),
(1943, '13:00:00', '2024-12-23', 8, '12:00:00', 41),
(1944, '14:00:00', '2024-12-23', 8, '13:00:00', 41),
(1945, '15:00:00', '2024-12-23', 8, '14:00:00', 41),
(1946, '16:00:00', '2024-12-23', 8, '15:00:00', 41),
(1947, '17:00:00', '2024-12-23', 8, '16:00:00', 41),
(1948, '18:00:00', '2024-12-23', 8, '17:00:00', 41),
(1949, '09:00:00', '2024-12-24', 8, '08:00:00', 41),
(1950, '10:00:00', '2024-12-24', 8, '09:00:00', 41),
(1951, '11:00:00', '2024-12-24', 8, '10:00:00', 41),
(1952, '12:00:00', '2024-12-24', 8, '11:00:00', 41),
(1953, '13:00:00', '2024-12-24', 8, '12:00:00', 41),
(1954, '14:00:00', '2024-12-24', 8, '13:00:00', 41),
(1955, '15:00:00', '2024-12-24', 8, '14:00:00', 41),
(1956, '16:00:00', '2024-12-24', 8, '15:00:00', 41),
(1957, '17:00:00', '2024-12-24', 8, '16:00:00', 41),
(1958, '18:00:00', '2024-12-24', 8, '17:00:00', 41),
(1959, '09:00:00', '2024-12-25', 8, '08:00:00', 41),
(1960, '10:00:00', '2024-12-25', 8, '09:00:00', 41),
(1961, '11:00:00', '2024-12-25', 8, '10:00:00', 41),
(1962, '12:00:00', '2024-12-25', 8, '11:00:00', 41),
(1963, '13:00:00', '2024-12-25', 8, '12:00:00', 41),
(1964, '14:00:00', '2024-12-25', 8, '13:00:00', 41),
(1965, '15:00:00', '2024-12-25', 8, '14:00:00', 41),
(1966, '16:00:00', '2024-12-25', 8, '15:00:00', 41),
(1967, '17:00:00', '2024-12-25', 8, '16:00:00', 41),
(1968, '18:00:00', '2024-12-25', 8, '17:00:00', 41),
(1969, '09:00:00', '2024-12-26', 8, '08:00:00', 41),
(1970, '10:00:00', '2024-12-26', 8, '09:00:00', 41),
(1971, '11:00:00', '2024-12-26', 8, '10:00:00', 41),
(1972, '12:00:00', '2024-12-26', 8, '11:00:00', 41),
(1973, '13:00:00', '2024-12-26', 8, '12:00:00', 41),
(1974, '14:00:00', '2024-12-26', 8, '13:00:00', 41),
(1975, '15:00:00', '2024-12-26', 8, '14:00:00', 41),
(1976, '16:00:00', '2024-12-26', 8, '15:00:00', 41),
(1977, '17:00:00', '2024-12-26', 8, '16:00:00', 41),
(1978, '18:00:00', '2024-12-26', 8, '17:00:00', 41),
(1979, '09:00:00', '2024-12-27', 8, '08:00:00', 41),
(1980, '10:00:00', '2024-12-27', 8, '09:00:00', 41),
(1981, '11:00:00', '2024-12-27', 8, '10:00:00', 41),
(1982, '12:00:00', '2024-12-27', 8, '11:00:00', 41),
(1983, '13:00:00', '2024-12-27', 8, '12:00:00', 41),
(1984, '14:00:00', '2024-12-27', 8, '13:00:00', 41),
(1985, '15:00:00', '2024-12-27', 8, '14:00:00', 41),
(1986, '16:00:00', '2024-12-27', 8, '15:00:00', 41),
(1987, '17:00:00', '2024-12-27', 8, '16:00:00', 41),
(1988, '18:00:00', '2024-12-27', 8, '17:00:00', 41),
(1989, '09:00:00', '2024-12-28', 8, '08:00:00', 41),
(1990, '10:00:00', '2024-12-28', 8, '09:00:00', 41),
(1991, '11:00:00', '2024-12-28', 8, '10:00:00', 41),
(1992, '12:00:00', '2024-12-28', 8, '11:00:00', 41),
(1993, '13:00:00', '2024-12-28', 8, '12:00:00', 41),
(1994, '14:00:00', '2024-12-28', 8, '13:00:00', 41),
(1995, '15:00:00', '2024-12-28', 8, '14:00:00', 41),
(1996, '16:00:00', '2024-12-28', 8, '15:00:00', 41),
(1997, '17:00:00', '2024-12-28', 8, '16:00:00', 41),
(1998, '18:00:00', '2024-12-28', 8, '17:00:00', 41),
(1999, '09:00:00', '2024-12-29', 8, '08:00:00', 41),
(2000, '10:00:00', '2024-12-29', 8, '09:00:00', 41),
(2001, '11:00:00', '2024-12-29', 8, '10:00:00', 41),
(2002, '12:00:00', '2024-12-29', 8, '11:00:00', 41),
(2003, '13:00:00', '2024-12-29', 8, '12:00:00', 41),
(2004, '14:00:00', '2024-12-29', 8, '13:00:00', 41),
(2005, '15:00:00', '2024-12-29', 8, '14:00:00', 41),
(2006, '16:00:00', '2024-12-29', 8, '15:00:00', 41),
(2007, '17:00:00', '2024-12-29', 8, '16:00:00', 41),
(2008, '18:00:00', '2024-12-29', 8, '17:00:00', 41),
(2009, '09:00:00', '2024-12-30', 8, '08:00:00', 41),
(2010, '10:00:00', '2024-12-30', 8, '09:00:00', 41),
(2011, '11:00:00', '2024-12-30', 8, '10:00:00', 41),
(2012, '12:00:00', '2024-12-30', 8, '11:00:00', 41),
(2013, '13:00:00', '2024-12-30', 8, '12:00:00', 41),
(2014, '14:00:00', '2024-12-30', 8, '13:00:00', 41),
(2015, '15:00:00', '2024-12-30', 8, '14:00:00', 41),
(2016, '16:00:00', '2024-12-30', 8, '15:00:00', 41),
(2017, '17:00:00', '2024-12-30', 8, '16:00:00', 41),
(2018, '18:00:00', '2024-12-30', 8, '17:00:00', 41),
(2019, '09:00:00', '2024-12-23', 8, '08:00:00', 40),
(2020, '10:00:00', '2024-12-23', 8, '09:00:00', 40),
(2021, '11:00:00', '2024-12-23', 8, '10:00:00', 40),
(2022, '12:00:00', '2024-12-23', 8, '11:00:00', 40),
(2023, '13:00:00', '2024-12-23', 8, '12:00:00', 40),
(2024, '14:00:00', '2024-12-23', 8, '13:00:00', 40),
(2025, '15:00:00', '2024-12-23', 8, '14:00:00', 40),
(2026, '16:00:00', '2024-12-23', 8, '15:00:00', 40),
(2027, '17:00:00', '2024-12-23', 8, '16:00:00', 40),
(2028, '18:00:00', '2024-12-23', 8, '17:00:00', 40),
(2029, '09:00:00', '2024-12-24', 8, '08:00:00', 40),
(2030, '10:00:00', '2024-12-24', 8, '09:00:00', 40),
(2031, '11:00:00', '2024-12-24', 8, '10:00:00', 40),
(2032, '12:00:00', '2024-12-24', 8, '11:00:00', 40),
(2033, '13:00:00', '2024-12-24', 8, '12:00:00', 40),
(2034, '14:00:00', '2024-12-24', 8, '13:00:00', 40),
(2035, '15:00:00', '2024-12-24', 8, '14:00:00', 40),
(2036, '16:00:00', '2024-12-24', 8, '15:00:00', 40),
(2037, '17:00:00', '2024-12-24', 8, '16:00:00', 40),
(2038, '18:00:00', '2024-12-24', 8, '17:00:00', 40),
(2039, '09:00:00', '2024-12-25', 8, '08:00:00', 40),
(2040, '10:00:00', '2024-12-25', 8, '09:00:00', 40),
(2041, '11:00:00', '2024-12-25', 8, '10:00:00', 40),
(2042, '12:00:00', '2024-12-25', 8, '11:00:00', 40),
(2043, '13:00:00', '2024-12-25', 8, '12:00:00', 40),
(2044, '14:00:00', '2024-12-25', 8, '13:00:00', 40),
(2045, '15:00:00', '2024-12-25', 8, '14:00:00', 40),
(2046, '16:00:00', '2024-12-25', 8, '15:00:00', 40),
(2047, '17:00:00', '2024-12-25', 8, '16:00:00', 40),
(2048, '18:00:00', '2024-12-25', 8, '17:00:00', 40),
(2049, '09:00:00', '2024-12-26', 8, '08:00:00', 40),
(2050, '10:00:00', '2024-12-26', 8, '09:00:00', 40),
(2051, '11:00:00', '2024-12-26', 8, '10:00:00', 40),
(2052, '12:00:00', '2024-12-26', 8, '11:00:00', 40),
(2053, '13:00:00', '2024-12-26', 8, '12:00:00', 40),
(2054, '14:00:00', '2024-12-26', 8, '13:00:00', 40),
(2055, '15:00:00', '2024-12-26', 8, '14:00:00', 40),
(2056, '16:00:00', '2024-12-26', 8, '15:00:00', 40),
(2057, '17:00:00', '2024-12-26', 8, '16:00:00', 40),
(2058, '18:00:00', '2024-12-26', 8, '17:00:00', 40),
(2059, '09:00:00', '2024-12-27', 8, '08:00:00', 40),
(2060, '10:00:00', '2024-12-27', 8, '09:00:00', 40),
(2061, '11:00:00', '2024-12-27', 8, '10:00:00', 40),
(2062, '12:00:00', '2024-12-27', 8, '11:00:00', 40),
(2063, '13:00:00', '2024-12-27', 8, '12:00:00', 40),
(2064, '14:00:00', '2024-12-27', 8, '13:00:00', 40),
(2065, '15:00:00', '2024-12-27', 8, '14:00:00', 40),
(2066, '16:00:00', '2024-12-27', 8, '15:00:00', 40),
(2067, '17:00:00', '2024-12-27', 8, '16:00:00', 40),
(2068, '18:00:00', '2024-12-27', 8, '17:00:00', 40),
(2069, '09:00:00', '2024-12-28', 8, '08:00:00', 40),
(2070, '10:00:00', '2024-12-28', 8, '09:00:00', 40),
(2071, '11:00:00', '2024-12-28', 8, '10:00:00', 40),
(2072, '12:00:00', '2024-12-28', 8, '11:00:00', 40),
(2073, '13:00:00', '2024-12-28', 8, '12:00:00', 40),
(2074, '14:00:00', '2024-12-28', 8, '13:00:00', 40),
(2075, '15:00:00', '2024-12-28', 8, '14:00:00', 40);
INSERT INTO `vaccine_schedule_time` (`id`, `end`, `inject_date`, `limit_people`, `start`, `vaccine_schedule_id`) VALUES
(2076, '16:00:00', '2024-12-28', 8, '15:00:00', 40),
(2077, '17:00:00', '2024-12-28', 8, '16:00:00', 40),
(2078, '18:00:00', '2024-12-28', 8, '17:00:00', 40),
(2079, '09:00:00', '2024-12-29', 8, '08:00:00', 40),
(2080, '10:00:00', '2024-12-29', 8, '09:00:00', 40),
(2081, '11:00:00', '2024-12-29', 8, '10:00:00', 40),
(2082, '12:00:00', '2024-12-29', 8, '11:00:00', 40),
(2083, '13:00:00', '2024-12-29', 8, '12:00:00', 40),
(2084, '14:00:00', '2024-12-29', 8, '13:00:00', 40),
(2085, '15:00:00', '2024-12-29', 8, '14:00:00', 40),
(2086, '16:00:00', '2024-12-29', 8, '15:00:00', 40),
(2087, '17:00:00', '2024-12-29', 8, '16:00:00', 40),
(2088, '18:00:00', '2024-12-29', 8, '17:00:00', 40),
(2089, '09:00:00', '2024-12-30', 8, '08:00:00', 40),
(2090, '10:00:00', '2024-12-30', 8, '09:00:00', 40),
(2091, '11:00:00', '2024-12-30', 8, '10:00:00', 40),
(2092, '12:00:00', '2024-12-30', 8, '11:00:00', 40),
(2093, '13:00:00', '2024-12-30', 8, '12:00:00', 40),
(2094, '14:00:00', '2024-12-30', 8, '13:00:00', 40),
(2095, '15:00:00', '2024-12-30', 8, '14:00:00', 40),
(2096, '16:00:00', '2024-12-30', 8, '15:00:00', 40),
(2097, '17:00:00', '2024-12-30', 8, '16:00:00', 40),
(2098, '18:00:00', '2024-12-30', 8, '17:00:00', 40),
(2099, '09:00:00', '2024-12-23', 8, '08:00:00', 61),
(2100, '10:00:00', '2024-12-23', 8, '09:00:00', 61),
(2101, '11:00:00', '2024-12-23', 8, '10:00:00', 61),
(2102, '12:00:00', '2024-12-23', 8, '11:00:00', 61),
(2103, '13:00:00', '2024-12-23', 8, '12:00:00', 61),
(2104, '14:00:00', '2024-12-23', 8, '13:00:00', 61),
(2105, '15:00:00', '2024-12-23', 8, '14:00:00', 61),
(2106, '16:00:00', '2024-12-23', 8, '15:00:00', 61),
(2107, '17:00:00', '2024-12-23', 8, '16:00:00', 61),
(2108, '18:00:00', '2024-12-23', 8, '17:00:00', 61),
(2109, '09:00:00', '2024-12-24', 8, '08:00:00', 61),
(2110, '10:00:00', '2024-12-24', 8, '09:00:00', 61),
(2111, '11:00:00', '2024-12-24', 8, '10:00:00', 61),
(2112, '12:00:00', '2024-12-24', 8, '11:00:00', 61),
(2113, '13:00:00', '2024-12-24', 8, '12:00:00', 61),
(2114, '14:00:00', '2024-12-24', 8, '13:00:00', 61),
(2115, '15:00:00', '2024-12-24', 8, '14:00:00', 61),
(2116, '16:00:00', '2024-12-24', 8, '15:00:00', 61),
(2117, '17:00:00', '2024-12-24', 8, '16:00:00', 61),
(2118, '18:00:00', '2024-12-24', 8, '17:00:00', 61),
(2119, '09:00:00', '2024-12-25', 8, '08:00:00', 61),
(2120, '10:00:00', '2024-12-25', 8, '09:00:00', 61),
(2121, '11:00:00', '2024-12-25', 8, '10:00:00', 61),
(2122, '12:00:00', '2024-12-25', 8, '11:00:00', 61),
(2123, '13:00:00', '2024-12-25', 8, '12:00:00', 61),
(2124, '14:00:00', '2024-12-25', 8, '13:00:00', 61),
(2125, '15:00:00', '2024-12-25', 8, '14:00:00', 61),
(2126, '16:00:00', '2024-12-25', 8, '15:00:00', 61),
(2127, '17:00:00', '2024-12-25', 8, '16:00:00', 61),
(2128, '18:00:00', '2024-12-25', 8, '17:00:00', 61),
(2129, '09:00:00', '2024-12-23', 8, '08:00:00', 39),
(2130, '10:00:00', '2024-12-23', 8, '09:00:00', 39),
(2131, '11:00:00', '2024-12-23', 8, '10:00:00', 39),
(2132, '12:00:00', '2024-12-23', 8, '11:00:00', 39),
(2133, '13:00:00', '2024-12-23', 8, '12:00:00', 39),
(2134, '14:00:00', '2024-12-23', 8, '13:00:00', 39),
(2135, '15:00:00', '2024-12-23', 8, '14:00:00', 39),
(2136, '16:00:00', '2024-12-23', 8, '15:00:00', 39),
(2137, '17:00:00', '2024-12-23', 8, '16:00:00', 39),
(2138, '18:00:00', '2024-12-23', 8, '17:00:00', 39),
(2139, '09:00:00', '2024-12-24', 8, '08:00:00', 39),
(2140, '10:00:00', '2024-12-24', 8, '09:00:00', 39),
(2141, '11:00:00', '2024-12-24', 8, '10:00:00', 39),
(2142, '12:00:00', '2024-12-24', 8, '11:00:00', 39),
(2143, '13:00:00', '2024-12-24', 8, '12:00:00', 39),
(2144, '14:00:00', '2024-12-24', 8, '13:00:00', 39),
(2145, '15:00:00', '2024-12-24', 8, '14:00:00', 39),
(2146, '16:00:00', '2024-12-24', 8, '15:00:00', 39),
(2147, '17:00:00', '2024-12-24', 8, '16:00:00', 39),
(2148, '18:00:00', '2024-12-24', 8, '17:00:00', 39),
(2149, '09:00:00', '2024-12-25', 8, '08:00:00', 39),
(2150, '10:00:00', '2024-12-25', 8, '09:00:00', 39),
(2151, '11:00:00', '2024-12-25', 8, '10:00:00', 39),
(2152, '12:00:00', '2024-12-25', 8, '11:00:00', 39),
(2153, '13:00:00', '2024-12-25', 8, '12:00:00', 39),
(2154, '14:00:00', '2024-12-25', 8, '13:00:00', 39),
(2155, '15:00:00', '2024-12-25', 8, '14:00:00', 39),
(2156, '16:00:00', '2024-12-25', 8, '15:00:00', 39),
(2157, '17:00:00', '2024-12-25', 8, '16:00:00', 39),
(2158, '18:00:00', '2024-12-25', 8, '17:00:00', 39),
(2159, '09:00:00', '2024-12-26', 8, '08:00:00', 39),
(2160, '10:00:00', '2024-12-26', 8, '09:00:00', 39),
(2161, '11:00:00', '2024-12-26', 8, '10:00:00', 39),
(2162, '12:00:00', '2024-12-26', 8, '11:00:00', 39),
(2163, '13:00:00', '2024-12-26', 8, '12:00:00', 39),
(2164, '14:00:00', '2024-12-26', 8, '13:00:00', 39),
(2165, '15:00:00', '2024-12-26', 8, '14:00:00', 39),
(2166, '16:00:00', '2024-12-26', 8, '15:00:00', 39),
(2167, '17:00:00', '2024-12-26', 8, '16:00:00', 39),
(2168, '18:00:00', '2024-12-26', 8, '17:00:00', 39),
(2169, '09:00:00', '2024-12-27', 8, '08:00:00', 39),
(2170, '10:00:00', '2024-12-27', 8, '09:00:00', 39),
(2171, '11:00:00', '2024-12-27', 8, '10:00:00', 39),
(2172, '12:00:00', '2024-12-27', 8, '11:00:00', 39),
(2173, '13:00:00', '2024-12-27', 8, '12:00:00', 39),
(2174, '14:00:00', '2024-12-27', 8, '13:00:00', 39),
(2175, '15:00:00', '2024-12-27', 8, '14:00:00', 39),
(2176, '16:00:00', '2024-12-27', 8, '15:00:00', 39),
(2177, '17:00:00', '2024-12-27', 8, '16:00:00', 39),
(2178, '18:00:00', '2024-12-27', 8, '17:00:00', 39),
(2179, '09:00:00', '2024-12-28', 8, '08:00:00', 39),
(2180, '10:00:00', '2024-12-28', 8, '09:00:00', 39),
(2181, '11:00:00', '2024-12-28', 8, '10:00:00', 39),
(2182, '12:00:00', '2024-12-28', 8, '11:00:00', 39),
(2183, '13:00:00', '2024-12-28', 8, '12:00:00', 39),
(2184, '14:00:00', '2024-12-28', 8, '13:00:00', 39),
(2185, '15:00:00', '2024-12-28', 8, '14:00:00', 39),
(2186, '16:00:00', '2024-12-28', 8, '15:00:00', 39),
(2187, '17:00:00', '2024-12-28', 8, '16:00:00', 39),
(2188, '18:00:00', '2024-12-28', 8, '17:00:00', 39),
(2189, '09:00:00', '2024-12-29', 8, '08:00:00', 39),
(2190, '10:00:00', '2024-12-29', 8, '09:00:00', 39),
(2191, '11:00:00', '2024-12-29', 8, '10:00:00', 39),
(2192, '12:00:00', '2024-12-29', 8, '11:00:00', 39),
(2193, '13:00:00', '2024-12-29', 8, '12:00:00', 39),
(2194, '14:00:00', '2024-12-29', 8, '13:00:00', 39),
(2195, '15:00:00', '2024-12-29', 8, '14:00:00', 39),
(2196, '16:00:00', '2024-12-29', 8, '15:00:00', 39),
(2197, '17:00:00', '2024-12-29', 8, '16:00:00', 39),
(2198, '18:00:00', '2024-12-29', 8, '17:00:00', 39),
(2199, '09:00:00', '2024-12-30', 8, '08:00:00', 39),
(2200, '10:00:00', '2024-12-30', 8, '09:00:00', 39),
(2201, '11:00:00', '2024-12-30', 8, '10:00:00', 39),
(2202, '12:00:00', '2024-12-30', 8, '11:00:00', 39),
(2203, '13:00:00', '2024-12-30', 8, '12:00:00', 39),
(2204, '14:00:00', '2024-12-30', 8, '13:00:00', 39),
(2205, '15:00:00', '2024-12-30', 8, '14:00:00', 39),
(2206, '16:00:00', '2024-12-30', 8, '15:00:00', 39),
(2207, '17:00:00', '2024-12-30', 8, '16:00:00', 39),
(2208, '18:00:00', '2024-12-30', 8, '17:00:00', 39),
(2209, '09:00:00', '2024-12-23', 8, '08:00:00', 38),
(2210, '10:00:00', '2024-12-23', 8, '09:00:00', 38),
(2211, '11:00:00', '2024-12-23', 8, '10:00:00', 38),
(2212, '12:00:00', '2024-12-23', 8, '11:00:00', 38),
(2213, '13:00:00', '2024-12-23', 8, '12:00:00', 38),
(2214, '14:00:00', '2024-12-23', 8, '13:00:00', 38),
(2215, '15:00:00', '2024-12-23', 8, '14:00:00', 38),
(2216, '16:00:00', '2024-12-23', 8, '15:00:00', 38),
(2217, '17:00:00', '2024-12-23', 8, '16:00:00', 38),
(2218, '18:00:00', '2024-12-23', 8, '17:00:00', 38),
(2219, '09:00:00', '2024-12-24', 8, '08:00:00', 38),
(2220, '10:00:00', '2024-12-24', 8, '09:00:00', 38),
(2221, '11:00:00', '2024-12-24', 8, '10:00:00', 38),
(2222, '12:00:00', '2024-12-24', 8, '11:00:00', 38),
(2223, '13:00:00', '2024-12-24', 8, '12:00:00', 38),
(2224, '14:00:00', '2024-12-24', 8, '13:00:00', 38),
(2225, '15:00:00', '2024-12-24', 8, '14:00:00', 38),
(2226, '16:00:00', '2024-12-24', 8, '15:00:00', 38),
(2227, '17:00:00', '2024-12-24', 8, '16:00:00', 38),
(2228, '18:00:00', '2024-12-24', 8, '17:00:00', 38),
(2229, '09:00:00', '2024-12-25', 8, '08:00:00', 38),
(2230, '10:00:00', '2024-12-25', 8, '09:00:00', 38),
(2231, '11:00:00', '2024-12-25', 8, '10:00:00', 38),
(2232, '12:00:00', '2024-12-25', 8, '11:00:00', 38),
(2233, '13:00:00', '2024-12-25', 8, '12:00:00', 38),
(2234, '14:00:00', '2024-12-25', 8, '13:00:00', 38),
(2235, '15:00:00', '2024-12-25', 8, '14:00:00', 38),
(2236, '16:00:00', '2024-12-25', 8, '15:00:00', 38),
(2237, '17:00:00', '2024-12-25', 8, '16:00:00', 38),
(2238, '18:00:00', '2024-12-25', 8, '17:00:00', 38),
(2239, '09:00:00', '2024-12-26', 8, '08:00:00', 38),
(2240, '10:00:00', '2024-12-26', 8, '09:00:00', 38),
(2241, '11:00:00', '2024-12-26', 8, '10:00:00', 38),
(2242, '12:00:00', '2024-12-26', 8, '11:00:00', 38),
(2243, '13:00:00', '2024-12-26', 8, '12:00:00', 38),
(2244, '14:00:00', '2024-12-26', 8, '13:00:00', 38),
(2245, '15:00:00', '2024-12-26', 8, '14:00:00', 38),
(2246, '16:00:00', '2024-12-26', 8, '15:00:00', 38),
(2247, '17:00:00', '2024-12-26', 8, '16:00:00', 38),
(2248, '18:00:00', '2024-12-26', 8, '17:00:00', 38),
(2249, '09:00:00', '2024-12-27', 8, '08:00:00', 38),
(2250, '10:00:00', '2024-12-27', 8, '09:00:00', 38),
(2251, '11:00:00', '2024-12-27', 8, '10:00:00', 38),
(2252, '12:00:00', '2024-12-27', 8, '11:00:00', 38),
(2253, '13:00:00', '2024-12-27', 8, '12:00:00', 38),
(2254, '14:00:00', '2024-12-27', 8, '13:00:00', 38),
(2255, '15:00:00', '2024-12-27', 8, '14:00:00', 38),
(2256, '16:00:00', '2024-12-27', 8, '15:00:00', 38),
(2257, '17:00:00', '2024-12-27', 8, '16:00:00', 38),
(2258, '18:00:00', '2024-12-27', 8, '17:00:00', 38),
(2259, '09:00:00', '2024-12-28', 8, '08:00:00', 38),
(2260, '10:00:00', '2024-12-28', 8, '09:00:00', 38),
(2261, '11:00:00', '2024-12-28', 8, '10:00:00', 38),
(2262, '12:00:00', '2024-12-28', 8, '11:00:00', 38),
(2263, '13:00:00', '2024-12-28', 8, '12:00:00', 38),
(2264, '14:00:00', '2024-12-28', 8, '13:00:00', 38),
(2265, '15:00:00', '2024-12-28', 8, '14:00:00', 38),
(2266, '16:00:00', '2024-12-28', 8, '15:00:00', 38),
(2267, '17:00:00', '2024-12-28', 8, '16:00:00', 38),
(2268, '18:00:00', '2024-12-28', 8, '17:00:00', 38),
(2269, '09:00:00', '2024-12-29', 8, '08:00:00', 38),
(2270, '10:00:00', '2024-12-29', 8, '09:00:00', 38),
(2271, '11:00:00', '2024-12-29', 8, '10:00:00', 38),
(2272, '12:00:00', '2024-12-29', 8, '11:00:00', 38),
(2273, '13:00:00', '2024-12-29', 8, '12:00:00', 38),
(2274, '14:00:00', '2024-12-29', 8, '13:00:00', 38),
(2275, '15:00:00', '2024-12-29', 8, '14:00:00', 38),
(2276, '16:00:00', '2024-12-29', 8, '15:00:00', 38),
(2277, '17:00:00', '2024-12-29', 8, '16:00:00', 38),
(2278, '18:00:00', '2024-12-29', 8, '17:00:00', 38),
(2279, '09:00:00', '2024-12-30', 8, '08:00:00', 38),
(2280, '10:00:00', '2024-12-30', 8, '09:00:00', 38),
(2281, '11:00:00', '2024-12-30', 8, '10:00:00', 38),
(2282, '12:00:00', '2024-12-30', 8, '11:00:00', 38),
(2283, '13:00:00', '2024-12-30', 8, '12:00:00', 38),
(2284, '14:00:00', '2024-12-30', 8, '13:00:00', 38),
(2285, '15:00:00', '2024-12-30', 8, '14:00:00', 38),
(2286, '16:00:00', '2024-12-30', 8, '15:00:00', 38),
(2287, '17:00:00', '2024-12-30', 8, '16:00:00', 38),
(2288, '18:00:00', '2024-12-30', 8, '17:00:00', 38),
(2289, '09:00:00', '2024-12-23', 8, '08:00:00', 37),
(2290, '10:00:00', '2024-12-23', 8, '09:00:00', 37),
(2291, '11:00:00', '2024-12-23', 8, '10:00:00', 37),
(2292, '12:00:00', '2024-12-23', 8, '11:00:00', 37),
(2293, '13:00:00', '2024-12-23', 8, '12:00:00', 37),
(2294, '14:00:00', '2024-12-23', 8, '13:00:00', 37),
(2295, '15:00:00', '2024-12-23', 8, '14:00:00', 37),
(2296, '16:00:00', '2024-12-23', 8, '15:00:00', 37),
(2297, '17:00:00', '2024-12-23', 8, '16:00:00', 37),
(2298, '18:00:00', '2024-12-23', 8, '17:00:00', 37),
(2299, '09:00:00', '2024-12-24', 8, '08:00:00', 37),
(2300, '10:00:00', '2024-12-24', 8, '09:00:00', 37),
(2301, '11:00:00', '2024-12-24', 8, '10:00:00', 37),
(2302, '12:00:00', '2024-12-24', 8, '11:00:00', 37),
(2303, '13:00:00', '2024-12-24', 8, '12:00:00', 37),
(2304, '14:00:00', '2024-12-24', 8, '13:00:00', 37),
(2305, '15:00:00', '2024-12-24', 8, '14:00:00', 37),
(2306, '16:00:00', '2024-12-24', 8, '15:00:00', 37),
(2307, '17:00:00', '2024-12-24', 8, '16:00:00', 37),
(2308, '18:00:00', '2024-12-24', 8, '17:00:00', 37),
(2309, '09:00:00', '2024-12-25', 8, '08:00:00', 37),
(2310, '10:00:00', '2024-12-25', 8, '09:00:00', 37),
(2311, '11:00:00', '2024-12-25', 8, '10:00:00', 37),
(2312, '12:00:00', '2024-12-25', 8, '11:00:00', 37),
(2313, '13:00:00', '2024-12-25', 8, '12:00:00', 37),
(2314, '14:00:00', '2024-12-25', 8, '13:00:00', 37),
(2315, '15:00:00', '2024-12-25', 8, '14:00:00', 37),
(2316, '16:00:00', '2024-12-25', 8, '15:00:00', 37),
(2317, '17:00:00', '2024-12-25', 8, '16:00:00', 37),
(2318, '18:00:00', '2024-12-25', 8, '17:00:00', 37),
(2319, '09:00:00', '2024-12-26', 8, '08:00:00', 37),
(2320, '10:00:00', '2024-12-26', 8, '09:00:00', 37),
(2321, '11:00:00', '2024-12-26', 8, '10:00:00', 37),
(2322, '12:00:00', '2024-12-26', 8, '11:00:00', 37),
(2323, '13:00:00', '2024-12-26', 8, '12:00:00', 37),
(2324, '14:00:00', '2024-12-26', 8, '13:00:00', 37),
(2325, '15:00:00', '2024-12-26', 8, '14:00:00', 37),
(2326, '16:00:00', '2024-12-26', 8, '15:00:00', 37),
(2327, '17:00:00', '2024-12-26', 8, '16:00:00', 37),
(2328, '18:00:00', '2024-12-26', 8, '17:00:00', 37),
(2329, '09:00:00', '2024-12-27', 8, '08:00:00', 37),
(2330, '10:00:00', '2024-12-27', 8, '09:00:00', 37),
(2331, '11:00:00', '2024-12-27', 8, '10:00:00', 37),
(2332, '12:00:00', '2024-12-27', 8, '11:00:00', 37),
(2333, '13:00:00', '2024-12-27', 8, '12:00:00', 37),
(2334, '14:00:00', '2024-12-27', 8, '13:00:00', 37),
(2335, '15:00:00', '2024-12-27', 8, '14:00:00', 37),
(2336, '16:00:00', '2024-12-27', 8, '15:00:00', 37),
(2337, '17:00:00', '2024-12-27', 8, '16:00:00', 37),
(2338, '18:00:00', '2024-12-27', 8, '17:00:00', 37),
(2339, '09:00:00', '2024-12-28', 8, '08:00:00', 37),
(2340, '10:00:00', '2024-12-28', 8, '09:00:00', 37),
(2341, '11:00:00', '2024-12-28', 8, '10:00:00', 37),
(2342, '12:00:00', '2024-12-28', 8, '11:00:00', 37),
(2343, '13:00:00', '2024-12-28', 8, '12:00:00', 37),
(2344, '14:00:00', '2024-12-28', 8, '13:00:00', 37),
(2345, '15:00:00', '2024-12-28', 8, '14:00:00', 37),
(2346, '16:00:00', '2024-12-28', 8, '15:00:00', 37),
(2347, '17:00:00', '2024-12-28', 8, '16:00:00', 37),
(2348, '18:00:00', '2024-12-28', 8, '17:00:00', 37),
(2349, '09:00:00', '2024-12-29', 8, '08:00:00', 37),
(2350, '10:00:00', '2024-12-29', 8, '09:00:00', 37),
(2351, '11:00:00', '2024-12-29', 8, '10:00:00', 37),
(2352, '12:00:00', '2024-12-29', 8, '11:00:00', 37),
(2353, '13:00:00', '2024-12-29', 8, '12:00:00', 37),
(2354, '14:00:00', '2024-12-29', 8, '13:00:00', 37),
(2355, '15:00:00', '2024-12-29', 8, '14:00:00', 37),
(2356, '16:00:00', '2024-12-29', 8, '15:00:00', 37),
(2357, '17:00:00', '2024-12-29', 8, '16:00:00', 37),
(2358, '18:00:00', '2024-12-29', 8, '17:00:00', 37),
(2359, '09:00:00', '2024-12-30', 8, '08:00:00', 37),
(2360, '10:00:00', '2024-12-30', 8, '09:00:00', 37),
(2361, '11:00:00', '2024-12-30', 8, '10:00:00', 37),
(2362, '12:00:00', '2024-12-30', 8, '11:00:00', 37),
(2363, '13:00:00', '2024-12-30', 8, '12:00:00', 37),
(2364, '14:00:00', '2024-12-30', 8, '13:00:00', 37),
(2365, '15:00:00', '2024-12-30', 8, '14:00:00', 37),
(2366, '16:00:00', '2024-12-30', 8, '15:00:00', 37),
(2367, '17:00:00', '2024-12-30', 8, '16:00:00', 37),
(2368, '18:00:00', '2024-12-30', 8, '17:00:00', 37),
(2369, '09:00:00', '2024-12-23', 8, '08:00:00', 36),
(2370, '10:00:00', '2024-12-23', 8, '09:00:00', 36),
(2371, '11:00:00', '2024-12-23', 8, '10:00:00', 36),
(2372, '12:00:00', '2024-12-23', 8, '11:00:00', 36),
(2373, '13:00:00', '2024-12-23', 8, '12:00:00', 36),
(2374, '14:00:00', '2024-12-23', 8, '13:00:00', 36),
(2375, '15:00:00', '2024-12-23', 8, '14:00:00', 36),
(2376, '16:00:00', '2024-12-23', 8, '15:00:00', 36),
(2377, '17:00:00', '2024-12-23', 8, '16:00:00', 36),
(2378, '18:00:00', '2024-12-23', 8, '17:00:00', 36),
(2379, '09:00:00', '2024-12-24', 8, '08:00:00', 36),
(2380, '10:00:00', '2024-12-24', 8, '09:00:00', 36),
(2381, '11:00:00', '2024-12-24', 8, '10:00:00', 36),
(2382, '12:00:00', '2024-12-24', 8, '11:00:00', 36),
(2383, '13:00:00', '2024-12-24', 8, '12:00:00', 36),
(2384, '14:00:00', '2024-12-24', 8, '13:00:00', 36),
(2385, '15:00:00', '2024-12-24', 8, '14:00:00', 36),
(2386, '16:00:00', '2024-12-24', 8, '15:00:00', 36),
(2387, '17:00:00', '2024-12-24', 8, '16:00:00', 36),
(2388, '18:00:00', '2024-12-24', 8, '17:00:00', 36),
(2389, '09:00:00', '2024-12-25', 8, '08:00:00', 36),
(2390, '10:00:00', '2024-12-25', 8, '09:00:00', 36),
(2391, '11:00:00', '2024-12-25', 8, '10:00:00', 36),
(2392, '12:00:00', '2024-12-25', 8, '11:00:00', 36),
(2393, '13:00:00', '2024-12-25', 8, '12:00:00', 36),
(2394, '14:00:00', '2024-12-25', 8, '13:00:00', 36),
(2395, '15:00:00', '2024-12-25', 8, '14:00:00', 36),
(2396, '16:00:00', '2024-12-25', 8, '15:00:00', 36),
(2397, '17:00:00', '2024-12-25', 8, '16:00:00', 36),
(2398, '18:00:00', '2024-12-25', 8, '17:00:00', 36),
(2399, '09:00:00', '2024-12-26', 8, '08:00:00', 36),
(2400, '10:00:00', '2024-12-26', 8, '09:00:00', 36),
(2401, '11:00:00', '2024-12-26', 8, '10:00:00', 36),
(2402, '12:00:00', '2024-12-26', 8, '11:00:00', 36),
(2403, '13:00:00', '2024-12-26', 8, '12:00:00', 36),
(2404, '14:00:00', '2024-12-26', 8, '13:00:00', 36),
(2405, '15:00:00', '2024-12-26', 8, '14:00:00', 36),
(2406, '16:00:00', '2024-12-26', 8, '15:00:00', 36),
(2407, '17:00:00', '2024-12-26', 8, '16:00:00', 36),
(2408, '18:00:00', '2024-12-26', 8, '17:00:00', 36),
(2409, '09:00:00', '2024-12-27', 8, '08:00:00', 36),
(2410, '10:00:00', '2024-12-27', 8, '09:00:00', 36),
(2411, '11:00:00', '2024-12-27', 8, '10:00:00', 36),
(2412, '12:00:00', '2024-12-27', 8, '11:00:00', 36),
(2413, '13:00:00', '2024-12-27', 8, '12:00:00', 36),
(2414, '14:00:00', '2024-12-27', 8, '13:00:00', 36),
(2415, '15:00:00', '2024-12-27', 8, '14:00:00', 36),
(2416, '16:00:00', '2024-12-27', 8, '15:00:00', 36),
(2417, '17:00:00', '2024-12-27', 8, '16:00:00', 36),
(2418, '18:00:00', '2024-12-27', 8, '17:00:00', 36),
(2419, '09:00:00', '2024-12-28', 8, '08:00:00', 36),
(2420, '10:00:00', '2024-12-28', 8, '09:00:00', 36),
(2421, '11:00:00', '2024-12-28', 8, '10:00:00', 36),
(2422, '12:00:00', '2024-12-28', 8, '11:00:00', 36),
(2423, '13:00:00', '2024-12-28', 8, '12:00:00', 36),
(2424, '14:00:00', '2024-12-28', 8, '13:00:00', 36),
(2425, '15:00:00', '2024-12-28', 8, '14:00:00', 36),
(2426, '16:00:00', '2024-12-28', 8, '15:00:00', 36),
(2427, '17:00:00', '2024-12-28', 8, '16:00:00', 36),
(2428, '18:00:00', '2024-12-28', 8, '17:00:00', 36),
(2429, '09:00:00', '2024-12-29', 8, '08:00:00', 36),
(2430, '10:00:00', '2024-12-29', 8, '09:00:00', 36),
(2431, '11:00:00', '2024-12-29', 8, '10:00:00', 36),
(2432, '12:00:00', '2024-12-29', 8, '11:00:00', 36),
(2433, '13:00:00', '2024-12-29', 8, '12:00:00', 36),
(2434, '14:00:00', '2024-12-29', 8, '13:00:00', 36),
(2435, '15:00:00', '2024-12-29', 8, '14:00:00', 36),
(2436, '16:00:00', '2024-12-29', 8, '15:00:00', 36),
(2437, '17:00:00', '2024-12-29', 8, '16:00:00', 36),
(2438, '18:00:00', '2024-12-29', 8, '17:00:00', 36),
(2439, '09:00:00', '2024-12-30', 8, '08:00:00', 36),
(2440, '10:00:00', '2024-12-30', 8, '09:00:00', 36),
(2441, '11:00:00', '2024-12-30', 8, '10:00:00', 36),
(2442, '12:00:00', '2024-12-30', 8, '11:00:00', 36),
(2443, '13:00:00', '2024-12-30', 8, '12:00:00', 36),
(2444, '14:00:00', '2024-12-30', 8, '13:00:00', 36),
(2445, '15:00:00', '2024-12-30', 8, '14:00:00', 36),
(2446, '16:00:00', '2024-12-30', 8, '15:00:00', 36),
(2447, '17:00:00', '2024-12-30', 8, '16:00:00', 36),
(2448, '18:00:00', '2024-12-30', 8, '17:00:00', 36),
(2449, '09:00:00', '2024-12-23', 8, '08:00:00', 34),
(2450, '10:00:00', '2024-12-23', 8, '09:00:00', 34),
(2451, '11:00:00', '2024-12-23', 8, '10:00:00', 34),
(2452, '12:00:00', '2024-12-23', 8, '11:00:00', 34),
(2453, '13:00:00', '2024-12-23', 8, '12:00:00', 34),
(2454, '14:00:00', '2024-12-23', 8, '13:00:00', 34),
(2455, '15:00:00', '2024-12-23', 8, '14:00:00', 34),
(2456, '16:00:00', '2024-12-23', 8, '15:00:00', 34),
(2457, '17:00:00', '2024-12-23', 8, '16:00:00', 34),
(2458, '18:00:00', '2024-12-23', 8, '17:00:00', 34),
(2459, '09:00:00', '2024-12-24', 8, '08:00:00', 34),
(2460, '10:00:00', '2024-12-24', 8, '09:00:00', 34),
(2461, '11:00:00', '2024-12-24', 8, '10:00:00', 34),
(2462, '12:00:00', '2024-12-24', 8, '11:00:00', 34),
(2463, '13:00:00', '2024-12-24', 8, '12:00:00', 34),
(2464, '14:00:00', '2024-12-24', 8, '13:00:00', 34),
(2465, '15:00:00', '2024-12-24', 8, '14:00:00', 34),
(2466, '16:00:00', '2024-12-24', 8, '15:00:00', 34),
(2467, '17:00:00', '2024-12-24', 8, '16:00:00', 34),
(2468, '18:00:00', '2024-12-24', 8, '17:00:00', 34),
(2469, '09:00:00', '2024-12-25', 8, '08:00:00', 34),
(2470, '10:00:00', '2024-12-25', 8, '09:00:00', 34),
(2471, '11:00:00', '2024-12-25', 8, '10:00:00', 34),
(2472, '12:00:00', '2024-12-25', 8, '11:00:00', 34),
(2473, '13:00:00', '2024-12-25', 8, '12:00:00', 34),
(2474, '14:00:00', '2024-12-25', 8, '13:00:00', 34),
(2475, '15:00:00', '2024-12-25', 8, '14:00:00', 34),
(2476, '16:00:00', '2024-12-25', 8, '15:00:00', 34),
(2477, '17:00:00', '2024-12-25', 8, '16:00:00', 34),
(2478, '18:00:00', '2024-12-25', 8, '17:00:00', 34),
(2479, '09:00:00', '2024-12-26', 8, '08:00:00', 34),
(2480, '10:00:00', '2024-12-26', 8, '09:00:00', 34),
(2481, '11:00:00', '2024-12-26', 8, '10:00:00', 34),
(2482, '12:00:00', '2024-12-26', 8, '11:00:00', 34),
(2483, '13:00:00', '2024-12-26', 8, '12:00:00', 34),
(2484, '14:00:00', '2024-12-26', 8, '13:00:00', 34),
(2485, '15:00:00', '2024-12-26', 8, '14:00:00', 34),
(2486, '16:00:00', '2024-12-26', 8, '15:00:00', 34),
(2487, '17:00:00', '2024-12-26', 8, '16:00:00', 34),
(2488, '18:00:00', '2024-12-26', 8, '17:00:00', 34),
(2489, '09:00:00', '2024-12-27', 8, '08:00:00', 34),
(2490, '10:00:00', '2024-12-27', 8, '09:00:00', 34),
(2491, '11:00:00', '2024-12-27', 8, '10:00:00', 34),
(2492, '12:00:00', '2024-12-27', 8, '11:00:00', 34),
(2493, '13:00:00', '2024-12-27', 8, '12:00:00', 34),
(2494, '14:00:00', '2024-12-27', 8, '13:00:00', 34),
(2495, '15:00:00', '2024-12-27', 8, '14:00:00', 34),
(2496, '16:00:00', '2024-12-27', 8, '15:00:00', 34),
(2497, '17:00:00', '2024-12-27', 8, '16:00:00', 34),
(2498, '18:00:00', '2024-12-27', 8, '17:00:00', 34),
(2499, '09:00:00', '2024-12-28', 8, '08:00:00', 34),
(2500, '10:00:00', '2024-12-28', 8, '09:00:00', 34),
(2501, '11:00:00', '2024-12-28', 8, '10:00:00', 34),
(2502, '12:00:00', '2024-12-28', 8, '11:00:00', 34),
(2503, '13:00:00', '2024-12-28', 8, '12:00:00', 34),
(2504, '14:00:00', '2024-12-28', 8, '13:00:00', 34),
(2505, '15:00:00', '2024-12-28', 8, '14:00:00', 34),
(2506, '16:00:00', '2024-12-28', 8, '15:00:00', 34),
(2507, '17:00:00', '2024-12-28', 8, '16:00:00', 34),
(2508, '18:00:00', '2024-12-28', 8, '17:00:00', 34),
(2509, '09:00:00', '2024-12-29', 8, '08:00:00', 34),
(2510, '10:00:00', '2024-12-29', 8, '09:00:00', 34),
(2511, '11:00:00', '2024-12-29', 8, '10:00:00', 34),
(2512, '12:00:00', '2024-12-29', 8, '11:00:00', 34),
(2513, '13:00:00', '2024-12-29', 8, '12:00:00', 34),
(2514, '14:00:00', '2024-12-29', 8, '13:00:00', 34),
(2515, '15:00:00', '2024-12-29', 8, '14:00:00', 34),
(2516, '16:00:00', '2024-12-29', 8, '15:00:00', 34),
(2517, '17:00:00', '2024-12-29', 8, '16:00:00', 34),
(2518, '18:00:00', '2024-12-29', 8, '17:00:00', 34),
(2519, '09:00:00', '2024-12-30', 8, '08:00:00', 34),
(2520, '10:00:00', '2024-12-30', 8, '09:00:00', 34),
(2521, '11:00:00', '2024-12-30', 8, '10:00:00', 34),
(2522, '12:00:00', '2024-12-30', 8, '11:00:00', 34),
(2523, '13:00:00', '2024-12-30', 8, '12:00:00', 34),
(2524, '14:00:00', '2024-12-30', 8, '13:00:00', 34),
(2525, '15:00:00', '2024-12-30', 8, '14:00:00', 34),
(2526, '16:00:00', '2024-12-30', 8, '15:00:00', 34),
(2527, '17:00:00', '2024-12-30', 8, '16:00:00', 34),
(2528, '18:00:00', '2024-12-30', 8, '17:00:00', 34),
(2529, '09:00:00', '2024-12-23', 8, '08:00:00', 33),
(2530, '10:00:00', '2024-12-23', 8, '09:00:00', 33),
(2531, '11:00:00', '2024-12-23', 8, '10:00:00', 33),
(2532, '12:00:00', '2024-12-23', 8, '11:00:00', 33),
(2533, '13:00:00', '2024-12-23', 8, '12:00:00', 33),
(2534, '14:00:00', '2024-12-23', 8, '13:00:00', 33),
(2535, '15:00:00', '2024-12-23', 8, '14:00:00', 33),
(2536, '16:00:00', '2024-12-23', 8, '15:00:00', 33),
(2537, '17:00:00', '2024-12-23', 8, '16:00:00', 33),
(2538, '18:00:00', '2024-12-23', 8, '17:00:00', 33),
(2539, '09:00:00', '2024-12-24', 8, '08:00:00', 33),
(2540, '10:00:00', '2024-12-24', 8, '09:00:00', 33),
(2541, '11:00:00', '2024-12-24', 8, '10:00:00', 33),
(2542, '12:00:00', '2024-12-24', 8, '11:00:00', 33),
(2543, '13:00:00', '2024-12-24', 8, '12:00:00', 33),
(2544, '14:00:00', '2024-12-24', 8, '13:00:00', 33),
(2545, '15:00:00', '2024-12-24', 8, '14:00:00', 33),
(2546, '16:00:00', '2024-12-24', 8, '15:00:00', 33),
(2547, '17:00:00', '2024-12-24', 8, '16:00:00', 33),
(2548, '18:00:00', '2024-12-24', 8, '17:00:00', 33),
(2549, '09:00:00', '2024-12-25', 8, '08:00:00', 33),
(2550, '10:00:00', '2024-12-25', 8, '09:00:00', 33),
(2551, '11:00:00', '2024-12-25', 8, '10:00:00', 33),
(2552, '12:00:00', '2024-12-25', 8, '11:00:00', 33),
(2553, '13:00:00', '2024-12-25', 8, '12:00:00', 33),
(2554, '14:00:00', '2024-12-25', 8, '13:00:00', 33),
(2555, '15:00:00', '2024-12-25', 8, '14:00:00', 33),
(2556, '16:00:00', '2024-12-25', 8, '15:00:00', 33),
(2557, '17:00:00', '2024-12-25', 8, '16:00:00', 33),
(2558, '18:00:00', '2024-12-25', 8, '17:00:00', 33),
(2559, '09:00:00', '2024-12-26', 8, '08:00:00', 33),
(2560, '10:00:00', '2024-12-26', 8, '09:00:00', 33),
(2561, '11:00:00', '2024-12-26', 8, '10:00:00', 33),
(2562, '12:00:00', '2024-12-26', 8, '11:00:00', 33),
(2563, '13:00:00', '2024-12-26', 8, '12:00:00', 33),
(2564, '14:00:00', '2024-12-26', 8, '13:00:00', 33),
(2565, '15:00:00', '2024-12-26', 8, '14:00:00', 33),
(2566, '16:00:00', '2024-12-26', 8, '15:00:00', 33),
(2567, '17:00:00', '2024-12-26', 8, '16:00:00', 33),
(2568, '18:00:00', '2024-12-26', 8, '17:00:00', 33),
(2569, '09:00:00', '2024-12-27', 8, '08:00:00', 33),
(2570, '10:00:00', '2024-12-27', 8, '09:00:00', 33),
(2571, '11:00:00', '2024-12-27', 8, '10:00:00', 33),
(2572, '12:00:00', '2024-12-27', 8, '11:00:00', 33),
(2573, '13:00:00', '2024-12-27', 8, '12:00:00', 33),
(2574, '14:00:00', '2024-12-27', 8, '13:00:00', 33),
(2575, '15:00:00', '2024-12-27', 8, '14:00:00', 33),
(2576, '16:00:00', '2024-12-27', 8, '15:00:00', 33),
(2577, '17:00:00', '2024-12-27', 8, '16:00:00', 33),
(2578, '18:00:00', '2024-12-27', 8, '17:00:00', 33),
(2579, '09:00:00', '2024-12-28', 8, '08:00:00', 33),
(2580, '10:00:00', '2024-12-28', 8, '09:00:00', 33),
(2581, '11:00:00', '2024-12-28', 8, '10:00:00', 33),
(2582, '12:00:00', '2024-12-28', 8, '11:00:00', 33),
(2583, '13:00:00', '2024-12-28', 8, '12:00:00', 33),
(2584, '14:00:00', '2024-12-28', 8, '13:00:00', 33),
(2585, '15:00:00', '2024-12-28', 8, '14:00:00', 33),
(2586, '16:00:00', '2024-12-28', 8, '15:00:00', 33),
(2587, '17:00:00', '2024-12-28', 8, '16:00:00', 33),
(2588, '18:00:00', '2024-12-28', 8, '17:00:00', 33),
(2589, '09:00:00', '2024-12-29', 8, '08:00:00', 33),
(2590, '10:00:00', '2024-12-29', 8, '09:00:00', 33),
(2591, '11:00:00', '2024-12-29', 8, '10:00:00', 33),
(2592, '12:00:00', '2024-12-29', 8, '11:00:00', 33),
(2593, '13:00:00', '2024-12-29', 8, '12:00:00', 33),
(2594, '14:00:00', '2024-12-29', 8, '13:00:00', 33),
(2595, '15:00:00', '2024-12-29', 8, '14:00:00', 33),
(2596, '16:00:00', '2024-12-29', 8, '15:00:00', 33),
(2597, '17:00:00', '2024-12-29', 8, '16:00:00', 33),
(2598, '18:00:00', '2024-12-29', 8, '17:00:00', 33),
(2599, '09:00:00', '2024-12-30', 8, '08:00:00', 33),
(2600, '10:00:00', '2024-12-30', 8, '09:00:00', 33),
(2601, '11:00:00', '2024-12-30', 8, '10:00:00', 33),
(2602, '12:00:00', '2024-12-30', 8, '11:00:00', 33),
(2603, '13:00:00', '2024-12-30', 8, '12:00:00', 33),
(2604, '14:00:00', '2024-12-30', 8, '13:00:00', 33),
(2605, '15:00:00', '2024-12-30', 8, '14:00:00', 33),
(2606, '16:00:00', '2024-12-30', 8, '15:00:00', 33),
(2607, '17:00:00', '2024-12-30', 8, '16:00:00', 33),
(2608, '18:00:00', '2024-12-30', 8, '17:00:00', 33),
(2609, '09:00:00', '2024-12-23', 8, '08:00:00', 32),
(2610, '10:00:00', '2024-12-23', 8, '09:00:00', 32),
(2611, '11:00:00', '2024-12-23', 8, '10:00:00', 32),
(2612, '12:00:00', '2024-12-23', 8, '11:00:00', 32),
(2613, '13:00:00', '2024-12-23', 8, '12:00:00', 32),
(2614, '14:00:00', '2024-12-23', 8, '13:00:00', 32),
(2615, '15:00:00', '2024-12-23', 8, '14:00:00', 32),
(2616, '16:00:00', '2024-12-23', 8, '15:00:00', 32),
(2617, '17:00:00', '2024-12-23', 8, '16:00:00', 32),
(2618, '18:00:00', '2024-12-23', 8, '17:00:00', 32),
(2619, '09:00:00', '2024-12-24', 8, '08:00:00', 32),
(2620, '10:00:00', '2024-12-24', 8, '09:00:00', 32),
(2621, '11:00:00', '2024-12-24', 8, '10:00:00', 32),
(2622, '12:00:00', '2024-12-24', 8, '11:00:00', 32),
(2623, '13:00:00', '2024-12-24', 8, '12:00:00', 32),
(2624, '14:00:00', '2024-12-24', 8, '13:00:00', 32),
(2625, '15:00:00', '2024-12-24', 8, '14:00:00', 32),
(2626, '16:00:00', '2024-12-24', 8, '15:00:00', 32),
(2627, '17:00:00', '2024-12-24', 8, '16:00:00', 32),
(2628, '18:00:00', '2024-12-24', 8, '17:00:00', 32),
(2629, '09:00:00', '2024-12-25', 8, '08:00:00', 32),
(2630, '10:00:00', '2024-12-25', 8, '09:00:00', 32),
(2631, '11:00:00', '2024-12-25', 8, '10:00:00', 32),
(2632, '12:00:00', '2024-12-25', 8, '11:00:00', 32),
(2633, '13:00:00', '2024-12-25', 8, '12:00:00', 32),
(2634, '14:00:00', '2024-12-25', 8, '13:00:00', 32),
(2635, '15:00:00', '2024-12-25', 8, '14:00:00', 32),
(2636, '16:00:00', '2024-12-25', 8, '15:00:00', 32),
(2637, '17:00:00', '2024-12-25', 8, '16:00:00', 32),
(2638, '18:00:00', '2024-12-25', 8, '17:00:00', 32),
(2639, '09:00:00', '2024-12-26', 8, '08:00:00', 32),
(2640, '10:00:00', '2024-12-26', 8, '09:00:00', 32),
(2641, '11:00:00', '2024-12-26', 8, '10:00:00', 32),
(2642, '12:00:00', '2024-12-26', 8, '11:00:00', 32),
(2643, '13:00:00', '2024-12-26', 8, '12:00:00', 32),
(2644, '14:00:00', '2024-12-26', 8, '13:00:00', 32),
(2645, '15:00:00', '2024-12-26', 8, '14:00:00', 32),
(2646, '16:00:00', '2024-12-26', 8, '15:00:00', 32),
(2647, '17:00:00', '2024-12-26', 8, '16:00:00', 32),
(2648, '18:00:00', '2024-12-26', 8, '17:00:00', 32),
(2649, '09:00:00', '2024-12-27', 8, '08:00:00', 32),
(2650, '10:00:00', '2024-12-27', 8, '09:00:00', 32),
(2651, '11:00:00', '2024-12-27', 8, '10:00:00', 32),
(2652, '12:00:00', '2024-12-27', 8, '11:00:00', 32),
(2653, '13:00:00', '2024-12-27', 8, '12:00:00', 32),
(2654, '14:00:00', '2024-12-27', 8, '13:00:00', 32),
(2655, '15:00:00', '2024-12-27', 8, '14:00:00', 32),
(2656, '16:00:00', '2024-12-27', 8, '15:00:00', 32),
(2657, '17:00:00', '2024-12-27', 8, '16:00:00', 32),
(2658, '18:00:00', '2024-12-27', 8, '17:00:00', 32),
(2659, '09:00:00', '2024-12-28', 8, '08:00:00', 32),
(2660, '10:00:00', '2024-12-28', 8, '09:00:00', 32),
(2661, '11:00:00', '2024-12-28', 8, '10:00:00', 32),
(2662, '12:00:00', '2024-12-28', 8, '11:00:00', 32),
(2663, '13:00:00', '2024-12-28', 8, '12:00:00', 32),
(2664, '14:00:00', '2024-12-28', 8, '13:00:00', 32),
(2665, '15:00:00', '2024-12-28', 8, '14:00:00', 32),
(2666, '16:00:00', '2024-12-28', 8, '15:00:00', 32),
(2667, '17:00:00', '2024-12-28', 8, '16:00:00', 32),
(2668, '18:00:00', '2024-12-28', 8, '17:00:00', 32),
(2669, '09:00:00', '2024-12-29', 8, '08:00:00', 32),
(2670, '10:00:00', '2024-12-29', 8, '09:00:00', 32),
(2671, '11:00:00', '2024-12-29', 8, '10:00:00', 32),
(2672, '12:00:00', '2024-12-29', 8, '11:00:00', 32),
(2673, '13:00:00', '2024-12-29', 8, '12:00:00', 32),
(2674, '14:00:00', '2024-12-29', 8, '13:00:00', 32),
(2675, '15:00:00', '2024-12-29', 8, '14:00:00', 32),
(2676, '16:00:00', '2024-12-29', 8, '15:00:00', 32),
(2677, '17:00:00', '2024-12-29', 8, '16:00:00', 32),
(2678, '18:00:00', '2024-12-29', 8, '17:00:00', 32),
(2679, '09:00:00', '2024-12-30', 8, '08:00:00', 32),
(2680, '10:00:00', '2024-12-30', 8, '09:00:00', 32),
(2681, '11:00:00', '2024-12-30', 8, '10:00:00', 32),
(2682, '12:00:00', '2024-12-30', 8, '11:00:00', 32),
(2683, '13:00:00', '2024-12-30', 8, '12:00:00', 32),
(2684, '14:00:00', '2024-12-30', 8, '13:00:00', 32),
(2685, '15:00:00', '2024-12-30', 8, '14:00:00', 32),
(2686, '16:00:00', '2024-12-30', 8, '15:00:00', 32),
(2687, '17:00:00', '2024-12-30', 8, '16:00:00', 32),
(2688, '18:00:00', '2024-12-30', 8, '17:00:00', 32),
(2689, '09:00:00', '2024-12-23', 8, '08:00:00', 31),
(2690, '10:00:00', '2024-12-23', 8, '09:00:00', 31),
(2691, '11:00:00', '2024-12-23', 8, '10:00:00', 31),
(2692, '12:00:00', '2024-12-23', 8, '11:00:00', 31),
(2693, '13:00:00', '2024-12-23', 8, '12:00:00', 31),
(2694, '14:00:00', '2024-12-23', 8, '13:00:00', 31),
(2695, '15:00:00', '2024-12-23', 8, '14:00:00', 31),
(2696, '16:00:00', '2024-12-23', 8, '15:00:00', 31),
(2697, '17:00:00', '2024-12-23', 8, '16:00:00', 31),
(2698, '18:00:00', '2024-12-23', 8, '17:00:00', 31),
(2699, '09:00:00', '2024-12-24', 8, '08:00:00', 31),
(2700, '10:00:00', '2024-12-24', 8, '09:00:00', 31),
(2701, '11:00:00', '2024-12-24', 8, '10:00:00', 31),
(2702, '12:00:00', '2024-12-24', 8, '11:00:00', 31),
(2703, '13:00:00', '2024-12-24', 8, '12:00:00', 31),
(2704, '14:00:00', '2024-12-24', 8, '13:00:00', 31),
(2705, '15:00:00', '2024-12-24', 8, '14:00:00', 31),
(2706, '16:00:00', '2024-12-24', 8, '15:00:00', 31),
(2707, '17:00:00', '2024-12-24', 8, '16:00:00', 31),
(2708, '18:00:00', '2024-12-24', 8, '17:00:00', 31),
(2709, '09:00:00', '2024-12-25', 8, '08:00:00', 31),
(2710, '10:00:00', '2024-12-25', 8, '09:00:00', 31),
(2711, '11:00:00', '2024-12-25', 8, '10:00:00', 31),
(2712, '12:00:00', '2024-12-25', 8, '11:00:00', 31),
(2713, '13:00:00', '2024-12-25', 8, '12:00:00', 31),
(2714, '14:00:00', '2024-12-25', 8, '13:00:00', 31),
(2715, '15:00:00', '2024-12-25', 8, '14:00:00', 31),
(2716, '16:00:00', '2024-12-25', 8, '15:00:00', 31),
(2717, '17:00:00', '2024-12-25', 8, '16:00:00', 31),
(2718, '18:00:00', '2024-12-25', 8, '17:00:00', 31),
(2719, '09:00:00', '2024-12-26', 8, '08:00:00', 31),
(2720, '10:00:00', '2024-12-26', 8, '09:00:00', 31),
(2721, '11:00:00', '2024-12-26', 8, '10:00:00', 31),
(2722, '12:00:00', '2024-12-26', 8, '11:00:00', 31),
(2723, '13:00:00', '2024-12-26', 8, '12:00:00', 31),
(2724, '14:00:00', '2024-12-26', 8, '13:00:00', 31),
(2725, '15:00:00', '2024-12-26', 8, '14:00:00', 31),
(2726, '16:00:00', '2024-12-26', 8, '15:00:00', 31),
(2727, '17:00:00', '2024-12-26', 8, '16:00:00', 31),
(2728, '18:00:00', '2024-12-26', 8, '17:00:00', 31),
(2729, '09:00:00', '2024-12-27', 8, '08:00:00', 31),
(2730, '10:00:00', '2024-12-27', 8, '09:00:00', 31),
(2731, '11:00:00', '2024-12-27', 8, '10:00:00', 31),
(2732, '12:00:00', '2024-12-27', 8, '11:00:00', 31),
(2733, '13:00:00', '2024-12-27', 8, '12:00:00', 31),
(2734, '14:00:00', '2024-12-27', 8, '13:00:00', 31),
(2735, '15:00:00', '2024-12-27', 8, '14:00:00', 31),
(2736, '16:00:00', '2024-12-27', 8, '15:00:00', 31),
(2737, '17:00:00', '2024-12-27', 8, '16:00:00', 31),
(2738, '18:00:00', '2024-12-27', 8, '17:00:00', 31),
(2739, '09:00:00', '2024-12-28', 8, '08:00:00', 31),
(2740, '10:00:00', '2024-12-28', 8, '09:00:00', 31),
(2741, '11:00:00', '2024-12-28', 8, '10:00:00', 31),
(2742, '12:00:00', '2024-12-28', 8, '11:00:00', 31),
(2743, '13:00:00', '2024-12-28', 8, '12:00:00', 31),
(2744, '14:00:00', '2024-12-28', 8, '13:00:00', 31),
(2745, '15:00:00', '2024-12-28', 8, '14:00:00', 31),
(2746, '16:00:00', '2024-12-28', 8, '15:00:00', 31),
(2747, '17:00:00', '2024-12-28', 8, '16:00:00', 31),
(2748, '18:00:00', '2024-12-28', 8, '17:00:00', 31),
(2749, '09:00:00', '2024-12-29', 8, '08:00:00', 31),
(2750, '10:00:00', '2024-12-29', 8, '09:00:00', 31),
(2751, '11:00:00', '2024-12-29', 8, '10:00:00', 31),
(2752, '12:00:00', '2024-12-29', 8, '11:00:00', 31),
(2753, '13:00:00', '2024-12-29', 8, '12:00:00', 31),
(2754, '14:00:00', '2024-12-29', 8, '13:00:00', 31),
(2755, '15:00:00', '2024-12-29', 8, '14:00:00', 31),
(2756, '16:00:00', '2024-12-29', 8, '15:00:00', 31),
(2757, '17:00:00', '2024-12-29', 8, '16:00:00', 31),
(2758, '18:00:00', '2024-12-29', 8, '17:00:00', 31),
(2759, '09:00:00', '2024-12-30', 8, '08:00:00', 31),
(2760, '10:00:00', '2024-12-30', 8, '09:00:00', 31),
(2761, '11:00:00', '2024-12-30', 8, '10:00:00', 31),
(2762, '12:00:00', '2024-12-30', 8, '11:00:00', 31),
(2763, '13:00:00', '2024-12-30', 8, '12:00:00', 31),
(2764, '14:00:00', '2024-12-30', 8, '13:00:00', 31),
(2765, '15:00:00', '2024-12-30', 8, '14:00:00', 31),
(2766, '16:00:00', '2024-12-30', 8, '15:00:00', 31),
(2767, '17:00:00', '2024-12-30', 8, '16:00:00', 31),
(2768, '18:00:00', '2024-12-30', 8, '17:00:00', 31),
(2769, '09:00:00', '2024-12-23', 8, '08:00:00', 30),
(2770, '10:00:00', '2024-12-23', 8, '09:00:00', 30),
(2771, '11:00:00', '2024-12-23', 8, '10:00:00', 30),
(2772, '12:00:00', '2024-12-23', 8, '11:00:00', 30),
(2773, '13:00:00', '2024-12-23', 8, '12:00:00', 30),
(2774, '14:00:00', '2024-12-23', 8, '13:00:00', 30),
(2775, '15:00:00', '2024-12-23', 8, '14:00:00', 30),
(2776, '16:00:00', '2024-12-23', 8, '15:00:00', 30),
(2777, '17:00:00', '2024-12-23', 8, '16:00:00', 30),
(2778, '18:00:00', '2024-12-23', 8, '17:00:00', 30),
(2779, '09:00:00', '2024-12-24', 8, '08:00:00', 30),
(2780, '10:00:00', '2024-12-24', 8, '09:00:00', 30),
(2781, '11:00:00', '2024-12-24', 8, '10:00:00', 30),
(2782, '12:00:00', '2024-12-24', 8, '11:00:00', 30),
(2783, '13:00:00', '2024-12-24', 8, '12:00:00', 30),
(2784, '14:00:00', '2024-12-24', 8, '13:00:00', 30),
(2785, '15:00:00', '2024-12-24', 8, '14:00:00', 30),
(2786, '16:00:00', '2024-12-24', 8, '15:00:00', 30),
(2787, '17:00:00', '2024-12-24', 8, '16:00:00', 30),
(2788, '18:00:00', '2024-12-24', 8, '17:00:00', 30),
(2789, '09:00:00', '2024-12-25', 8, '08:00:00', 30),
(2790, '10:00:00', '2024-12-25', 8, '09:00:00', 30),
(2791, '11:00:00', '2024-12-25', 8, '10:00:00', 30),
(2792, '12:00:00', '2024-12-25', 8, '11:00:00', 30),
(2793, '13:00:00', '2024-12-25', 8, '12:00:00', 30),
(2794, '14:00:00', '2024-12-25', 8, '13:00:00', 30),
(2795, '15:00:00', '2024-12-25', 8, '14:00:00', 30),
(2796, '16:00:00', '2024-12-25', 8, '15:00:00', 30),
(2797, '17:00:00', '2024-12-25', 8, '16:00:00', 30),
(2798, '18:00:00', '2024-12-25', 8, '17:00:00', 30),
(2799, '09:00:00', '2024-12-26', 8, '08:00:00', 30),
(2800, '10:00:00', '2024-12-26', 8, '09:00:00', 30),
(2801, '11:00:00', '2024-12-26', 8, '10:00:00', 30),
(2802, '12:00:00', '2024-12-26', 8, '11:00:00', 30),
(2803, '13:00:00', '2024-12-26', 8, '12:00:00', 30),
(2804, '14:00:00', '2024-12-26', 8, '13:00:00', 30),
(2805, '15:00:00', '2024-12-26', 8, '14:00:00', 30),
(2806, '16:00:00', '2024-12-26', 8, '15:00:00', 30),
(2807, '17:00:00', '2024-12-26', 8, '16:00:00', 30),
(2808, '18:00:00', '2024-12-26', 8, '17:00:00', 30),
(2809, '09:00:00', '2024-12-27', 8, '08:00:00', 30),
(2810, '10:00:00', '2024-12-27', 8, '09:00:00', 30),
(2811, '11:00:00', '2024-12-27', 8, '10:00:00', 30),
(2812, '12:00:00', '2024-12-27', 8, '11:00:00', 30),
(2813, '13:00:00', '2024-12-27', 8, '12:00:00', 30),
(2814, '14:00:00', '2024-12-27', 8, '13:00:00', 30),
(2815, '15:00:00', '2024-12-27', 8, '14:00:00', 30),
(2816, '16:00:00', '2024-12-27', 8, '15:00:00', 30),
(2817, '17:00:00', '2024-12-27', 8, '16:00:00', 30),
(2818, '18:00:00', '2024-12-27', 8, '17:00:00', 30),
(2819, '09:00:00', '2024-12-28', 8, '08:00:00', 30),
(2820, '10:00:00', '2024-12-28', 8, '09:00:00', 30),
(2821, '11:00:00', '2024-12-28', 8, '10:00:00', 30),
(2822, '12:00:00', '2024-12-28', 8, '11:00:00', 30),
(2823, '13:00:00', '2024-12-28', 8, '12:00:00', 30),
(2824, '14:00:00', '2024-12-28', 8, '13:00:00', 30),
(2825, '15:00:00', '2024-12-28', 8, '14:00:00', 30),
(2826, '16:00:00', '2024-12-28', 8, '15:00:00', 30),
(2827, '17:00:00', '2024-12-28', 8, '16:00:00', 30),
(2828, '18:00:00', '2024-12-28', 8, '17:00:00', 30),
(2829, '09:00:00', '2024-12-29', 8, '08:00:00', 30),
(2830, '10:00:00', '2024-12-29', 8, '09:00:00', 30),
(2831, '11:00:00', '2024-12-29', 8, '10:00:00', 30),
(2832, '12:00:00', '2024-12-29', 8, '11:00:00', 30),
(2833, '13:00:00', '2024-12-29', 8, '12:00:00', 30),
(2834, '14:00:00', '2024-12-29', 8, '13:00:00', 30),
(2835, '15:00:00', '2024-12-29', 8, '14:00:00', 30),
(2836, '16:00:00', '2024-12-29', 8, '15:00:00', 30),
(2837, '17:00:00', '2024-12-29', 8, '16:00:00', 30),
(2838, '18:00:00', '2024-12-29', 8, '17:00:00', 30),
(2839, '09:00:00', '2024-12-30', 8, '08:00:00', 30),
(2840, '10:00:00', '2024-12-30', 8, '09:00:00', 30),
(2841, '11:00:00', '2024-12-30', 8, '10:00:00', 30),
(2842, '12:00:00', '2024-12-30', 8, '11:00:00', 30),
(2843, '13:00:00', '2024-12-30', 8, '12:00:00', 30),
(2844, '14:00:00', '2024-12-30', 8, '13:00:00', 30),
(2845, '15:00:00', '2024-12-30', 8, '14:00:00', 30),
(2846, '16:00:00', '2024-12-30', 8, '15:00:00', 30),
(2847, '17:00:00', '2024-12-30', 8, '16:00:00', 30),
(2848, '18:00:00', '2024-12-30', 8, '17:00:00', 30),
(2849, '09:00:00', '2024-12-23', 8, '08:00:00', 29),
(2850, '10:00:00', '2024-12-23', 8, '09:00:00', 29),
(2851, '11:00:00', '2024-12-23', 8, '10:00:00', 29),
(2852, '12:00:00', '2024-12-23', 8, '11:00:00', 29),
(2853, '13:00:00', '2024-12-23', 8, '12:00:00', 29),
(2854, '14:00:00', '2024-12-23', 8, '13:00:00', 29),
(2855, '15:00:00', '2024-12-23', 8, '14:00:00', 29),
(2856, '16:00:00', '2024-12-23', 8, '15:00:00', 29),
(2857, '17:00:00', '2024-12-23', 8, '16:00:00', 29),
(2858, '18:00:00', '2024-12-23', 8, '17:00:00', 29),
(2859, '09:00:00', '2024-12-24', 8, '08:00:00', 29),
(2860, '10:00:00', '2024-12-24', 8, '09:00:00', 29),
(2861, '11:00:00', '2024-12-24', 8, '10:00:00', 29),
(2862, '12:00:00', '2024-12-24', 8, '11:00:00', 29),
(2863, '13:00:00', '2024-12-24', 8, '12:00:00', 29),
(2864, '14:00:00', '2024-12-24', 8, '13:00:00', 29),
(2865, '15:00:00', '2024-12-24', 8, '14:00:00', 29),
(2866, '16:00:00', '2024-12-24', 8, '15:00:00', 29),
(2867, '17:00:00', '2024-12-24', 8, '16:00:00', 29),
(2868, '18:00:00', '2024-12-24', 8, '17:00:00', 29),
(2869, '09:00:00', '2024-12-25', 8, '08:00:00', 29),
(2870, '10:00:00', '2024-12-25', 8, '09:00:00', 29),
(2871, '11:00:00', '2024-12-25', 8, '10:00:00', 29),
(2872, '12:00:00', '2024-12-25', 8, '11:00:00', 29),
(2873, '13:00:00', '2024-12-25', 8, '12:00:00', 29),
(2874, '14:00:00', '2024-12-25', 8, '13:00:00', 29),
(2875, '15:00:00', '2024-12-25', 8, '14:00:00', 29),
(2876, '16:00:00', '2024-12-25', 8, '15:00:00', 29),
(2877, '17:00:00', '2024-12-25', 8, '16:00:00', 29),
(2878, '18:00:00', '2024-12-25', 8, '17:00:00', 29),
(2879, '09:00:00', '2024-12-26', 8, '08:00:00', 29),
(2880, '10:00:00', '2024-12-26', 8, '09:00:00', 29),
(2881, '11:00:00', '2024-12-26', 8, '10:00:00', 29),
(2882, '12:00:00', '2024-12-26', 8, '11:00:00', 29),
(2883, '13:00:00', '2024-12-26', 8, '12:00:00', 29),
(2884, '14:00:00', '2024-12-26', 8, '13:00:00', 29),
(2885, '15:00:00', '2024-12-26', 8, '14:00:00', 29),
(2886, '16:00:00', '2024-12-26', 8, '15:00:00', 29),
(2887, '17:00:00', '2024-12-26', 8, '16:00:00', 29),
(2888, '18:00:00', '2024-12-26', 8, '17:00:00', 29),
(2889, '09:00:00', '2024-12-27', 8, '08:00:00', 29),
(2890, '10:00:00', '2024-12-27', 8, '09:00:00', 29),
(2891, '11:00:00', '2024-12-27', 8, '10:00:00', 29),
(2892, '12:00:00', '2024-12-27', 8, '11:00:00', 29),
(2893, '13:00:00', '2024-12-27', 8, '12:00:00', 29),
(2894, '14:00:00', '2024-12-27', 8, '13:00:00', 29),
(2895, '15:00:00', '2024-12-27', 8, '14:00:00', 29),
(2896, '16:00:00', '2024-12-27', 8, '15:00:00', 29),
(2897, '17:00:00', '2024-12-27', 8, '16:00:00', 29),
(2898, '18:00:00', '2024-12-27', 8, '17:00:00', 29),
(2899, '09:00:00', '2024-12-28', 8, '08:00:00', 29),
(2900, '10:00:00', '2024-12-28', 8, '09:00:00', 29),
(2901, '11:00:00', '2024-12-28', 8, '10:00:00', 29),
(2902, '12:00:00', '2024-12-28', 8, '11:00:00', 29),
(2903, '13:00:00', '2024-12-28', 8, '12:00:00', 29),
(2904, '14:00:00', '2024-12-28', 8, '13:00:00', 29),
(2905, '15:00:00', '2024-12-28', 8, '14:00:00', 29),
(2906, '16:00:00', '2024-12-28', 8, '15:00:00', 29),
(2907, '17:00:00', '2024-12-28', 8, '16:00:00', 29),
(2908, '18:00:00', '2024-12-28', 8, '17:00:00', 29),
(2909, '09:00:00', '2024-12-29', 8, '08:00:00', 29),
(2910, '10:00:00', '2024-12-29', 8, '09:00:00', 29),
(2911, '11:00:00', '2024-12-29', 8, '10:00:00', 29),
(2912, '12:00:00', '2024-12-29', 8, '11:00:00', 29),
(2913, '13:00:00', '2024-12-29', 8, '12:00:00', 29),
(2914, '14:00:00', '2024-12-29', 8, '13:00:00', 29),
(2915, '15:00:00', '2024-12-29', 8, '14:00:00', 29),
(2916, '16:00:00', '2024-12-29', 8, '15:00:00', 29),
(2917, '17:00:00', '2024-12-29', 8, '16:00:00', 29),
(2918, '18:00:00', '2024-12-29', 8, '17:00:00', 29),
(2919, '09:00:00', '2024-12-30', 8, '08:00:00', 29),
(2920, '10:00:00', '2024-12-30', 8, '09:00:00', 29),
(2921, '11:00:00', '2024-12-30', 8, '10:00:00', 29),
(2922, '12:00:00', '2024-12-30', 8, '11:00:00', 29),
(2923, '13:00:00', '2024-12-30', 8, '12:00:00', 29),
(2924, '14:00:00', '2024-12-30', 8, '13:00:00', 29),
(2925, '15:00:00', '2024-12-30', 8, '14:00:00', 29),
(2926, '16:00:00', '2024-12-30', 8, '15:00:00', 29),
(2927, '17:00:00', '2024-12-30', 8, '16:00:00', 29),
(2928, '18:00:00', '2024-12-30', 8, '17:00:00', 29),
(2929, '09:00:00', '2024-12-23', 8, '08:00:00', 28),
(2930, '10:00:00', '2024-12-23', 8, '09:00:00', 28),
(2931, '11:00:00', '2024-12-23', 8, '10:00:00', 28),
(2932, '12:00:00', '2024-12-23', 8, '11:00:00', 28),
(2933, '13:00:00', '2024-12-23', 8, '12:00:00', 28),
(2934, '14:00:00', '2024-12-23', 8, '13:00:00', 28),
(2935, '15:00:00', '2024-12-23', 8, '14:00:00', 28),
(2936, '16:00:00', '2024-12-23', 8, '15:00:00', 28),
(2937, '17:00:00', '2024-12-23', 8, '16:00:00', 28),
(2938, '18:00:00', '2024-12-23', 8, '17:00:00', 28),
(2939, '09:00:00', '2024-12-24', 8, '08:00:00', 28),
(2940, '10:00:00', '2024-12-24', 8, '09:00:00', 28),
(2941, '11:00:00', '2024-12-24', 8, '10:00:00', 28),
(2942, '12:00:00', '2024-12-24', 8, '11:00:00', 28),
(2943, '13:00:00', '2024-12-24', 8, '12:00:00', 28),
(2944, '14:00:00', '2024-12-24', 8, '13:00:00', 28),
(2945, '15:00:00', '2024-12-24', 8, '14:00:00', 28),
(2946, '16:00:00', '2024-12-24', 8, '15:00:00', 28),
(2947, '17:00:00', '2024-12-24', 8, '16:00:00', 28),
(2948, '18:00:00', '2024-12-24', 8, '17:00:00', 28),
(2949, '09:00:00', '2024-12-25', 8, '08:00:00', 28),
(2950, '10:00:00', '2024-12-25', 8, '09:00:00', 28),
(2951, '11:00:00', '2024-12-25', 8, '10:00:00', 28),
(2952, '12:00:00', '2024-12-25', 8, '11:00:00', 28),
(2953, '13:00:00', '2024-12-25', 8, '12:00:00', 28),
(2954, '14:00:00', '2024-12-25', 8, '13:00:00', 28),
(2955, '15:00:00', '2024-12-25', 8, '14:00:00', 28),
(2956, '16:00:00', '2024-12-25', 8, '15:00:00', 28),
(2957, '17:00:00', '2024-12-25', 8, '16:00:00', 28),
(2958, '18:00:00', '2024-12-25', 8, '17:00:00', 28),
(2959, '09:00:00', '2024-12-26', 8, '08:00:00', 28),
(2960, '10:00:00', '2024-12-26', 8, '09:00:00', 28),
(2961, '11:00:00', '2024-12-26', 8, '10:00:00', 28),
(2962, '12:00:00', '2024-12-26', 8, '11:00:00', 28),
(2963, '13:00:00', '2024-12-26', 8, '12:00:00', 28),
(2964, '14:00:00', '2024-12-26', 8, '13:00:00', 28),
(2965, '15:00:00', '2024-12-26', 8, '14:00:00', 28),
(2966, '16:00:00', '2024-12-26', 8, '15:00:00', 28),
(2967, '17:00:00', '2024-12-26', 8, '16:00:00', 28),
(2968, '18:00:00', '2024-12-26', 8, '17:00:00', 28),
(2969, '09:00:00', '2024-12-27', 8, '08:00:00', 28),
(2970, '10:00:00', '2024-12-27', 8, '09:00:00', 28),
(2971, '11:00:00', '2024-12-27', 8, '10:00:00', 28),
(2972, '12:00:00', '2024-12-27', 8, '11:00:00', 28),
(2973, '13:00:00', '2024-12-27', 8, '12:00:00', 28),
(2974, '14:00:00', '2024-12-27', 8, '13:00:00', 28),
(2975, '15:00:00', '2024-12-27', 8, '14:00:00', 28),
(2976, '16:00:00', '2024-12-27', 8, '15:00:00', 28),
(2977, '17:00:00', '2024-12-27', 8, '16:00:00', 28),
(2978, '18:00:00', '2024-12-27', 8, '17:00:00', 28),
(2979, '09:00:00', '2024-12-28', 8, '08:00:00', 28),
(2980, '10:00:00', '2024-12-28', 8, '09:00:00', 28),
(2981, '11:00:00', '2024-12-28', 8, '10:00:00', 28),
(2982, '12:00:00', '2024-12-28', 8, '11:00:00', 28),
(2983, '13:00:00', '2024-12-28', 8, '12:00:00', 28),
(2984, '14:00:00', '2024-12-28', 8, '13:00:00', 28),
(2985, '15:00:00', '2024-12-28', 8, '14:00:00', 28),
(2986, '16:00:00', '2024-12-28', 8, '15:00:00', 28),
(2987, '17:00:00', '2024-12-28', 8, '16:00:00', 28),
(2988, '18:00:00', '2024-12-28', 8, '17:00:00', 28),
(2989, '09:00:00', '2024-12-29', 8, '08:00:00', 28),
(2990, '10:00:00', '2024-12-29', 8, '09:00:00', 28),
(2991, '11:00:00', '2024-12-29', 8, '10:00:00', 28),
(2992, '12:00:00', '2024-12-29', 8, '11:00:00', 28),
(2993, '13:00:00', '2024-12-29', 8, '12:00:00', 28),
(2994, '14:00:00', '2024-12-29', 8, '13:00:00', 28),
(2995, '15:00:00', '2024-12-29', 8, '14:00:00', 28),
(2996, '16:00:00', '2024-12-29', 8, '15:00:00', 28),
(2997, '17:00:00', '2024-12-29', 8, '16:00:00', 28),
(2998, '18:00:00', '2024-12-29', 8, '17:00:00', 28),
(2999, '09:00:00', '2024-12-30', 8, '08:00:00', 28),
(3000, '10:00:00', '2024-12-30', 8, '09:00:00', 28),
(3001, '11:00:00', '2024-12-30', 8, '10:00:00', 28),
(3002, '12:00:00', '2024-12-30', 8, '11:00:00', 28),
(3003, '13:00:00', '2024-12-30', 8, '12:00:00', 28),
(3004, '14:00:00', '2024-12-30', 8, '13:00:00', 28),
(3005, '15:00:00', '2024-12-30', 8, '14:00:00', 28),
(3006, '16:00:00', '2024-12-30', 8, '15:00:00', 28),
(3007, '17:00:00', '2024-12-30', 8, '16:00:00', 28),
(3008, '18:00:00', '2024-12-30', 8, '17:00:00', 28),
(3009, '09:00:00', '2024-12-23', 8, '08:00:00', 27),
(3010, '10:00:00', '2024-12-23', 8, '09:00:00', 27),
(3011, '11:00:00', '2024-12-23', 8, '10:00:00', 27),
(3012, '12:00:00', '2024-12-23', 8, '11:00:00', 27),
(3013, '13:00:00', '2024-12-23', 8, '12:00:00', 27),
(3014, '14:00:00', '2024-12-23', 8, '13:00:00', 27),
(3015, '15:00:00', '2024-12-23', 8, '14:00:00', 27),
(3016, '16:00:00', '2024-12-23', 8, '15:00:00', 27),
(3017, '17:00:00', '2024-12-23', 8, '16:00:00', 27),
(3018, '18:00:00', '2024-12-23', 8, '17:00:00', 27),
(3019, '09:00:00', '2024-12-24', 8, '08:00:00', 27),
(3020, '10:00:00', '2024-12-24', 8, '09:00:00', 27),
(3021, '11:00:00', '2024-12-24', 8, '10:00:00', 27),
(3022, '12:00:00', '2024-12-24', 8, '11:00:00', 27),
(3023, '13:00:00', '2024-12-24', 8, '12:00:00', 27),
(3024, '14:00:00', '2024-12-24', 8, '13:00:00', 27),
(3025, '15:00:00', '2024-12-24', 8, '14:00:00', 27),
(3026, '16:00:00', '2024-12-24', 8, '15:00:00', 27),
(3027, '17:00:00', '2024-12-24', 8, '16:00:00', 27),
(3028, '18:00:00', '2024-12-24', 8, '17:00:00', 27),
(3029, '09:00:00', '2024-12-25', 8, '08:00:00', 27),
(3030, '10:00:00', '2024-12-25', 8, '09:00:00', 27),
(3031, '11:00:00', '2024-12-25', 8, '10:00:00', 27),
(3032, '12:00:00', '2024-12-25', 8, '11:00:00', 27),
(3033, '13:00:00', '2024-12-25', 8, '12:00:00', 27),
(3034, '14:00:00', '2024-12-25', 8, '13:00:00', 27),
(3035, '15:00:00', '2024-12-25', 8, '14:00:00', 27),
(3036, '16:00:00', '2024-12-25', 8, '15:00:00', 27),
(3037, '17:00:00', '2024-12-25', 8, '16:00:00', 27),
(3038, '18:00:00', '2024-12-25', 8, '17:00:00', 27),
(3039, '09:00:00', '2024-12-26', 8, '08:00:00', 27),
(3040, '10:00:00', '2024-12-26', 8, '09:00:00', 27),
(3041, '11:00:00', '2024-12-26', 8, '10:00:00', 27),
(3042, '12:00:00', '2024-12-26', 8, '11:00:00', 27),
(3043, '13:00:00', '2024-12-26', 8, '12:00:00', 27),
(3044, '14:00:00', '2024-12-26', 8, '13:00:00', 27),
(3045, '15:00:00', '2024-12-26', 8, '14:00:00', 27),
(3046, '16:00:00', '2024-12-26', 8, '15:00:00', 27),
(3047, '17:00:00', '2024-12-26', 8, '16:00:00', 27),
(3048, '18:00:00', '2024-12-26', 8, '17:00:00', 27),
(3049, '09:00:00', '2024-12-27', 8, '08:00:00', 27),
(3050, '10:00:00', '2024-12-27', 8, '09:00:00', 27),
(3051, '11:00:00', '2024-12-27', 8, '10:00:00', 27),
(3052, '12:00:00', '2024-12-27', 8, '11:00:00', 27),
(3053, '13:00:00', '2024-12-27', 8, '12:00:00', 27);
INSERT INTO `vaccine_schedule_time` (`id`, `end`, `inject_date`, `limit_people`, `start`, `vaccine_schedule_id`) VALUES
(3054, '14:00:00', '2024-12-27', 8, '13:00:00', 27),
(3055, '15:00:00', '2024-12-27', 8, '14:00:00', 27),
(3056, '16:00:00', '2024-12-27', 8, '15:00:00', 27),
(3057, '17:00:00', '2024-12-27', 8, '16:00:00', 27),
(3058, '18:00:00', '2024-12-27', 8, '17:00:00', 27),
(3059, '09:00:00', '2024-12-28', 8, '08:00:00', 27),
(3060, '10:00:00', '2024-12-28', 8, '09:00:00', 27),
(3061, '11:00:00', '2024-12-28', 8, '10:00:00', 27),
(3062, '12:00:00', '2024-12-28', 8, '11:00:00', 27),
(3063, '13:00:00', '2024-12-28', 8, '12:00:00', 27),
(3064, '14:00:00', '2024-12-28', 8, '13:00:00', 27),
(3065, '15:00:00', '2024-12-28', 8, '14:00:00', 27),
(3066, '16:00:00', '2024-12-28', 8, '15:00:00', 27),
(3067, '17:00:00', '2024-12-28', 8, '16:00:00', 27),
(3068, '18:00:00', '2024-12-28', 8, '17:00:00', 27),
(3069, '09:00:00', '2024-12-29', 8, '08:00:00', 27),
(3070, '10:00:00', '2024-12-29', 8, '09:00:00', 27),
(3071, '11:00:00', '2024-12-29', 8, '10:00:00', 27),
(3072, '12:00:00', '2024-12-29', 8, '11:00:00', 27),
(3073, '13:00:00', '2024-12-29', 8, '12:00:00', 27),
(3074, '14:00:00', '2024-12-29', 8, '13:00:00', 27),
(3075, '15:00:00', '2024-12-29', 8, '14:00:00', 27),
(3076, '16:00:00', '2024-12-29', 8, '15:00:00', 27),
(3077, '17:00:00', '2024-12-29', 8, '16:00:00', 27),
(3078, '18:00:00', '2024-12-29', 8, '17:00:00', 27),
(3079, '09:00:00', '2024-12-30', 8, '08:00:00', 27),
(3080, '10:00:00', '2024-12-30', 8, '09:00:00', 27),
(3081, '11:00:00', '2024-12-30', 8, '10:00:00', 27),
(3082, '12:00:00', '2024-12-30', 8, '11:00:00', 27),
(3083, '13:00:00', '2024-12-30', 8, '12:00:00', 27),
(3084, '14:00:00', '2024-12-30', 8, '13:00:00', 27),
(3085, '15:00:00', '2024-12-30', 8, '14:00:00', 27),
(3086, '16:00:00', '2024-12-30', 8, '15:00:00', 27),
(3087, '17:00:00', '2024-12-30', 8, '16:00:00', 27),
(3088, '18:00:00', '2024-12-30', 8, '17:00:00', 27),
(3089, '09:00:00', '2024-12-23', 8, '08:00:00', 26),
(3090, '10:00:00', '2024-12-23', 8, '09:00:00', 26),
(3091, '11:00:00', '2024-12-23', 8, '10:00:00', 26),
(3092, '12:00:00', '2024-12-23', 8, '11:00:00', 26),
(3093, '13:00:00', '2024-12-23', 8, '12:00:00', 26),
(3094, '14:00:00', '2024-12-23', 8, '13:00:00', 26),
(3095, '15:00:00', '2024-12-23', 8, '14:00:00', 26),
(3096, '16:00:00', '2024-12-23', 8, '15:00:00', 26),
(3097, '17:00:00', '2024-12-23', 8, '16:00:00', 26),
(3098, '18:00:00', '2024-12-23', 8, '17:00:00', 26),
(3099, '09:00:00', '2024-12-24', 8, '08:00:00', 26),
(3100, '10:00:00', '2024-12-24', 8, '09:00:00', 26),
(3101, '11:00:00', '2024-12-24', 8, '10:00:00', 26),
(3102, '12:00:00', '2024-12-24', 8, '11:00:00', 26),
(3103, '13:00:00', '2024-12-24', 8, '12:00:00', 26),
(3104, '14:00:00', '2024-12-24', 8, '13:00:00', 26),
(3105, '15:00:00', '2024-12-24', 8, '14:00:00', 26),
(3106, '16:00:00', '2024-12-24', 8, '15:00:00', 26),
(3107, '17:00:00', '2024-12-24', 8, '16:00:00', 26),
(3108, '18:00:00', '2024-12-24', 8, '17:00:00', 26),
(3109, '09:00:00', '2024-12-25', 8, '08:00:00', 26),
(3110, '10:00:00', '2024-12-25', 8, '09:00:00', 26),
(3111, '11:00:00', '2024-12-25', 8, '10:00:00', 26),
(3112, '12:00:00', '2024-12-25', 8, '11:00:00', 26),
(3113, '13:00:00', '2024-12-25', 8, '12:00:00', 26),
(3114, '14:00:00', '2024-12-25', 8, '13:00:00', 26),
(3115, '15:00:00', '2024-12-25', 8, '14:00:00', 26),
(3116, '16:00:00', '2024-12-25', 8, '15:00:00', 26),
(3117, '17:00:00', '2024-12-25', 8, '16:00:00', 26),
(3118, '18:00:00', '2024-12-25', 8, '17:00:00', 26),
(3119, '09:00:00', '2024-12-26', 8, '08:00:00', 26),
(3120, '10:00:00', '2024-12-26', 8, '09:00:00', 26),
(3121, '11:00:00', '2024-12-26', 8, '10:00:00', 26),
(3122, '12:00:00', '2024-12-26', 8, '11:00:00', 26),
(3123, '13:00:00', '2024-12-26', 8, '12:00:00', 26),
(3124, '14:00:00', '2024-12-26', 8, '13:00:00', 26),
(3125, '15:00:00', '2024-12-26', 8, '14:00:00', 26),
(3126, '16:00:00', '2024-12-26', 8, '15:00:00', 26),
(3127, '17:00:00', '2024-12-26', 8, '16:00:00', 26),
(3128, '18:00:00', '2024-12-26', 8, '17:00:00', 26),
(3129, '09:00:00', '2024-12-27', 8, '08:00:00', 26),
(3130, '10:00:00', '2024-12-27', 8, '09:00:00', 26),
(3131, '11:00:00', '2024-12-27', 8, '10:00:00', 26),
(3132, '12:00:00', '2024-12-27', 8, '11:00:00', 26),
(3133, '13:00:00', '2024-12-27', 8, '12:00:00', 26),
(3134, '14:00:00', '2024-12-27', 8, '13:00:00', 26),
(3135, '15:00:00', '2024-12-27', 8, '14:00:00', 26),
(3136, '16:00:00', '2024-12-27', 8, '15:00:00', 26),
(3137, '17:00:00', '2024-12-27', 8, '16:00:00', 26),
(3138, '18:00:00', '2024-12-27', 8, '17:00:00', 26),
(3139, '09:00:00', '2024-12-28', 8, '08:00:00', 26),
(3140, '10:00:00', '2024-12-28', 8, '09:00:00', 26),
(3141, '11:00:00', '2024-12-28', 8, '10:00:00', 26),
(3142, '12:00:00', '2024-12-28', 8, '11:00:00', 26),
(3143, '13:00:00', '2024-12-28', 8, '12:00:00', 26),
(3144, '14:00:00', '2024-12-28', 8, '13:00:00', 26),
(3145, '15:00:00', '2024-12-28', 8, '14:00:00', 26),
(3146, '16:00:00', '2024-12-28', 8, '15:00:00', 26),
(3147, '17:00:00', '2024-12-28', 8, '16:00:00', 26),
(3148, '18:00:00', '2024-12-28', 8, '17:00:00', 26),
(3149, '09:00:00', '2024-12-29', 8, '08:00:00', 26),
(3150, '10:00:00', '2024-12-29', 8, '09:00:00', 26),
(3151, '11:00:00', '2024-12-29', 8, '10:00:00', 26),
(3152, '12:00:00', '2024-12-29', 8, '11:00:00', 26),
(3153, '13:00:00', '2024-12-29', 8, '12:00:00', 26),
(3154, '14:00:00', '2024-12-29', 8, '13:00:00', 26),
(3155, '15:00:00', '2024-12-29', 8, '14:00:00', 26),
(3156, '16:00:00', '2024-12-29', 8, '15:00:00', 26),
(3157, '17:00:00', '2024-12-29', 8, '16:00:00', 26),
(3158, '18:00:00', '2024-12-29', 8, '17:00:00', 26),
(3159, '09:00:00', '2024-12-30', 8, '08:00:00', 26),
(3160, '10:00:00', '2024-12-30', 8, '09:00:00', 26),
(3161, '11:00:00', '2024-12-30', 8, '10:00:00', 26),
(3162, '12:00:00', '2024-12-30', 8, '11:00:00', 26),
(3163, '13:00:00', '2024-12-30', 8, '12:00:00', 26),
(3164, '14:00:00', '2024-12-30', 8, '13:00:00', 26),
(3165, '15:00:00', '2024-12-30', 8, '14:00:00', 26),
(3166, '16:00:00', '2024-12-30', 8, '15:00:00', 26),
(3167, '17:00:00', '2024-12-30', 8, '16:00:00', 26),
(3168, '18:00:00', '2024-12-30', 8, '17:00:00', 26),
(3169, '09:00:00', '2024-12-23', 8, '08:00:00', 25),
(3170, '10:00:00', '2024-12-23', 8, '09:00:00', 25),
(3171, '11:00:00', '2024-12-23', 8, '10:00:00', 25),
(3172, '12:00:00', '2024-12-23', 8, '11:00:00', 25),
(3173, '13:00:00', '2024-12-23', 8, '12:00:00', 25),
(3174, '14:00:00', '2024-12-23', 8, '13:00:00', 25),
(3175, '15:00:00', '2024-12-23', 8, '14:00:00', 25),
(3176, '16:00:00', '2024-12-23', 8, '15:00:00', 25),
(3177, '17:00:00', '2024-12-23', 8, '16:00:00', 25),
(3178, '18:00:00', '2024-12-23', 8, '17:00:00', 25),
(3179, '09:00:00', '2024-12-24', 8, '08:00:00', 25),
(3180, '10:00:00', '2024-12-24', 8, '09:00:00', 25),
(3181, '11:00:00', '2024-12-24', 8, '10:00:00', 25),
(3182, '12:00:00', '2024-12-24', 8, '11:00:00', 25),
(3183, '13:00:00', '2024-12-24', 8, '12:00:00', 25),
(3184, '14:00:00', '2024-12-24', 8, '13:00:00', 25),
(3185, '15:00:00', '2024-12-24', 8, '14:00:00', 25),
(3186, '16:00:00', '2024-12-24', 8, '15:00:00', 25),
(3187, '17:00:00', '2024-12-24', 8, '16:00:00', 25),
(3188, '18:00:00', '2024-12-24', 8, '17:00:00', 25),
(3189, '09:00:00', '2024-12-25', 8, '08:00:00', 25),
(3190, '10:00:00', '2024-12-25', 8, '09:00:00', 25),
(3191, '11:00:00', '2024-12-25', 8, '10:00:00', 25),
(3192, '12:00:00', '2024-12-25', 8, '11:00:00', 25),
(3193, '13:00:00', '2024-12-25', 8, '12:00:00', 25),
(3194, '14:00:00', '2024-12-25', 8, '13:00:00', 25),
(3195, '15:00:00', '2024-12-25', 8, '14:00:00', 25),
(3196, '16:00:00', '2024-12-25', 8, '15:00:00', 25),
(3197, '17:00:00', '2024-12-25', 8, '16:00:00', 25),
(3198, '18:00:00', '2024-12-25', 8, '17:00:00', 25),
(3199, '09:00:00', '2024-12-26', 8, '08:00:00', 25),
(3200, '10:00:00', '2024-12-26', 8, '09:00:00', 25),
(3201, '11:00:00', '2024-12-26', 8, '10:00:00', 25),
(3202, '12:00:00', '2024-12-26', 8, '11:00:00', 25),
(3203, '13:00:00', '2024-12-26', 8, '12:00:00', 25),
(3204, '14:00:00', '2024-12-26', 8, '13:00:00', 25),
(3205, '15:00:00', '2024-12-26', 8, '14:00:00', 25),
(3206, '16:00:00', '2024-12-26', 8, '15:00:00', 25),
(3207, '17:00:00', '2024-12-26', 8, '16:00:00', 25),
(3208, '18:00:00', '2024-12-26', 8, '17:00:00', 25),
(3209, '09:00:00', '2024-12-27', 8, '08:00:00', 25),
(3210, '10:00:00', '2024-12-27', 8, '09:00:00', 25),
(3211, '11:00:00', '2024-12-27', 8, '10:00:00', 25),
(3212, '12:00:00', '2024-12-27', 8, '11:00:00', 25),
(3213, '13:00:00', '2024-12-27', 8, '12:00:00', 25),
(3214, '14:00:00', '2024-12-27', 8, '13:00:00', 25),
(3215, '15:00:00', '2024-12-27', 8, '14:00:00', 25),
(3216, '16:00:00', '2024-12-27', 8, '15:00:00', 25),
(3217, '17:00:00', '2024-12-27', 8, '16:00:00', 25),
(3218, '18:00:00', '2024-12-27', 8, '17:00:00', 25),
(3219, '09:00:00', '2024-12-28', 8, '08:00:00', 25),
(3220, '10:00:00', '2024-12-28', 8, '09:00:00', 25),
(3221, '11:00:00', '2024-12-28', 8, '10:00:00', 25),
(3222, '12:00:00', '2024-12-28', 8, '11:00:00', 25),
(3223, '13:00:00', '2024-12-28', 8, '12:00:00', 25),
(3224, '14:00:00', '2024-12-28', 8, '13:00:00', 25),
(3225, '15:00:00', '2024-12-28', 8, '14:00:00', 25),
(3226, '16:00:00', '2024-12-28', 8, '15:00:00', 25),
(3227, '17:00:00', '2024-12-28', 8, '16:00:00', 25),
(3228, '18:00:00', '2024-12-28', 8, '17:00:00', 25),
(3229, '09:00:00', '2024-12-29', 8, '08:00:00', 25),
(3230, '10:00:00', '2024-12-29', 8, '09:00:00', 25),
(3231, '11:00:00', '2024-12-29', 8, '10:00:00', 25),
(3232, '12:00:00', '2024-12-29', 8, '11:00:00', 25),
(3233, '13:00:00', '2024-12-29', 8, '12:00:00', 25),
(3234, '14:00:00', '2024-12-29', 8, '13:00:00', 25),
(3235, '15:00:00', '2024-12-29', 8, '14:00:00', 25),
(3236, '16:00:00', '2024-12-29', 8, '15:00:00', 25),
(3237, '17:00:00', '2024-12-29', 8, '16:00:00', 25),
(3238, '18:00:00', '2024-12-29', 8, '17:00:00', 25),
(3239, '09:00:00', '2024-12-30', 8, '08:00:00', 25),
(3240, '10:00:00', '2024-12-30', 8, '09:00:00', 25),
(3241, '11:00:00', '2024-12-30', 8, '10:00:00', 25),
(3242, '12:00:00', '2024-12-30', 8, '11:00:00', 25),
(3243, '13:00:00', '2024-12-30', 8, '12:00:00', 25),
(3244, '14:00:00', '2024-12-30', 8, '13:00:00', 25),
(3245, '15:00:00', '2024-12-30', 8, '14:00:00', 25),
(3246, '16:00:00', '2024-12-30', 8, '15:00:00', 25),
(3247, '17:00:00', '2024-12-30', 8, '16:00:00', 25),
(3248, '18:00:00', '2024-12-30', 8, '17:00:00', 25),
(3249, '09:00:00', '2024-12-23', 8, '08:00:00', 24),
(3250, '10:00:00', '2024-12-23', 8, '09:00:00', 24),
(3251, '11:00:00', '2024-12-23', 8, '10:00:00', 24),
(3252, '12:00:00', '2024-12-23', 8, '11:00:00', 24),
(3253, '13:00:00', '2024-12-23', 8, '12:00:00', 24),
(3254, '14:00:00', '2024-12-23', 8, '13:00:00', 24),
(3255, '15:00:00', '2024-12-23', 8, '14:00:00', 24),
(3256, '16:00:00', '2024-12-23', 8, '15:00:00', 24),
(3257, '17:00:00', '2024-12-23', 8, '16:00:00', 24),
(3258, '18:00:00', '2024-12-23', 8, '17:00:00', 24),
(3259, '09:00:00', '2024-12-24', 8, '08:00:00', 24),
(3260, '10:00:00', '2024-12-24', 8, '09:00:00', 24),
(3261, '11:00:00', '2024-12-24', 8, '10:00:00', 24),
(3262, '12:00:00', '2024-12-24', 8, '11:00:00', 24),
(3263, '13:00:00', '2024-12-24', 8, '12:00:00', 24),
(3264, '14:00:00', '2024-12-24', 8, '13:00:00', 24),
(3265, '15:00:00', '2024-12-24', 8, '14:00:00', 24),
(3266, '16:00:00', '2024-12-24', 8, '15:00:00', 24),
(3267, '17:00:00', '2024-12-24', 8, '16:00:00', 24),
(3268, '18:00:00', '2024-12-24', 8, '17:00:00', 24),
(3269, '09:00:00', '2024-12-25', 8, '08:00:00', 24),
(3270, '10:00:00', '2024-12-25', 8, '09:00:00', 24),
(3271, '11:00:00', '2024-12-25', 8, '10:00:00', 24),
(3272, '12:00:00', '2024-12-25', 8, '11:00:00', 24),
(3273, '13:00:00', '2024-12-25', 8, '12:00:00', 24),
(3274, '14:00:00', '2024-12-25', 8, '13:00:00', 24),
(3275, '15:00:00', '2024-12-25', 8, '14:00:00', 24),
(3276, '16:00:00', '2024-12-25', 8, '15:00:00', 24),
(3277, '17:00:00', '2024-12-25', 8, '16:00:00', 24),
(3278, '18:00:00', '2024-12-25', 8, '17:00:00', 24),
(3279, '09:00:00', '2024-12-26', 8, '08:00:00', 24),
(3280, '10:00:00', '2024-12-26', 8, '09:00:00', 24),
(3281, '11:00:00', '2024-12-26', 8, '10:00:00', 24),
(3282, '12:00:00', '2024-12-26', 8, '11:00:00', 24),
(3283, '13:00:00', '2024-12-26', 8, '12:00:00', 24),
(3284, '14:00:00', '2024-12-26', 8, '13:00:00', 24),
(3285, '15:00:00', '2024-12-26', 8, '14:00:00', 24),
(3286, '16:00:00', '2024-12-26', 8, '15:00:00', 24),
(3287, '17:00:00', '2024-12-26', 8, '16:00:00', 24),
(3288, '18:00:00', '2024-12-26', 8, '17:00:00', 24),
(3289, '09:00:00', '2024-12-27', 8, '08:00:00', 24),
(3290, '10:00:00', '2024-12-27', 8, '09:00:00', 24),
(3291, '11:00:00', '2024-12-27', 8, '10:00:00', 24),
(3292, '12:00:00', '2024-12-27', 8, '11:00:00', 24),
(3293, '13:00:00', '2024-12-27', 8, '12:00:00', 24),
(3294, '14:00:00', '2024-12-27', 8, '13:00:00', 24),
(3295, '15:00:00', '2024-12-27', 8, '14:00:00', 24),
(3296, '16:00:00', '2024-12-27', 8, '15:00:00', 24),
(3297, '17:00:00', '2024-12-27', 8, '16:00:00', 24),
(3298, '18:00:00', '2024-12-27', 8, '17:00:00', 24),
(3299, '09:00:00', '2024-12-28', 8, '08:00:00', 24),
(3300, '10:00:00', '2024-12-28', 8, '09:00:00', 24),
(3301, '11:00:00', '2024-12-28', 8, '10:00:00', 24),
(3302, '12:00:00', '2024-12-28', 8, '11:00:00', 24),
(3303, '13:00:00', '2024-12-28', 8, '12:00:00', 24),
(3304, '14:00:00', '2024-12-28', 8, '13:00:00', 24),
(3305, '15:00:00', '2024-12-28', 8, '14:00:00', 24),
(3306, '16:00:00', '2024-12-28', 8, '15:00:00', 24),
(3307, '17:00:00', '2024-12-28', 8, '16:00:00', 24),
(3308, '18:00:00', '2024-12-28', 8, '17:00:00', 24),
(3309, '09:00:00', '2024-12-29', 8, '08:00:00', 24),
(3310, '10:00:00', '2024-12-29', 8, '09:00:00', 24),
(3311, '11:00:00', '2024-12-29', 8, '10:00:00', 24),
(3312, '12:00:00', '2024-12-29', 8, '11:00:00', 24),
(3313, '13:00:00', '2024-12-29', 8, '12:00:00', 24),
(3314, '14:00:00', '2024-12-29', 8, '13:00:00', 24),
(3315, '15:00:00', '2024-12-29', 8, '14:00:00', 24),
(3316, '16:00:00', '2024-12-29', 8, '15:00:00', 24),
(3317, '17:00:00', '2024-12-29', 8, '16:00:00', 24),
(3318, '18:00:00', '2024-12-29', 8, '17:00:00', 24),
(3319, '09:00:00', '2024-12-30', 8, '08:00:00', 24),
(3320, '10:00:00', '2024-12-30', 8, '09:00:00', 24),
(3321, '11:00:00', '2024-12-30', 8, '10:00:00', 24),
(3322, '12:00:00', '2024-12-30', 8, '11:00:00', 24),
(3323, '13:00:00', '2024-12-30', 8, '12:00:00', 24),
(3324, '14:00:00', '2024-12-30', 8, '13:00:00', 24),
(3325, '15:00:00', '2024-12-30', 8, '14:00:00', 24),
(3326, '16:00:00', '2024-12-30', 8, '15:00:00', 24),
(3327, '17:00:00', '2024-12-30', 8, '16:00:00', 24),
(3328, '18:00:00', '2024-12-30', 8, '17:00:00', 24),
(3329, '09:00:00', '2024-12-23', 8, '08:00:00', 23),
(3330, '10:00:00', '2024-12-23', 8, '09:00:00', 23),
(3331, '11:00:00', '2024-12-23', 8, '10:00:00', 23),
(3332, '12:00:00', '2024-12-23', 8, '11:00:00', 23),
(3333, '13:00:00', '2024-12-23', 8, '12:00:00', 23),
(3334, '14:00:00', '2024-12-23', 8, '13:00:00', 23),
(3335, '15:00:00', '2024-12-23', 8, '14:00:00', 23),
(3336, '16:00:00', '2024-12-23', 8, '15:00:00', 23),
(3337, '17:00:00', '2024-12-23', 8, '16:00:00', 23),
(3338, '18:00:00', '2024-12-23', 8, '17:00:00', 23),
(3339, '09:00:00', '2024-12-24', 8, '08:00:00', 23),
(3340, '10:00:00', '2024-12-24', 8, '09:00:00', 23),
(3341, '11:00:00', '2024-12-24', 8, '10:00:00', 23),
(3342, '12:00:00', '2024-12-24', 8, '11:00:00', 23),
(3343, '13:00:00', '2024-12-24', 8, '12:00:00', 23),
(3344, '14:00:00', '2024-12-24', 8, '13:00:00', 23),
(3345, '15:00:00', '2024-12-24', 8, '14:00:00', 23),
(3346, '16:00:00', '2024-12-24', 8, '15:00:00', 23),
(3347, '17:00:00', '2024-12-24', 8, '16:00:00', 23),
(3348, '18:00:00', '2024-12-24', 8, '17:00:00', 23),
(3349, '09:00:00', '2024-12-25', 8, '08:00:00', 23),
(3350, '10:00:00', '2024-12-25', 8, '09:00:00', 23),
(3351, '11:00:00', '2024-12-25', 8, '10:00:00', 23),
(3352, '12:00:00', '2024-12-25', 8, '11:00:00', 23),
(3353, '13:00:00', '2024-12-25', 8, '12:00:00', 23),
(3354, '14:00:00', '2024-12-25', 8, '13:00:00', 23),
(3355, '15:00:00', '2024-12-25', 8, '14:00:00', 23),
(3356, '16:00:00', '2024-12-25', 8, '15:00:00', 23),
(3357, '17:00:00', '2024-12-25', 8, '16:00:00', 23),
(3358, '18:00:00', '2024-12-25', 8, '17:00:00', 23),
(3359, '09:00:00', '2024-12-26', 8, '08:00:00', 23),
(3360, '10:00:00', '2024-12-26', 8, '09:00:00', 23),
(3361, '11:00:00', '2024-12-26', 8, '10:00:00', 23),
(3362, '12:00:00', '2024-12-26', 8, '11:00:00', 23),
(3363, '13:00:00', '2024-12-26', 8, '12:00:00', 23),
(3364, '14:00:00', '2024-12-26', 8, '13:00:00', 23),
(3365, '15:00:00', '2024-12-26', 8, '14:00:00', 23),
(3366, '16:00:00', '2024-12-26', 8, '15:00:00', 23),
(3367, '17:00:00', '2024-12-26', 8, '16:00:00', 23),
(3368, '18:00:00', '2024-12-26', 8, '17:00:00', 23),
(3369, '09:00:00', '2024-12-27', 8, '08:00:00', 23),
(3370, '10:00:00', '2024-12-27', 8, '09:00:00', 23),
(3371, '11:00:00', '2024-12-27', 8, '10:00:00', 23),
(3372, '12:00:00', '2024-12-27', 8, '11:00:00', 23),
(3373, '13:00:00', '2024-12-27', 8, '12:00:00', 23),
(3374, '14:00:00', '2024-12-27', 8, '13:00:00', 23),
(3375, '15:00:00', '2024-12-27', 8, '14:00:00', 23),
(3376, '16:00:00', '2024-12-27', 8, '15:00:00', 23),
(3377, '17:00:00', '2024-12-27', 8, '16:00:00', 23),
(3378, '18:00:00', '2024-12-27', 8, '17:00:00', 23),
(3379, '09:00:00', '2024-12-28', 8, '08:00:00', 23),
(3380, '10:00:00', '2024-12-28', 8, '09:00:00', 23),
(3381, '11:00:00', '2024-12-28', 8, '10:00:00', 23),
(3382, '12:00:00', '2024-12-28', 8, '11:00:00', 23),
(3383, '13:00:00', '2024-12-28', 8, '12:00:00', 23),
(3384, '14:00:00', '2024-12-28', 8, '13:00:00', 23),
(3385, '15:00:00', '2024-12-28', 8, '14:00:00', 23),
(3386, '16:00:00', '2024-12-28', 8, '15:00:00', 23),
(3387, '17:00:00', '2024-12-28', 8, '16:00:00', 23),
(3388, '18:00:00', '2024-12-28', 8, '17:00:00', 23),
(3389, '09:00:00', '2024-12-29', 8, '08:00:00', 23),
(3390, '10:00:00', '2024-12-29', 8, '09:00:00', 23),
(3391, '11:00:00', '2024-12-29', 8, '10:00:00', 23),
(3392, '12:00:00', '2024-12-29', 8, '11:00:00', 23),
(3393, '13:00:00', '2024-12-29', 8, '12:00:00', 23),
(3394, '14:00:00', '2024-12-29', 8, '13:00:00', 23),
(3395, '15:00:00', '2024-12-29', 8, '14:00:00', 23),
(3396, '16:00:00', '2024-12-29', 8, '15:00:00', 23),
(3397, '17:00:00', '2024-12-29', 8, '16:00:00', 23),
(3398, '18:00:00', '2024-12-29', 8, '17:00:00', 23),
(3399, '09:00:00', '2024-12-30', 8, '08:00:00', 23),
(3400, '10:00:00', '2024-12-30', 8, '09:00:00', 23),
(3401, '11:00:00', '2024-12-30', 8, '10:00:00', 23),
(3402, '12:00:00', '2024-12-30', 8, '11:00:00', 23),
(3403, '13:00:00', '2024-12-30', 8, '12:00:00', 23),
(3404, '14:00:00', '2024-12-30', 8, '13:00:00', 23),
(3405, '15:00:00', '2024-12-30', 8, '14:00:00', 23),
(3406, '16:00:00', '2024-12-30', 8, '15:00:00', 23),
(3407, '17:00:00', '2024-12-30', 8, '16:00:00', 23),
(3408, '18:00:00', '2024-12-30', 8, '17:00:00', 23),
(3409, '09:00:00', '2024-12-30', 7, '08:00:00', 65),
(3410, '10:00:00', '2024-12-30', 7, '09:00:00', 65),
(3411, '11:00:00', '2024-12-30', 7, '10:00:00', 65),
(3412, '12:00:00', '2024-12-30', 7, '11:00:00', 65),
(3413, '13:00:00', '2024-12-30', 7, '12:00:00', 65),
(3414, '14:00:00', '2024-12-30', 7, '13:00:00', 65),
(3415, '15:00:00', '2024-12-30', 7, '14:00:00', 65),
(3416, '16:00:00', '2024-12-30', 7, '15:00:00', 65),
(3417, '17:00:00', '2024-12-30', 7, '16:00:00', 65),
(3418, '18:00:00', '2024-12-30', 7, '17:00:00', 65),
(3419, '09:00:00', '2024-12-31', 7, '08:00:00', 65),
(3420, '10:00:00', '2024-12-31', 7, '09:00:00', 65),
(3421, '11:00:00', '2024-12-31', 7, '10:00:00', 65),
(3422, '12:00:00', '2024-12-31', 7, '11:00:00', 65),
(3423, '13:00:00', '2024-12-31', 7, '12:00:00', 65),
(3424, '14:00:00', '2024-12-31', 7, '13:00:00', 65),
(3425, '15:00:00', '2024-12-31', 7, '14:00:00', 65),
(3426, '16:00:00', '2024-12-31', 7, '15:00:00', 65),
(3427, '17:00:00', '2024-12-31', 7, '16:00:00', 65),
(3428, '18:00:00', '2024-12-31', 7, '17:00:00', 65),
(3429, '09:00:00', '2025-01-01', 7, '08:00:00', 65),
(3430, '10:00:00', '2025-01-01', 7, '09:00:00', 65),
(3431, '11:00:00', '2025-01-01', 7, '10:00:00', 65),
(3432, '12:00:00', '2025-01-01', 7, '11:00:00', 65),
(3433, '13:00:00', '2025-01-01', 7, '12:00:00', 65),
(3434, '14:00:00', '2025-01-01', 7, '13:00:00', 65),
(3435, '15:00:00', '2025-01-01', 7, '14:00:00', 65),
(3436, '16:00:00', '2025-01-01', 7, '15:00:00', 65),
(3437, '17:00:00', '2025-01-01', 7, '16:00:00', 65),
(3438, '18:00:00', '2025-01-01', 7, '17:00:00', 65),
(3439, '09:00:00', '2025-01-02', 7, '08:00:00', 65),
(3440, '10:00:00', '2025-01-02', 7, '09:00:00', 65),
(3441, '11:00:00', '2025-01-02', 7, '10:00:00', 65),
(3442, '12:00:00', '2025-01-02', 7, '11:00:00', 65),
(3443, '13:00:00', '2025-01-02', 7, '12:00:00', 65),
(3444, '14:00:00', '2025-01-02', 7, '13:00:00', 65),
(3445, '15:00:00', '2025-01-02', 7, '14:00:00', 65),
(3446, '16:00:00', '2025-01-02', 7, '15:00:00', 65),
(3447, '17:00:00', '2025-01-02', 7, '16:00:00', 65),
(3448, '18:00:00', '2025-01-02', 7, '17:00:00', 65),
(3449, '09:00:00', '2025-01-03', 7, '08:00:00', 65),
(3450, '10:00:00', '2025-01-03', 7, '09:00:00', 65),
(3451, '11:00:00', '2025-01-03', 7, '10:00:00', 65),
(3452, '12:00:00', '2025-01-03', 7, '11:00:00', 65),
(3453, '13:00:00', '2025-01-03', 7, '12:00:00', 65),
(3454, '14:00:00', '2025-01-03', 7, '13:00:00', 65),
(3455, '15:00:00', '2025-01-03', 7, '14:00:00', 65),
(3456, '16:00:00', '2025-01-03', 7, '15:00:00', 65),
(3457, '17:00:00', '2025-01-03', 7, '16:00:00', 65),
(3458, '18:00:00', '2025-01-03', 7, '17:00:00', 65),
(3459, '09:00:00', '2025-01-04', 7, '08:00:00', 65),
(3460, '10:00:00', '2025-01-04', 7, '09:00:00', 65),
(3461, '11:00:00', '2025-01-04', 7, '10:00:00', 65),
(3462, '12:00:00', '2025-01-04', 7, '11:00:00', 65),
(3463, '13:00:00', '2025-01-04', 7, '12:00:00', 65),
(3464, '14:00:00', '2025-01-04', 7, '13:00:00', 65),
(3465, '15:00:00', '2025-01-04', 7, '14:00:00', 65),
(3466, '16:00:00', '2025-01-04', 7, '15:00:00', 65),
(3467, '17:00:00', '2025-01-04', 7, '16:00:00', 65),
(3468, '18:00:00', '2025-01-04', 7, '17:00:00', 65),
(3469, '09:00:00', '2025-01-05', 7, '08:00:00', 65),
(3470, '10:00:00', '2025-01-05', 7, '09:00:00', 65),
(3471, '11:00:00', '2025-01-05', 7, '10:00:00', 65),
(3472, '12:00:00', '2025-01-05', 7, '11:00:00', 65),
(3473, '13:00:00', '2025-01-05', 7, '12:00:00', 65),
(3474, '14:00:00', '2025-01-05', 7, '13:00:00', 65),
(3475, '15:00:00', '2025-01-05', 7, '14:00:00', 65),
(3476, '16:00:00', '2025-01-05', 7, '15:00:00', 65),
(3477, '17:00:00', '2025-01-05', 7, '16:00:00', 65),
(3478, '18:00:00', '2025-01-05', 7, '17:00:00', 65),
(3479, '09:00:00', '2025-01-06', 7, '08:00:00', 65),
(3480, '10:00:00', '2025-01-06', 7, '09:00:00', 65),
(3481, '11:00:00', '2025-01-06', 7, '10:00:00', 65),
(3482, '12:00:00', '2025-01-06', 7, '11:00:00', 65),
(3483, '13:00:00', '2025-01-06', 7, '12:00:00', 65),
(3484, '14:00:00', '2025-01-06', 7, '13:00:00', 65),
(3485, '15:00:00', '2025-01-06', 7, '14:00:00', 65),
(3486, '16:00:00', '2025-01-06', 7, '15:00:00', 65),
(3487, '17:00:00', '2025-01-06', 7, '16:00:00', 65),
(3488, '18:00:00', '2025-01-06', 7, '17:00:00', 65),
(3489, '09:00:00', '2024-12-24', 7, '08:00:00', 68),
(3490, '10:00:00', '2024-12-24', 7, '09:00:00', 68),
(3491, '11:00:00', '2024-12-24', 7, '10:00:00', 68),
(3492, '12:00:00', '2024-12-24', 7, '11:00:00', 68),
(3493, '13:00:00', '2024-12-24', 7, '12:00:00', 68),
(3494, '14:00:00', '2024-12-24', 7, '13:00:00', 68),
(3495, '15:00:00', '2024-12-24', 7, '14:00:00', 68),
(3496, '16:00:00', '2024-12-24', 7, '15:00:00', 68),
(3497, '17:00:00', '2024-12-24', 7, '16:00:00', 68),
(3498, '18:00:00', '2024-12-24', 7, '17:00:00', 68),
(3499, '09:00:00', '2024-12-31', 7, '08:00:00', 69),
(3500, '10:00:00', '2024-12-31', 7, '09:00:00', 69),
(3501, '11:00:00', '2024-12-31', 7, '10:00:00', 69),
(3502, '12:00:00', '2024-12-31', 7, '11:00:00', 69),
(3503, '13:00:00', '2024-12-31', 7, '12:00:00', 69),
(3504, '14:00:00', '2024-12-31', 7, '13:00:00', 69),
(3505, '15:00:00', '2024-12-31', 7, '14:00:00', 69),
(3506, '16:00:00', '2024-12-31', 7, '15:00:00', 69),
(3507, '17:00:00', '2024-12-31', 7, '16:00:00', 69),
(3508, '18:00:00', '2024-12-31', 7, '17:00:00', 69),
(3509, '09:00:00', '2025-01-01', 7, '08:00:00', 69),
(3510, '10:00:00', '2025-01-01', 7, '09:00:00', 69),
(3511, '11:00:00', '2025-01-01', 7, '10:00:00', 69),
(3512, '12:00:00', '2025-01-01', 7, '11:00:00', 69),
(3513, '13:00:00', '2025-01-01', 7, '12:00:00', 69),
(3514, '14:00:00', '2025-01-01', 7, '13:00:00', 69),
(3515, '15:00:00', '2025-01-01', 7, '14:00:00', 69),
(3516, '16:00:00', '2025-01-01', 7, '15:00:00', 69),
(3517, '17:00:00', '2025-01-01', 7, '16:00:00', 69),
(3518, '18:00:00', '2025-01-01', 7, '17:00:00', 69),
(3519, '09:00:00', '2025-01-02', 7, '08:00:00', 69),
(3520, '10:00:00', '2025-01-02', 7, '09:00:00', 69),
(3521, '11:00:00', '2025-01-02', 7, '10:00:00', 69),
(3522, '12:00:00', '2025-01-02', 7, '11:00:00', 69),
(3523, '13:00:00', '2025-01-02', 7, '12:00:00', 69),
(3524, '14:00:00', '2025-01-02', 7, '13:00:00', 69),
(3525, '15:00:00', '2025-01-02', 7, '14:00:00', 69),
(3526, '16:00:00', '2025-01-02', 7, '15:00:00', 69),
(3527, '17:00:00', '2025-01-02', 7, '16:00:00', 69),
(3528, '18:00:00', '2025-01-02', 7, '17:00:00', 69),
(3529, '09:00:00', '2025-01-03', 7, '08:00:00', 69),
(3530, '10:00:00', '2025-01-03', 7, '09:00:00', 69),
(3531, '11:00:00', '2025-01-03', 7, '10:00:00', 69),
(3532, '12:00:00', '2025-01-03', 7, '11:00:00', 69),
(3533, '13:00:00', '2025-01-03', 7, '12:00:00', 69),
(3534, '14:00:00', '2025-01-03', 7, '13:00:00', 69),
(3535, '15:00:00', '2025-01-03', 7, '14:00:00', 69),
(3536, '16:00:00', '2025-01-03', 7, '15:00:00', 69),
(3537, '17:00:00', '2025-01-03', 7, '16:00:00', 69),
(3538, '18:00:00', '2025-01-03', 7, '17:00:00', 69),
(3539, '09:00:00', '2025-01-04', 7, '08:00:00', 69),
(3540, '10:00:00', '2025-01-04', 7, '09:00:00', 69),
(3541, '11:00:00', '2025-01-04', 7, '10:00:00', 69),
(3542, '12:00:00', '2025-01-04', 7, '11:00:00', 69),
(3543, '13:00:00', '2025-01-04', 7, '12:00:00', 69),
(3544, '14:00:00', '2025-01-04', 7, '13:00:00', 69),
(3545, '15:00:00', '2025-01-04', 7, '14:00:00', 69),
(3546, '16:00:00', '2025-01-04', 7, '15:00:00', 69),
(3547, '17:00:00', '2025-01-04', 7, '16:00:00', 69),
(3548, '18:00:00', '2025-01-04', 7, '17:00:00', 69),
(3549, '09:00:00', '2025-01-05', 7, '08:00:00', 69),
(3550, '10:00:00', '2025-01-05', 7, '09:00:00', 69),
(3551, '11:00:00', '2025-01-05', 7, '10:00:00', 69),
(3552, '12:00:00', '2025-01-05', 7, '11:00:00', 69),
(3553, '13:00:00', '2025-01-05', 7, '12:00:00', 69),
(3554, '14:00:00', '2025-01-05', 7, '13:00:00', 69),
(3555, '15:00:00', '2025-01-05', 7, '14:00:00', 69),
(3556, '16:00:00', '2025-01-05', 7, '15:00:00', 69),
(3557, '17:00:00', '2025-01-05', 7, '16:00:00', 69),
(3558, '18:00:00', '2025-01-05', 7, '17:00:00', 69),
(3559, '21:00:00', '2024-12-31', 7, '20:00:00', 69),
(3560, '08:00:00', '2024-12-31', 7, '07:00:00', 69),
(3561, '19:00:00', '2025-01-01', 5, '18:00:00', 69),
(3562, '09:00:00', '2025-01-02', 7, '08:00:00', 70),
(3563, '10:00:00', '2025-01-02', 2, '09:00:00', 70),
(3564, '11:00:00', '2025-01-02', 2, '10:00:00', 70),
(3565, '12:00:00', '2025-01-02', 2, '11:00:00', 70),
(3566, '13:00:00', '2025-01-02', 2, '12:00:00', 70),
(3567, '14:00:00', '2025-01-02', 2, '13:00:00', 70),
(3568, '15:00:00', '2025-01-02', 2, '14:00:00', 70),
(3569, '16:00:00', '2025-01-02', 2, '15:00:00', 70),
(3570, '17:00:00', '2025-01-02', 2, '16:00:00', 70),
(3571, '18:00:00', '2025-01-02', 2, '17:00:00', 70),
(3572, '09:00:00', '2025-02-01', 10, '08:00:00', 71),
(3573, '10:00:00', '2025-02-01', 10, '09:00:00', 71),
(3574, '11:00:00', '2025-02-01', 10, '10:00:00', 71),
(3575, '12:00:00', '2025-02-01', 10, '11:00:00', 71),
(3576, '13:00:00', '2025-02-01', 10, '12:00:00', 71),
(3577, '14:00:00', '2025-02-01', 10, '13:00:00', 71),
(3578, '15:00:00', '2025-02-01', 10, '14:00:00', 71),
(3579, '16:00:00', '2025-02-01', 10, '15:00:00', 71),
(3580, '17:00:00', '2025-02-01', 10, '16:00:00', 71),
(3581, '18:00:00', '2025-02-01', 10, '17:00:00', 71),
(3583, '09:00:00', '2025-02-01', 10, '08:00:00', 71),
(3584, '10:00:00', '2025-02-01', 10, '09:00:00', 71),
(3585, '11:00:00', '2025-02-01', 10, '10:00:00', 71),
(3586, '12:00:00', '2025-02-01', 10, '11:00:00', 71),
(3587, '13:00:00', '2025-02-01', 10, '12:00:00', 71),
(3588, '14:00:00', '2025-02-01', 10, '13:00:00', 71),
(3589, '15:00:00', '2025-02-01', 10, '14:00:00', 71),
(3590, '16:00:00', '2025-02-01', 10, '15:00:00', 71),
(3591, '17:00:00', '2025-02-01', 10, '16:00:00', 71),
(3592, '18:00:00', '2025-02-01', 10, '17:00:00', 71),
(3593, '09:00:00', '2024-12-26', 7, '08:00:00', 72),
(3594, '10:00:00', '2024-12-26', 7, '09:00:00', 72),
(3595, '11:00:00', '2024-12-26', 7, '10:00:00', 72),
(3596, '12:00:00', '2024-12-26', 7, '11:00:00', 72),
(3597, '13:00:00', '2024-12-26', 7, '12:00:00', 72),
(3598, '14:00:00', '2024-12-26', 7, '13:00:00', 72),
(3599, '15:00:00', '2024-12-26', 7, '14:00:00', 72),
(3600, '16:00:00', '2024-12-26', 7, '15:00:00', 72),
(3601, '17:00:00', '2024-12-26', 7, '16:00:00', 72),
(3603, '09:00:00', '2025-01-01', 7, '08:00:00', 73),
(3604, '10:00:00', '2025-01-01', 7, '09:00:00', 73),
(3605, '11:00:00', '2025-01-01', 7, '10:00:00', 73),
(3606, '12:00:00', '2025-01-01', 7, '11:00:00', 73),
(3607, '13:00:00', '2025-01-01', 7, '12:00:00', 73),
(3608, '14:00:00', '2025-01-01', 7, '13:00:00', 73),
(3609, '15:00:00', '2025-01-01', 7, '14:00:00', 73),
(3610, '16:00:00', '2025-01-01', 7, '15:00:00', 73),
(3611, '17:00:00', '2025-01-01', 7, '16:00:00', 73),
(3612, '18:00:00', '2025-01-01', 7, '17:00:00', 73),
(3613, '09:00:00', '2025-01-02', 7, '08:00:00', 73),
(3614, '10:00:00', '2025-01-02', 7, '09:00:00', 73),
(3615, '11:00:00', '2025-01-02', 7, '10:00:00', 73),
(3616, '12:00:00', '2025-01-02', 7, '11:00:00', 73),
(3617, '13:00:00', '2025-01-02', 7, '12:00:00', 73),
(3618, '14:00:00', '2025-01-02', 7, '13:00:00', 73),
(3619, '15:00:00', '2025-01-02', 7, '14:00:00', 73),
(3620, '16:00:00', '2025-01-02', 7, '15:00:00', 73),
(3621, '17:00:00', '2025-01-02', 7, '16:00:00', 73),
(3622, '18:00:00', '2025-01-02', 7, '17:00:00', 73),
(3623, '09:00:00', '2025-01-01', 7, '08:00:00', 73),
(3624, '09:00:00', '2025-01-09', 7, '08:00:00', 74),
(3625, '10:00:00', '2025-01-09', 7, '09:00:00', 74),
(3626, '11:00:00', '2025-01-09', 7, '10:00:00', 74),
(3627, '12:00:00', '2025-01-09', 7, '11:00:00', 74),
(3628, '13:00:00', '2025-01-09', 7, '12:00:00', 74),
(3629, '14:00:00', '2025-01-09', 7, '13:00:00', 74),
(3630, '15:00:00', '2025-01-09', 7, '14:00:00', 74),
(3631, '16:00:00', '2025-01-09', 7, '15:00:00', 74),
(3632, '17:00:00', '2025-01-09', 7, '16:00:00', 74),
(3633, '18:00:00', '2025-01-09', 7, '17:00:00', 74),
(3634, '09:00:00', '2025-01-10', 7, '08:00:00', 74),
(3635, '10:00:00', '2025-01-10', 7, '09:00:00', 74),
(3636, '11:00:00', '2025-01-10', 7, '10:00:00', 74),
(3637, '12:00:00', '2025-01-10', 7, '11:00:00', 74),
(3638, '13:00:00', '2025-01-10', 7, '12:00:00', 74),
(3639, '14:00:00', '2025-01-10', 7, '13:00:00', 74),
(3640, '15:00:00', '2025-01-10', 7, '14:00:00', 74),
(3641, '16:00:00', '2025-01-10', 7, '15:00:00', 74),
(3642, '17:00:00', '2025-01-10', 7, '16:00:00', 74),
(3643, '18:00:00', '2025-01-10', 7, '17:00:00', 74),
(3644, '09:00:00', '2025-01-05', 7, '08:00:00', 75),
(3645, '10:00:00', '2025-01-05', 7, '09:00:00', 75),
(3646, '11:00:00', '2025-01-05', 7, '10:00:00', 75),
(3647, '12:00:00', '2025-01-05', 7, '11:00:00', 75),
(3648, '13:00:00', '2025-01-05', 7, '12:00:00', 75),
(3649, '14:00:00', '2025-01-05', 7, '13:00:00', 75),
(3650, '15:00:00', '2025-01-05', 7, '14:00:00', 75),
(3651, '16:00:00', '2025-01-05', 7, '15:00:00', 75),
(3652, '17:00:00', '2025-01-05', 7, '16:00:00', 75),
(3653, '18:00:00', '2025-01-05', 7, '17:00:00', 75),
(3654, '09:00:00', '2025-01-06', 7, '08:00:00', 75),
(3655, '10:00:00', '2025-01-06', 7, '09:00:00', 75),
(3656, '11:00:00', '2025-01-06', 7, '10:00:00', 75),
(3657, '12:00:00', '2025-01-06', 7, '11:00:00', 75),
(3658, '13:00:00', '2025-01-06', 7, '12:00:00', 75),
(3659, '14:00:00', '2025-01-06', 7, '13:00:00', 75),
(3660, '15:00:00', '2025-01-06', 7, '14:00:00', 75),
(3661, '16:00:00', '2025-01-06', 7, '15:00:00', 75),
(3662, '17:00:00', '2025-01-06', 7, '16:00:00', 75),
(3663, '18:00:00', '2025-01-06', 7, '17:00:00', 75),
(3664, '09:00:00', '2025-01-07', 7, '08:00:00', 75),
(3665, '10:00:00', '2025-01-07', 7, '09:00:00', 75),
(3666, '11:00:00', '2025-01-07', 7, '10:00:00', 75),
(3667, '12:00:00', '2025-01-07', 7, '11:00:00', 75),
(3668, '13:00:00', '2025-01-07', 7, '12:00:00', 75),
(3669, '14:00:00', '2025-01-07', 7, '13:00:00', 75),
(3670, '15:00:00', '2025-01-07', 7, '14:00:00', 75),
(3671, '16:00:00', '2025-01-07', 7, '15:00:00', 75),
(3672, '17:00:00', '2025-01-07', 7, '16:00:00', 75),
(3673, '18:00:00', '2025-01-07', 7, '17:00:00', 75),
(3674, '09:00:00', '2025-03-04', 1, '08:00:00', 76),
(3675, '10:00:00', '2025-03-04', 1, '09:00:00', 76),
(3676, '11:00:00', '2025-03-04', 1, '10:00:00', 76),
(3677, '12:00:00', '2025-03-04', 1, '11:00:00', 76),
(3678, '13:00:00', '2025-03-04', 1, '12:00:00', 76),
(3679, '14:00:00', '2025-03-04', 1, '13:00:00', 76),
(3680, '15:00:00', '2025-03-04', 1, '14:00:00', 76),
(3681, '16:00:00', '2025-03-04', 1, '15:00:00', 76),
(3682, '17:00:00', '2025-03-04', 1, '16:00:00', 76),
(3683, '18:00:00', '2025-03-04', 1, '17:00:00', 76),
(3684, '09:00:00', '2025-03-05', 7, '08:00:00', 76),
(3685, '10:00:00', '2025-03-05', 7, '09:00:00', 76),
(3686, '11:00:00', '2025-03-05', 7, '10:00:00', 76),
(3687, '12:00:00', '2025-03-05', 7, '11:00:00', 76),
(3688, '13:00:00', '2025-03-05', 7, '12:00:00', 76),
(3689, '14:00:00', '2025-03-05', 7, '13:00:00', 76),
(3690, '15:00:00', '2025-03-05', 7, '14:00:00', 76),
(3691, '16:00:00', '2025-03-05', 7, '15:00:00', 76),
(3692, '17:00:00', '2025-03-05', 7, '16:00:00', 76),
(3693, '18:00:00', '2025-03-05', 7, '17:00:00', 76),
(3694, '09:00:00', '2025-03-06', 7, '08:00:00', 76),
(3695, '10:00:00', '2025-03-06', 7, '09:00:00', 76),
(3696, '11:00:00', '2025-03-06', 7, '10:00:00', 76),
(3697, '12:00:00', '2025-03-06', 7, '11:00:00', 76),
(3698, '13:00:00', '2025-03-06', 7, '12:00:00', 76),
(3699, '14:00:00', '2025-03-06', 7, '13:00:00', 76),
(3700, '15:00:00', '2025-03-06', 7, '14:00:00', 76),
(3701, '16:00:00', '2025-03-06', 7, '15:00:00', 76),
(3702, '17:00:00', '2025-03-06', 7, '16:00:00', 76),
(3703, '18:00:00', '2025-03-06', 7, '17:00:00', 76),
(3704, '09:00:00', '2025-03-07', 7, '08:00:00', 76),
(3705, '10:00:00', '2025-03-07', 7, '09:00:00', 76),
(3706, '11:00:00', '2025-03-07', 7, '10:00:00', 76),
(3707, '12:00:00', '2025-03-07', 7, '11:00:00', 76),
(3708, '13:00:00', '2025-03-07', 7, '12:00:00', 76),
(3709, '14:00:00', '2025-03-07', 7, '13:00:00', 76),
(3710, '15:00:00', '2025-03-07', 7, '14:00:00', 76),
(3711, '16:00:00', '2025-03-07', 7, '15:00:00', 76),
(3712, '17:00:00', '2025-03-07', 7, '16:00:00', 76),
(3713, '18:00:00', '2025-03-07', 7, '17:00:00', 76),
(3714, '09:00:00', '2025-03-08', 7, '08:00:00', 76),
(3715, '10:00:00', '2025-03-08', 7, '09:00:00', 76),
(3716, '11:00:00', '2025-03-08', 7, '10:00:00', 76),
(3717, '12:00:00', '2025-03-08', 7, '11:00:00', 76),
(3718, '13:00:00', '2025-03-08', 7, '12:00:00', 76),
(3719, '14:00:00', '2025-03-08', 7, '13:00:00', 76),
(3720, '15:00:00', '2025-03-08', 7, '14:00:00', 76),
(3721, '16:00:00', '2025-03-08', 7, '15:00:00', 76),
(3722, '17:00:00', '2025-03-08', 7, '16:00:00', 76),
(3723, '18:00:00', '2025-03-08', 7, '17:00:00', 76),
(3724, '09:00:00', '2025-03-09', 7, '08:00:00', 76),
(3725, '10:00:00', '2025-03-09', 7, '09:00:00', 76),
(3726, '11:00:00', '2025-03-09', 7, '10:00:00', 76),
(3727, '12:00:00', '2025-03-09', 7, '11:00:00', 76),
(3728, '13:00:00', '2025-03-09', 7, '12:00:00', 76),
(3729, '14:00:00', '2025-03-09', 7, '13:00:00', 76),
(3730, '15:00:00', '2025-03-09', 7, '14:00:00', 76),
(3731, '16:00:00', '2025-03-09', 7, '15:00:00', 76),
(3732, '17:00:00', '2025-03-09', 7, '16:00:00', 76),
(3733, '18:00:00', '2025-03-09', 7, '17:00:00', 76),
(3734, '09:00:00', '2025-03-10', 7, '08:00:00', 76),
(3735, '10:00:00', '2025-03-10', 7, '09:00:00', 76),
(3736, '11:00:00', '2025-03-10', 7, '10:00:00', 76),
(3737, '12:00:00', '2025-03-10', 7, '11:00:00', 76),
(3738, '13:00:00', '2025-03-10', 7, '12:00:00', 76),
(3739, '14:00:00', '2025-03-10', 7, '13:00:00', 76),
(3740, '15:00:00', '2025-03-10', 7, '14:00:00', 76),
(3741, '16:00:00', '2025-03-10', 7, '15:00:00', 76),
(3742, '17:00:00', '2025-03-10', 7, '16:00:00', 76),
(3743, '18:00:00', '2025-03-10', 7, '17:00:00', 76),
(3744, '09:00:00', '2025-03-11', 7, '08:00:00', 76),
(3745, '10:00:00', '2025-03-11', 7, '09:00:00', 76),
(3746, '11:00:00', '2025-03-11', 7, '10:00:00', 76),
(3747, '12:00:00', '2025-03-11', 7, '11:00:00', 76),
(3748, '13:00:00', '2025-03-11', 7, '12:00:00', 76),
(3749, '14:00:00', '2025-03-11', 7, '13:00:00', 76),
(3750, '15:00:00', '2025-03-11', 7, '14:00:00', 76),
(3751, '16:00:00', '2025-03-11', 7, '15:00:00', 76),
(3752, '17:00:00', '2025-03-11', 7, '16:00:00', 76),
(3753, '18:00:00', '2025-03-11', 7, '17:00:00', 76),
(3754, '09:00:00', '2025-03-04', 7, '08:00:00', 77),
(3755, '10:00:00', '2025-03-04', 7, '09:00:00', 77),
(3756, '11:00:00', '2025-03-04', 7, '10:00:00', 77),
(3757, '12:00:00', '2025-03-04', 7, '11:00:00', 77),
(3758, '13:00:00', '2025-03-04', 7, '12:00:00', 77),
(3759, '14:00:00', '2025-03-04', 7, '13:00:00', 77),
(3760, '15:00:00', '2025-03-04', 7, '14:00:00', 77),
(3761, '16:00:00', '2025-03-04', 7, '15:00:00', 77),
(3762, '17:00:00', '2025-03-04', 7, '16:00:00', 77),
(3763, '18:00:00', '2025-03-04', 7, '17:00:00', 77),
(3764, '09:00:00', '2025-03-05', 7, '08:00:00', 77),
(3765, '10:00:00', '2025-03-05', 7, '09:00:00', 77),
(3766, '11:00:00', '2025-03-05', 7, '10:00:00', 77),
(3767, '12:00:00', '2025-03-05', 7, '11:00:00', 77),
(3768, '13:00:00', '2025-03-05', 7, '12:00:00', 77),
(3769, '14:00:00', '2025-03-05', 7, '13:00:00', 77),
(3770, '15:00:00', '2025-03-05', 7, '14:00:00', 77),
(3771, '16:00:00', '2025-03-05', 7, '15:00:00', 77),
(3772, '17:00:00', '2025-03-05', 7, '16:00:00', 77),
(3773, '18:00:00', '2025-03-05', 7, '17:00:00', 77),
(3774, '09:00:00', '2025-03-06', 7, '08:00:00', 77),
(3775, '10:00:00', '2025-03-06', 7, '09:00:00', 77),
(3776, '11:00:00', '2025-03-06', 7, '10:00:00', 77),
(3777, '12:00:00', '2025-03-06', 7, '11:00:00', 77),
(3778, '13:00:00', '2025-03-06', 7, '12:00:00', 77),
(3779, '14:00:00', '2025-03-06', 7, '13:00:00', 77),
(3780, '15:00:00', '2025-03-06', 7, '14:00:00', 77),
(3781, '16:00:00', '2025-03-06', 7, '15:00:00', 77),
(3782, '17:00:00', '2025-03-06', 7, '16:00:00', 77),
(3783, '18:00:00', '2025-03-06', 7, '17:00:00', 77),
(3784, '09:00:00', '2025-03-07', 7, '08:00:00', 77),
(3785, '10:00:00', '2025-03-07', 7, '09:00:00', 77),
(3786, '11:00:00', '2025-03-07', 7, '10:00:00', 77),
(3787, '12:00:00', '2025-03-07', 7, '11:00:00', 77),
(3788, '13:00:00', '2025-03-07', 7, '12:00:00', 77),
(3789, '14:00:00', '2025-03-07', 7, '13:00:00', 77),
(3790, '15:00:00', '2025-03-07', 7, '14:00:00', 77),
(3791, '16:00:00', '2025-03-07', 7, '15:00:00', 77),
(3792, '17:00:00', '2025-03-07', 7, '16:00:00', 77),
(3793, '18:00:00', '2025-03-07', 7, '17:00:00', 77),
(3794, '09:00:00', '2025-03-08', 7, '08:00:00', 77),
(3795, '10:00:00', '2025-03-08', 7, '09:00:00', 77),
(3796, '11:00:00', '2025-03-08', 7, '10:00:00', 77),
(3797, '12:00:00', '2025-03-08', 7, '11:00:00', 77),
(3798, '13:00:00', '2025-03-08', 7, '12:00:00', 77),
(3799, '14:00:00', '2025-03-08', 7, '13:00:00', 77),
(3800, '15:00:00', '2025-03-08', 7, '14:00:00', 77),
(3801, '16:00:00', '2025-03-08', 7, '15:00:00', 77),
(3802, '17:00:00', '2025-03-08', 7, '16:00:00', 77),
(3803, '18:00:00', '2025-03-08', 7, '17:00:00', 77),
(3804, '09:00:00', '2025-03-09', 7, '08:00:00', 77),
(3805, '10:00:00', '2025-03-09', 7, '09:00:00', 77),
(3806, '11:00:00', '2025-03-09', 7, '10:00:00', 77),
(3807, '12:00:00', '2025-03-09', 7, '11:00:00', 77),
(3808, '13:00:00', '2025-03-09', 7, '12:00:00', 77),
(3809, '14:00:00', '2025-03-09', 7, '13:00:00', 77),
(3810, '15:00:00', '2025-03-09', 7, '14:00:00', 77),
(3811, '16:00:00', '2025-03-09', 7, '15:00:00', 77),
(3812, '17:00:00', '2025-03-09', 7, '16:00:00', 77),
(3813, '18:00:00', '2025-03-09', 7, '17:00:00', 77),
(3814, '09:00:00', '2025-03-10', 7, '08:00:00', 77),
(3815, '10:00:00', '2025-03-10', 7, '09:00:00', 77),
(3816, '11:00:00', '2025-03-10', 7, '10:00:00', 77),
(3817, '12:00:00', '2025-03-10', 7, '11:00:00', 77),
(3818, '13:00:00', '2025-03-10', 7, '12:00:00', 77),
(3819, '14:00:00', '2025-03-10', 7, '13:00:00', 77),
(3820, '15:00:00', '2025-03-10', 7, '14:00:00', 77),
(3821, '16:00:00', '2025-03-10', 7, '15:00:00', 77),
(3822, '17:00:00', '2025-03-10', 7, '16:00:00', 77),
(3823, '18:00:00', '2025-03-10', 7, '17:00:00', 77),
(3824, '09:00:00', '2025-03-11', 7, '08:00:00', 77),
(3825, '10:00:00', '2025-03-11', 7, '09:00:00', 77),
(3826, '11:00:00', '2025-03-11', 7, '10:00:00', 77),
(3827, '12:00:00', '2025-03-11', 7, '11:00:00', 77),
(3828, '13:00:00', '2025-03-11', 7, '12:00:00', 77),
(3829, '14:00:00', '2025-03-11', 7, '13:00:00', 77),
(3830, '15:00:00', '2025-03-11', 7, '14:00:00', 77),
(3831, '16:00:00', '2025-03-11', 7, '15:00:00', 77),
(3832, '17:00:00', '2025-03-11', 7, '16:00:00', 77),
(3833, '18:00:00', '2025-03-11', 7, '17:00:00', 77);

-- --------------------------------------------------------

--
-- Table structure for table `vaccine_types`
--

CREATE TABLE `vaccine_types` (
  `type_id` bigint NOT NULL,
  `type_name` varchar(100) NOT NULL,
  `created_date` datetime DEFAULT CURRENT_TIMESTAMP,
  `is_primary` bit(1) DEFAULT NULL,
  `vaccine_type_type_id` bigint DEFAULT NULL,
  `description` varchar(255) DEFAULT NULL
) ENGINE=InnoDB DEFAULT CHARSET=utf8mb4 COLLATE=utf8mb4_0900_ai_ci;

--
-- Dumping data for table `vaccine_types`
--

INSERT INTO `vaccine_types` (`type_id`, `type_name`, `created_date`, `is_primary`, `vaccine_type_type_id`, `description`) VALUES
(1, 'Bạch hầu, ho gà, uốn ván', NULL, b'0', 5, NULL),
(4, 'vắc xin trẻ em', NULL, b'1', NULL, NULL),
(5, 'vắc xin người lớn', NULL, b'1', NULL, NULL),
(6, 'vắc xin phụ nữ trước mang thai', NULL, b'1', NULL, NULL),
(12, 'Ung thư cổ tử cung', NULL, b'0', 6, NULL),
(14, 'Tiêu chảy ', NULL, b'0', 4, NULL),
(26, 'Viêm gan B người lớn', NULL, b'0', 5, NULL),
(27, 'Viêm gan B trẻ em', NULL, b'0', 4, NULL),
(28, 'Viêm gan A', NULL, b'0', 5, NULL),
(29, 'Cúm', NULL, b'0', 6, NULL),
(30, 'Sởi – Quai bị – Rubella', NULL, b'0', 6, NULL),
(31, 'Dại', NULL, b'0', 34, NULL),
(32, 'Sốt xuất huyết', NULL, b'0', 34, NULL),
(33, 'Viêm não Nhật Bản', NULL, b'0', 4, NULL),
(34, 'vắc xin phổ biến', NULL, b'1', NULL, NULL),
(35, 'Lao', NULL, b'0', 5, NULL),
(36, 'Thuỷ đậu', NULL, b'0', 4, NULL),
(37, 'Zona thần kinh (giời leo)', NULL, b'0', 5, NULL),
(38, 'Tả', NULL, b'0', 4, NULL),
(39, 'Covid19', NULL, b'0', 34, NULL);

-- --------------------------------------------------------

--
-- Table structure for table `work_schedules`
--

CREATE TABLE `work_schedules` (
  `id` bigint NOT NULL,
  `doctor_id` bigint NOT NULL,
  `working_date` date NOT NULL,
  `working_time` time NOT NULL
) ENGINE=InnoDB DEFAULT CHARSET=utf8mb4 COLLATE=utf8mb4_0900_ai_ci;

--
-- Dumping data for table `work_schedules`
--

INSERT INTO `work_schedules` (`id`, `doctor_id`, `working_date`, `working_time`) VALUES
(1, 2, '2024-12-18', '23:15:00');

--
-- Indexes for dumped tables
--

--
-- Indexes for table `account`
--
ALTER TABLE `account`
  ADD PRIMARY KEY (`account_id`),
  ADD UNIQUE KEY `email` (`email`),
  ADD UNIQUE KEY `phone_number` (`phone_number`),
  ADD KEY `authority_id` (`authority_id`);

--
-- Indexes for table `age_groups`
--
ALTER TABLE `age_groups`
  ADD PRIMARY KEY (`age_group_id`);

--
-- Indexes for table `authority`
--
ALTER TABLE `authority`
  ADD PRIMARY KEY (`authority_id`);

--
-- Indexes for table `centers`
--
ALTER TABLE `centers`
  ADD PRIMARY KEY (`center_id`);

--
-- Indexes for table `chatting`
--
ALTER TABLE `chatting`
  ADD PRIMARY KEY (`id`),
  ADD KEY `FK5a0buj5ilrqnmip5f9haa2l8u` (`receiver`),
  ADD KEY `FKk9xq8rksng78v0hphidblb4tr` (`sender`);

--
-- Indexes for table `comments`
--
ALTER TABLE `comments`
  ADD PRIMARY KEY (`comment_id`),
  ADD KEY `account_id` (`account_id`),
  ADD KEY `vaccine_id` (`vaccine_id`),
  ADD KEY `news_id` (`news_id`),
  ADD KEY `parent_comment_id` (`parent_comment_id`);

--
-- Indexes for table `customer_profile`
--
ALTER TABLE `customer_profile`
  ADD PRIMARY KEY (`profile_id`),
  ADD UNIQUE KEY `phone` (`phone`),
  ADD KEY `customer_id` (`customer_id`);

--
-- Indexes for table `customer_schedule`
--
ALTER TABLE `customer_schedule`
  ADD PRIMARY KEY (`id`),
  ADD KEY `vaccine_schedule_id` (`vaccine_schedule_id`),
  ADD KEY `FK9s8hdufulsy5da6um3nvdmn9x` (`vaccine_schedule_time_id`),
  ADD KEY `FKt4ki7gcvtowephdugmpvtbtqm` (`account_id`);

--
-- Indexes for table `doctors`
--
ALTER TABLE `doctors`
  ADD PRIMARY KEY (`doctor_id`),
  ADD KEY `account_id` (`account_id`);

--
-- Indexes for table `feedback`
--
ALTER TABLE `feedback`
  ADD PRIMARY KEY (`id`),
  ADD KEY `customer_schedule_id` (`customer_schedule_id`),
  ADD KEY `doctor_id` (`doctor_id`),
  ADD KEY `nurse_id` (`nurse_id`);

--
-- Indexes for table `manufacturers`
--
ALTER TABLE `manufacturers`
  ADD PRIMARY KEY (`manufacturer_id`);

--
-- Indexes for table `news`
--
ALTER TABLE `news`
  ADD PRIMARY KEY (`news_id`),
  ADD KEY `author_id` (`author_id`),
  ADD KEY `topic_id` (`topic_id`);

--
-- Indexes for table `news_sources`
--
ALTER TABLE `news_sources`
  ADD PRIMARY KEY (`source_id`),
  ADD KEY `news_id` (`news_id`);

--
-- Indexes for table `nurses`
--
ALTER TABLE `nurses`
  ADD PRIMARY KEY (`nurse_id`),
  ADD KEY `account_id` (`account_id`);

--
-- Indexes for table `payment`
--
ALTER TABLE `payment`
  ADD PRIMARY KEY (`id`),
  ADD KEY `customer_schedule_id` (`customer_schedule_id`),
  ADD KEY `created_by` (`created_by`);

--
-- Indexes for table `payment_details`
--
ALTER TABLE `payment_details`
  ADD PRIMARY KEY (`payment_detail_id`),
  ADD KEY `payment_id` (`payment_id`),
  ADD KEY `method_id` (`method_id`);

--
-- Indexes for table `payment_methods`
--
ALTER TABLE `payment_methods`
  ADD PRIMARY KEY (`method_id`);

--
-- Indexes for table `topics`
--
ALTER TABLE `topics`
  ADD PRIMARY KEY (`topic_id`);

--
-- Indexes for table `vaccine`
--
ALTER TABLE `vaccine`
  ADD PRIMARY KEY (`id`),
  ADD KEY `type_id` (`type_id`),
  ADD KEY `manufacturer_id` (`manufacturer_id`),
  ADD KEY `age_group_id` (`age_group_id`);

--
-- Indexes for table `vaccine_distribution`
--
ALTER TABLE `vaccine_distribution`
  ADD PRIMARY KEY (`distribution_id`),
  ADD KEY `inventory_id` (`inventory_id`);

--
-- Indexes for table `vaccine_inventory`
--
ALTER TABLE `vaccine_inventory`
  ADD PRIMARY KEY (`inventory_id`),
  ADD KEY `vaccine_id` (`vaccine_id`),
  ADD KEY `center_id` (`center_id`);

--
-- Indexes for table `vaccine_schedule`
--
ALTER TABLE `vaccine_schedule`
  ADD PRIMARY KEY (`id`),
  ADD KEY `vaccine_id` (`vaccine_id`),
  ADD KEY `center_id` (`center_id`),
  ADD KEY `created_by` (`created_by`);

--
-- Indexes for table `vaccine_schedule_doctor`
--
ALTER TABLE `vaccine_schedule_doctor`
  ADD PRIMARY KEY (`id`),
  ADD KEY `FK19bwyih15mtgql6i7l822k7mu` (`doctor_doctor_id`),
  ADD KEY `FKgh34kyf04n6s72refd0cwo8af` (`vaccine_schedule_id`);

--
-- Indexes for table `vaccine_schedule_nurse`
--
ALTER TABLE `vaccine_schedule_nurse`
  ADD PRIMARY KEY (`id`),
  ADD KEY `FKne53wgix2mugikcgasfvh4bkp` (`nurse_nurse_id`),
  ADD KEY `FKmljekex2s20d6d2pmf15q8u45` (`vaccine_schedule_id`);

--
-- Indexes for table `vaccine_schedule_time`
--
ALTER TABLE `vaccine_schedule_time`
  ADD PRIMARY KEY (`id`),
  ADD KEY `FK8mqx80v1rjwsivvgn757983nc` (`vaccine_schedule_id`);

--
-- Indexes for table `vaccine_types`
--
ALTER TABLE `vaccine_types`
  ADD PRIMARY KEY (`type_id`),
  ADD KEY `FKajaw918n1bg10nlcem17k53vp` (`vaccine_type_type_id`);

--
-- Indexes for table `work_schedules`
--
ALTER TABLE `work_schedules`
  ADD PRIMARY KEY (`id`);

--
-- AUTO_INCREMENT for dumped tables
--

--
-- AUTO_INCREMENT for table `account`
--
ALTER TABLE `account`
  MODIFY `account_id` bigint NOT NULL AUTO_INCREMENT, AUTO_INCREMENT=38;

--
-- AUTO_INCREMENT for table `age_groups`
--
ALTER TABLE `age_groups`
  MODIFY `age_group_id` bigint NOT NULL AUTO_INCREMENT, AUTO_INCREMENT=13;

--
-- AUTO_INCREMENT for table `authority`
--
ALTER TABLE `authority`
  MODIFY `authority_id` bigint NOT NULL AUTO_INCREMENT, AUTO_INCREMENT=6;

--
-- AUTO_INCREMENT for table `centers`
--
ALTER TABLE `centers`
  MODIFY `center_id` bigint NOT NULL AUTO_INCREMENT, AUTO_INCREMENT=3;

--
-- AUTO_INCREMENT for table `chatting`
--
ALTER TABLE `chatting`
  MODIFY `id` bigint NOT NULL AUTO_INCREMENT, AUTO_INCREMENT=158;

--
-- AUTO_INCREMENT for table `comments`
--
ALTER TABLE `comments`
  MODIFY `comment_id` bigint NOT NULL AUTO_INCREMENT, AUTO_INCREMENT=3;

--
-- AUTO_INCREMENT for table `customer_profile`
--
ALTER TABLE `customer_profile`
  MODIFY `profile_id` bigint NOT NULL AUTO_INCREMENT, AUTO_INCREMENT=21;

--
-- AUTO_INCREMENT for table `customer_schedule`
--
ALTER TABLE `customer_schedule`
  MODIFY `id` bigint NOT NULL AUTO_INCREMENT, AUTO_INCREMENT=64;

--
-- AUTO_INCREMENT for table `doctors`
--
ALTER TABLE `doctors`
  MODIFY `doctor_id` bigint NOT NULL AUTO_INCREMENT, AUTO_INCREMENT=5;

--
-- AUTO_INCREMENT for table `feedback`
--
ALTER TABLE `feedback`
  MODIFY `id` bigint NOT NULL AUTO_INCREMENT, AUTO_INCREMENT=23;

--
-- AUTO_INCREMENT for table `manufacturers`
--
ALTER TABLE `manufacturers`
  MODIFY `manufacturer_id` bigint NOT NULL AUTO_INCREMENT, AUTO_INCREMENT=15;

--
-- AUTO_INCREMENT for table `news`
--
ALTER TABLE `news`
  MODIFY `news_id` bigint NOT NULL AUTO_INCREMENT, AUTO_INCREMENT=3;

--
-- AUTO_INCREMENT for table `news_sources`
--
ALTER TABLE `news_sources`
  MODIFY `source_id` bigint NOT NULL AUTO_INCREMENT, AUTO_INCREMENT=3;

--
-- AUTO_INCREMENT for table `nurses`
--
ALTER TABLE `nurses`
  MODIFY `nurse_id` bigint NOT NULL AUTO_INCREMENT, AUTO_INCREMENT=11;

--
-- AUTO_INCREMENT for table `payment`
--
ALTER TABLE `payment`
  MODIFY `id` bigint NOT NULL AUTO_INCREMENT, AUTO_INCREMENT=26;

--
-- AUTO_INCREMENT for table `payment_details`
--
ALTER TABLE `payment_details`
  MODIFY `payment_detail_id` bigint NOT NULL AUTO_INCREMENT, AUTO_INCREMENT=3;

--
-- AUTO_INCREMENT for table `payment_methods`
--
ALTER TABLE `payment_methods`
  MODIFY `method_id` bigint NOT NULL AUTO_INCREMENT, AUTO_INCREMENT=4;

--
-- AUTO_INCREMENT for table `topics`
--
ALTER TABLE `topics`
  MODIFY `topic_id` bigint NOT NULL AUTO_INCREMENT, AUTO_INCREMENT=4;

--
-- AUTO_INCREMENT for table `vaccine`
--
ALTER TABLE `vaccine`
  MODIFY `id` bigint NOT NULL AUTO_INCREMENT, AUTO_INCREMENT=94;

--
-- AUTO_INCREMENT for table `vaccine_distribution`
--
ALTER TABLE `vaccine_distribution`
  MODIFY `distribution_id` bigint NOT NULL AUTO_INCREMENT, AUTO_INCREMENT=3;

--
-- AUTO_INCREMENT for table `vaccine_inventory`
--
ALTER TABLE `vaccine_inventory`
  MODIFY `inventory_id` bigint NOT NULL AUTO_INCREMENT, AUTO_INCREMENT=4;

--
-- AUTO_INCREMENT for table `vaccine_schedule`
--
ALTER TABLE `vaccine_schedule`
  MODIFY `id` bigint NOT NULL AUTO_INCREMENT, AUTO_INCREMENT=78;

--
-- AUTO_INCREMENT for table `vaccine_schedule_doctor`
--
ALTER TABLE `vaccine_schedule_doctor`
  MODIFY `id` bigint NOT NULL AUTO_INCREMENT, AUTO_INCREMENT=613;

--
-- AUTO_INCREMENT for table `vaccine_schedule_nurse`
--
ALTER TABLE `vaccine_schedule_nurse`
  MODIFY `id` bigint NOT NULL AUTO_INCREMENT, AUTO_INCREMENT=646;

--
-- AUTO_INCREMENT for table `vaccine_schedule_time`
--
ALTER TABLE `vaccine_schedule_time`
  MODIFY `id` bigint NOT NULL AUTO_INCREMENT, AUTO_INCREMENT=3834;

--
-- AUTO_INCREMENT for table `vaccine_types`
--
ALTER TABLE `vaccine_types`
  MODIFY `type_id` bigint NOT NULL AUTO_INCREMENT, AUTO_INCREMENT=46;

--
-- AUTO_INCREMENT for table `work_schedules`
--
ALTER TABLE `work_schedules`
  MODIFY `id` bigint NOT NULL AUTO_INCREMENT, AUTO_INCREMENT=2;

--
-- Constraints for dumped tables
--

--
-- Constraints for table `account`
--
ALTER TABLE `account`
  ADD CONSTRAINT `account_ibfk_1` FOREIGN KEY (`authority_id`) REFERENCES `authority` (`authority_id`),
  ADD CONSTRAINT `FK1dj7alpv13u6cxxq56rdkmgc` FOREIGN KEY (`authority_id`) REFERENCES `authority` (`authority_id`);

--
-- Constraints for table `chatting`
--
ALTER TABLE `chatting`
  ADD CONSTRAINT `FK5a0buj5ilrqnmip5f9haa2l8u` FOREIGN KEY (`receiver`) REFERENCES `account` (`account_id`),
  ADD CONSTRAINT `FKk9xq8rksng78v0hphidblb4tr` FOREIGN KEY (`sender`) REFERENCES `account` (`account_id`);

--
-- Constraints for table `comments`
--
ALTER TABLE `comments`
  ADD CONSTRAINT `comments_ibfk_1` FOREIGN KEY (`account_id`) REFERENCES `account` (`account_id`),
  ADD CONSTRAINT `comments_ibfk_2` FOREIGN KEY (`vaccine_id`) REFERENCES `vaccine` (`id`),
  ADD CONSTRAINT `comments_ibfk_3` FOREIGN KEY (`news_id`) REFERENCES `news` (`news_id`),
  ADD CONSTRAINT `comments_ibfk_4` FOREIGN KEY (`parent_comment_id`) REFERENCES `comments` (`comment_id`) ON DELETE CASCADE,
  ADD CONSTRAINT `FK3l48fkm6e4mqg3ql58ubykobh` FOREIGN KEY (`account_id`) REFERENCES `account` (`account_id`),
  ADD CONSTRAINT `FK7h839m3lkvhbyv3bcdv7sm4fj` FOREIGN KEY (`parent_comment_id`) REFERENCES `comments` (`comment_id`),
  ADD CONSTRAINT `FKlx956pfx5lv2cbne3v8hlyoeb` FOREIGN KEY (`vaccine_id`) REFERENCES `vaccine` (`id`),
  ADD CONSTRAINT `FKqx89vg0vuof2ninmn5x5eqau2` FOREIGN KEY (`news_id`) REFERENCES `news` (`news_id`);

--
-- Constraints for table `customer_profile`
--
ALTER TABLE `customer_profile`
  ADD CONSTRAINT `customer_profile_ibfk_1` FOREIGN KEY (`customer_id`) REFERENCES `account` (`account_id`),
  ADD CONSTRAINT `FKot7kr3m7n0h2c4vh8ljyfc7bn` FOREIGN KEY (`customer_id`) REFERENCES `account` (`account_id`);

--
-- Constraints for table `customer_schedule`
--
ALTER TABLE `customer_schedule`
  ADD CONSTRAINT `customer_schedule_ibfk_2` FOREIGN KEY (`vaccine_schedule_id`) REFERENCES `vaccine_schedule` (`id`),
  ADD CONSTRAINT `FK9s8hdufulsy5da6um3nvdmn9x` FOREIGN KEY (`vaccine_schedule_time_id`) REFERENCES `vaccine_schedule_time` (`id`),
  ADD CONSTRAINT `FKt4ki7gcvtowephdugmpvtbtqm` FOREIGN KEY (`account_id`) REFERENCES `account` (`account_id`);

--
-- Constraints for table `doctors`
--
ALTER TABLE `doctors`
  ADD CONSTRAINT `doctors_ibfk_1` FOREIGN KEY (`account_id`) REFERENCES `account` (`account_id`),
  ADD CONSTRAINT `FKl5ug0wskmcx1g2urt9kndt6a3` FOREIGN KEY (`account_id`) REFERENCES `account` (`account_id`);

--
-- Constraints for table `feedback`
--
ALTER TABLE `feedback`
  ADD CONSTRAINT `feedback_ibfk_1` FOREIGN KEY (`customer_schedule_id`) REFERENCES `customer_schedule` (`id`),
  ADD CONSTRAINT `feedback_ibfk_2` FOREIGN KEY (`doctor_id`) REFERENCES `doctors` (`doctor_id`),
  ADD CONSTRAINT `feedback_ibfk_3` FOREIGN KEY (`nurse_id`) REFERENCES `nurses` (`nurse_id`),
  ADD CONSTRAINT `FK8p1ttdpvfae0aur7xaio0wkvm` FOREIGN KEY (`customer_schedule_id`) REFERENCES `customer_schedule` (`id`),
  ADD CONSTRAINT `FKcif6m65vh0axg96ps39awh8qn` FOREIGN KEY (`nurse_id`) REFERENCES `nurses` (`nurse_id`),
  ADD CONSTRAINT `FKkrlnib2ygk75b4a1d8m8s66pr` FOREIGN KEY (`doctor_id`) REFERENCES `doctors` (`doctor_id`);

--
-- Constraints for table `news`
--
ALTER TABLE `news`
  ADD CONSTRAINT `FKjts1u7qhfki6ma2pxu13thvjg` FOREIGN KEY (`author_id`) REFERENCES `account` (`account_id`),
  ADD CONSTRAINT `FKs6j9kxr2mctjb3r6bmfmpf476` FOREIGN KEY (`topic_id`) REFERENCES `topics` (`topic_id`),
  ADD CONSTRAINT `news_ibfk_1` FOREIGN KEY (`author_id`) REFERENCES `account` (`account_id`),
  ADD CONSTRAINT `news_ibfk_2` FOREIGN KEY (`topic_id`) REFERENCES `topics` (`topic_id`);

--
-- Constraints for table `news_sources`
--
ALTER TABLE `news_sources`
  ADD CONSTRAINT `FKkfi46gu6t8fxxqo3w0peb0tlo` FOREIGN KEY (`news_id`) REFERENCES `news` (`news_id`),
  ADD CONSTRAINT `news_sources_ibfk_1` FOREIGN KEY (`news_id`) REFERENCES `news` (`news_id`);

--
-- Constraints for table `nurses`
--
ALTER TABLE `nurses`
  ADD CONSTRAINT `FKa1ft4wyu2lsdk7ncgebqt2cig` FOREIGN KEY (`account_id`) REFERENCES `account` (`account_id`),
  ADD CONSTRAINT `nurses_ibfk_1` FOREIGN KEY (`account_id`) REFERENCES `account` (`account_id`);

--
-- Constraints for table `payment`
--
ALTER TABLE `payment`
  ADD CONSTRAINT `FK2k7w5w8556gjocx53r3da2g5s` FOREIGN KEY (`customer_schedule_id`) REFERENCES `customer_schedule` (`id`),
  ADD CONSTRAINT `FKto0me9bh30dajnu21b3npxo89` FOREIGN KEY (`created_by`) REFERENCES `account` (`account_id`),
  ADD CONSTRAINT `payment_ibfk_1` FOREIGN KEY (`customer_schedule_id`) REFERENCES `customer_schedule` (`id`),
  ADD CONSTRAINT `payment_ibfk_2` FOREIGN KEY (`created_by`) REFERENCES `account` (`account_id`);

--
-- Constraints for table `payment_details`
--
ALTER TABLE `payment_details`
  ADD CONSTRAINT `FKfgfv48ydd9rybgntm9oko2uva` FOREIGN KEY (`payment_id`) REFERENCES `payment` (`id`),
  ADD CONSTRAINT `FKfjop2ui1233jftsn2httow3j7` FOREIGN KEY (`method_id`) REFERENCES `payment_methods` (`method_id`),
  ADD CONSTRAINT `payment_details_ibfk_1` FOREIGN KEY (`payment_id`) REFERENCES `payment` (`id`),
  ADD CONSTRAINT `payment_details_ibfk_2` FOREIGN KEY (`method_id`) REFERENCES `payment_methods` (`method_id`);

--
-- Constraints for table `vaccine`
--
ALTER TABLE `vaccine`
  ADD CONSTRAINT `FK25je006shmsb5out79xw33o05` FOREIGN KEY (`manufacturer_id`) REFERENCES `manufacturers` (`manufacturer_id`),
  ADD CONSTRAINT `FK28aip7gx4fvo3nhpk9qs22twa` FOREIGN KEY (`age_group_id`) REFERENCES `age_groups` (`age_group_id`),
  ADD CONSTRAINT `FKh01itcf7noenw8wxdv2h9ffy0` FOREIGN KEY (`type_id`) REFERENCES `vaccine_types` (`type_id`),
  ADD CONSTRAINT `vaccine_ibfk_1` FOREIGN KEY (`type_id`) REFERENCES `vaccine_types` (`type_id`),
  ADD CONSTRAINT `vaccine_ibfk_2` FOREIGN KEY (`manufacturer_id`) REFERENCES `manufacturers` (`manufacturer_id`),
  ADD CONSTRAINT `vaccine_ibfk_3` FOREIGN KEY (`age_group_id`) REFERENCES `age_groups` (`age_group_id`);

--
-- Constraints for table `vaccine_distribution`
--
ALTER TABLE `vaccine_distribution`
  ADD CONSTRAINT `FKp4xt1ppth446urpk6se43samt` FOREIGN KEY (`inventory_id`) REFERENCES `vaccine_inventory` (`inventory_id`),
  ADD CONSTRAINT `vaccine_distribution_ibfk_1` FOREIGN KEY (`inventory_id`) REFERENCES `vaccine_inventory` (`inventory_id`);

--
-- Constraints for table `vaccine_inventory`
--
ALTER TABLE `vaccine_inventory`
  ADD CONSTRAINT `FKiq678km3woiv5kha3fajhao2i` FOREIGN KEY (`vaccine_id`) REFERENCES `vaccine` (`id`),
  ADD CONSTRAINT `FKry4kqtqjevlvadirmh5amwogp` FOREIGN KEY (`center_id`) REFERENCES `centers` (`center_id`),
  ADD CONSTRAINT `vaccine_inventory_ibfk_1` FOREIGN KEY (`vaccine_id`) REFERENCES `vaccine` (`id`),
  ADD CONSTRAINT `vaccine_inventory_ibfk_2` FOREIGN KEY (`center_id`) REFERENCES `centers` (`center_id`);

--
-- Constraints for table `vaccine_schedule`
--
ALTER TABLE `vaccine_schedule`
  ADD CONSTRAINT `FK3wpv4r01ooj0xcipui7x3lkqm` FOREIGN KEY (`created_by`) REFERENCES `account` (`account_id`),
  ADD CONSTRAINT `FK4pcvlmsek7e10wf7aud5cxu1u` FOREIGN KEY (`vaccine_id`) REFERENCES `vaccine` (`id`),
  ADD CONSTRAINT `FKnddktkr8ydphjgaqlc17c1hdo` FOREIGN KEY (`center_id`) REFERENCES `centers` (`center_id`),
  ADD CONSTRAINT `vaccine_schedule_ibfk_1` FOREIGN KEY (`vaccine_id`) REFERENCES `vaccine` (`id`),
  ADD CONSTRAINT `vaccine_schedule_ibfk_2` FOREIGN KEY (`center_id`) REFERENCES `centers` (`center_id`),
  ADD CONSTRAINT `vaccine_schedule_ibfk_3` FOREIGN KEY (`created_by`) REFERENCES `account` (`account_id`);

--
-- Constraints for table `vaccine_schedule_doctor`
--
ALTER TABLE `vaccine_schedule_doctor`
  ADD CONSTRAINT `FK19bwyih15mtgql6i7l822k7mu` FOREIGN KEY (`doctor_doctor_id`) REFERENCES `doctors` (`doctor_id`),
  ADD CONSTRAINT `FKgh34kyf04n6s72refd0cwo8af` FOREIGN KEY (`vaccine_schedule_id`) REFERENCES `vaccine_schedule` (`id`);

--
-- Constraints for table `vaccine_schedule_nurse`
--
ALTER TABLE `vaccine_schedule_nurse`
  ADD CONSTRAINT `FKmljekex2s20d6d2pmf15q8u45` FOREIGN KEY (`vaccine_schedule_id`) REFERENCES `vaccine_schedule` (`id`),
  ADD CONSTRAINT `FKne53wgix2mugikcgasfvh4bkp` FOREIGN KEY (`nurse_nurse_id`) REFERENCES `nurses` (`nurse_id`);

--
-- Constraints for table `vaccine_schedule_time`
--
ALTER TABLE `vaccine_schedule_time`
  ADD CONSTRAINT `FK8mqx80v1rjwsivvgn757983nc` FOREIGN KEY (`vaccine_schedule_id`) REFERENCES `vaccine_schedule` (`id`);

--
-- Constraints for table `vaccine_types`
--
ALTER TABLE `vaccine_types`
  ADD CONSTRAINT `FKajaw918n1bg10nlcem17k53vp` FOREIGN KEY (`vaccine_type_type_id`) REFERENCES `vaccine_types` (`type_id`);
COMMIT;

/*!40101 SET CHARACTER_SET_CLIENT=@OLD_CHARACTER_SET_CLIENT */;
/*!40101 SET CHARACTER_SET_RESULTS=@OLD_CHARACTER_SET_RESULTS */;
/*!40101 SET COLLATION_CONNECTION=@OLD_COLLATION_CONNECTION */;
